----------------------------------------------------------------------------------------------------------------------------------------------------------------------
      name:  <unnamed>
       log:  /Users/sigridren/Desktop/Purdue/Summer 2026 - MCAP/HRS data/HRS_SI_RAND-cleaning.log
  log type:  text
 opened on:   1 Jul 2026, 01:14:32

. 
. version         19.0

. clear           all

. set more        off

. 
. local pgm "HRS_SI_RAND-cleaning"

. local prj "MCAP SI - HRS"

. local dte "2026-06-24"

. local who "sigrid ren & trent mize"

. local tag "`pgm' `who' `dte'"

. 
. 
. use "- Raw Data/randhrs1992_2022v1.dta", clear

. 
. ********************************************************************************
. // 1. Demographic Information 
. ********************************************************************************
. codebook hhid pn hhidpn rahhidpn

----------------------------------------------------------------------------------------------------------------------------------------------------------------------
hhid                                                                                                                                           hhid: hhold id / 6-char
----------------------------------------------------------------------------------------------------------------------------------------------------------------------

                  Type: String (str6)

         Unique values: 28,741                    Missing "": 0/45,234

              Examples: "056550"
                        "201602"
                        "213206"
                        "541625"

----------------------------------------------------------------------------------------------------------------------------------------------------------------------
pn                                                                                                                                                person number (char)
----------------------------------------------------------------------------------------------------------------------------------------------------------------------

                  Type: String (str3)

         Unique values: 16                        Missing "": 0/45,234

              Examples: "010"
                        "010"
                        "011"
                        "020"

----------------------------------------------------------------------------------------------------------------------------------------------------------------------
hhidpn                                                                                                                           hhidpn: hhold id + person number /num
----------------------------------------------------------------------------------------------------------------------------------------------------------------------

                  Type: Numeric (long)

                 Range: [1010,9.597e+08]              Units: 1
         Unique values: 45,234                    Missing .: 0/45,234

                  Mean: 3.1e+08
             Std. dev.: 2.5e+08

           Percentiles:     10%       25%       50%       75%       90%
                        3.6e+07   7.7e+07   2.1e+08   5.3e+08   5.5e+08

----------------------------------------------------------------------------------------------------------------------------------------------------------------------
rahhidpn                                                                                                                       rahhidpn: hhold id + person num /9-char
----------------------------------------------------------------------------------------------------------------------------------------------------------------------

                  Type: String (str9)

         Unique values: 45,234                    Missing "": 0/45,234

              Examples: "056550010"
                        "201602010"
                        "213206020"
                        "541625010"

. 
. egen hhid_cluster = group(hhid), label

. label var hhid_cluster "Numeric household cluster ID"

. 
. * Age - measured in years at beginning of interview month
. local years 1992 1994 1996 1998 2000 2002 2004 2006 2008 2010 2012 2014 2016 2018 2020 2022

. forvalues i = 1/16 {
  2.         local year: word `i' of `years'
  3.                 gen age`year' = r`i'agey_b
  4.                 label var age`year' "Age at beginning of interview month, `year'"
  5. }
(32,583 missing values generated)
(25,593 missing values generated)
(27,243 missing values generated)
(23,850 missing values generated)
(25,656 missing values generated)
(27,069 missing values generated)
(25,105 missing values generated)
(26,765 missing values generated)
(28,017 missing values generated)
(23,200 missing values generated)
(24,680 missing values generated)
(26,487 missing values generated)
(24,322 missing values generated)
(28,088 missing values generated)
(29,511 missing values generated)
(29,378 missing values generated)

. 
. * Cohort (time-invariant)
. gen cohort = racohbyr - 1
(1 missing value generated)

. replace cohort = . if racohbyr==0 | racohbyr==.m   // 0 = born >1971 / not sampled cohort
(603 real changes made, 603 to missing)

. label define cohort 0 "AHEAD" 1 "CODA" 2 "HRS" 3 "War baby" 4 "EBB" 5 "MBB" 6 "LBB" 7 "EGenX"

. label values cohort cohort

. label var cohort "Birth-year cohort"

. tab cohort racohbyr, m

Birth-year |                                      racohbyr: cohort based on birth yr
    cohort | 0.not in     1.ahead     2.coda      3.hrs  4.warbabi  5.early b  6.mid bab  7.late ba  8.early g  .m=missin |     Total
-----------+--------------------------------------------------------------------------------------------------------------+----------
     AHEAD |         0      7,760          0          0          0          0          0          0          0          0 |     7,760 
      CODA |         0          0      4,250          0          0          0          0          0          0          0 |     4,250 
       HRS |         0          0          0     10,582          0          0          0          0          0          0 |    10,582 
  War baby |         0          0          0          0      3,843          0          0          0          0          0 |     3,843 
       EBB |         0          0          0          0          0      5,137          0          0          0          0 |     5,137 
       MBB |         0          0          0          0          0          0      5,612          0          0          0 |     5,612 
       LBB |         0          0          0          0          0          0          0      5,246          0          0 |     5,246 
     EGenX |         0          0          0          0          0          0          0          0      2,200          0 |     2,200 
         . |       603          0          0          0          0          0          0          0          0          1 |       604 
-----------+--------------------------------------------------------------------------------------------------------------+----------
     Total |       603      7,760      4,250     10,582      3,843      5,137      5,612      5,246      2,200          1 |    45,234 

. 
. * Survey Design Pieces
. gen sampleweight = rawtsamp 
(32,582 missing values generated)

. label var sampleweight "Sampling weight"

. 
. gen strstratum = raestrat 

. label var strstratum "std error stratum"

. 
. gen hsstratum = raehsamp

. label var hsstratum "stratum half-sample code"

. 
. * Analysis Weights (per wave)
. local years 1992 1994 1996 1998 2000 2002 2004 2006 2008 2010 2012 2014 2016 2018 2020 2022

. * Note: W16(2022) weights are missing (.m) for the EGENX cohort by design.
. forvalues i = 1/16 {
  2.     local year : word `i' of `years'
  3.     gen wthh`year'   = r`i'wthh
  4.     label var wthh`year'   "Household analysis weight, `year'"
  5.     gen wtresp`year' = r`i'wtresp
  6.     label var wtresp`year' "Person-level analysis weight, `year'"
  7. }
(32,582 missing values generated)
(32,582 missing values generated)
(25,592 missing values generated)
(25,592 missing values generated)
(27,243 missing values generated)
(27,243 missing values generated)
(23,850 missing values generated)
(23,850 missing values generated)
(25,656 missing values generated)
(25,656 missing values generated)
(27,069 missing values generated)
(27,069 missing values generated)
(25,105 missing values generated)
(25,105 missing values generated)
(26,765 missing values generated)
(26,765 missing values generated)
(28,017 missing values generated)
(28,017 missing values generated)
(23,200 missing values generated)
(23,200 missing values generated)
(24,680 missing values generated)
(24,680 missing values generated)
(26,487 missing values generated)
(26,487 missing values generated)
(24,322 missing values generated)
(24,322 missing values generated)
(28,088 missing values generated)
(28,088 missing values generated)
(29,511 missing values generated)
(29,511 missing values generated)
(32,106 missing values generated)
(32,106 missing values generated)

. 
. * Leave-Behind Questionnaire Weights (W8-W16)
. local years 1992 1994 1996 1998 2000 2002 2004 2006 2008 2010 2012 2014 2016 2018 2020 2022

. forvalues i = 8/16 {
  2.     local year : word `i' of `years'
  3.     gen lbwgtr`year'  = r`i'lbwgtr
  4.     label var lbwgtr`year'  "R LB psychosocial weight, `year'"
  5.     gen slbwgtr`year' = s`i'lbwgtr
  6.     label var slbwgtr`year' "Spouse LB psychosocial weight, `year'"
  7.     gen lbelig`year'  = r`i'lbelig
  8.     label var lbelig`year'  "R eligible for LB psychosocial, `year'"
  9.     gen lbcomp`year'  = r`i'lbcomp
 10.     label var lbcomp`year'  "R completed LB psychosocial, `year'"
 11.     gen slbelig`year' = s`i'lbelig
 12.     label var slbelig`year' "Spouse eligible for LB psychosocial, `year'"
 13.     gen slbcomp`year' = s`i'lbcomp
 14.     label var slbcomp`year' "Spouse completed LB psychosocial, `year'"
 15. }
(35,663 missing values generated)
(39,030 missing values generated)
(26,765 missing values generated)
(36,529 missing values generated)
(33,499 missing values generated)
(39,516 missing values generated)
(36,939 missing values generated)
(40,196 missing values generated)
(28,017 missing values generated)
(36,927 missing values generated)
(34,588 missing values generated)
(40,189 missing values generated)
(34,021 missing values generated)
(38,303 missing values generated)
(23,202 missing values generated)
(33,999 missing values generated)
(31,721 missing values generated)
(38,294 missing values generated)
(35,155 missing values generated)
(39,189 missing values generated)
(24,680 missing values generated)
(35,154 missing values generated)
(32,750 missing values generated)
(39,189 missing values generated)
(35,685 missing values generated)
(39,556 missing values generated)
(26,487 missing values generated)
(35,680 missing values generated)
(34,222 missing values generated)
(39,555 missing values generated)
(35,659 missing values generated)
(39,965 missing values generated)
(24,322 missing values generated)
(34,982 missing values generated)
(33,455 missing values generated)
(39,496 missing values generated)
(36,939 missing values generated)
(40,728 missing values generated)
(28,088 missing values generated)
(36,427 missing values generated)
(35,876 missing values generated)
(40,362 missing values generated)
(38,241 missing values generated)
(41,647 missing values generated)
(29,511 missing values generated)
(37,790 missing values generated)
(36,757 missing values generated)
(41,333 missing values generated)
(38,816 missing values generated)
(41,939 missing values generated)
(29,378 missing values generated)
(36,450 missing values generated)
(37,367 missing values generated)
(40,801 missing values generated)

. 
. * Gender
. gen woman = .
(45,234 missing values generated)

. replace woman = 0 if ragender==1
(19,871 real changes made)

. replace woman = 1 if ragender==2
(25,363 real changes made)

. label define woman 0 "man" 1 "woman"

. label values woman woman

. label var woman "Gender (1=woman)"

. tab woman ragender, m

    Gender |  ragender: r gender
 (1=woman) |    1.male   2.female |     Total
-----------+----------------------+----------
       man |    19,871          0 |    19,871 
     woman |         0     25,363 |    25,363 
-----------+----------------------+----------
     Total |    19,871     25,363 |    45,234 

. 
. * Race and ethnicity, 1. Categorical - 4 categories & 2. Binary
. * Hispanic ethnicity
. gen hispanic = .
(45,234 missing values generated)

. replace hispanic = 0 if rahispan==0
(38,690 real changes made)

. replace hispanic = 1 if rahispan==1
(5,977 real changes made)

. label define hispanic 0 "not hispanic" 1 "hispanic"

. label values hispanic hispanic

. label var hispanic "Hispanic"

. tab hispanic rahispan, m

             |       rahispan: r hispanic
    Hispanic | 0.not his  1.hispani  .m=missin |     Total
-------------+---------------------------------+----------
not hispanic |    38,690          0          0 |    38,690 
    hispanic |         0      5,977          0 |     5,977 
           . |         0          0        567 |       567 
-------------+---------------------------------+----------
       Total |    38,690      5,977        567 |    45,234 

. 
. gen race4cat = .
(45,234 missing values generated)

. replace race4cat = 0 if raracem==1 & hispanic==0          // Non-His White
(28,210 real changes made)

. replace race4cat = 1 if raracem==2 & hispanic==0          // Non-His Black
(8,803 real changes made)

. replace race4cat = 2 if hispanic==1                       // Hispanic (any race)
(5,977 real changes made)

. replace race4cat = 3 if raracem==3 & hispanic==0          // Non-His Other
(1,660 real changes made)

. label define race4cat 0 "Non-Hispanic White" 1 "Non-Hispanic Black" 2 "Hispanic" 3 "Other"

. label values race4cat race4cat

. label var race4cat "Race/ethnicity, 4 categories"

. tab race4cat, m

 Race/ethnicity, 4 |
        categories |      Freq.     Percent        Cum.
-------------------+-----------------------------------
Non-Hispanic White |     28,210       62.36       62.36
Non-Hispanic Black |      8,803       19.46       81.83
          Hispanic |      5,977       13.21       95.04
             Other |      1,660        3.67       98.71
                 . |        584        1.29      100.00
-------------------+-----------------------------------
             Total |     45,234      100.00

. 
. * Binary: White vs. non-whites
. gen race2 = .
(45,234 missing values generated)

. replace race2 = 0 if race4cat==0
(28,210 real changes made)

. replace race2 = 1 if inlist(race4cat,1,2,3)
(16,440 real changes made)

. label define race2 0 "White" 1 "racial minority"

. label values race2 race2

. label var race2 "White vs. racial minority"

. tab race2 race4cat, m

      White vs. |              Race/ethnicity, 4 categories
racial minority | Non-Hispa  Non-Hispa   Hispanic      Other          . |     Total
----------------+-------------------------------------------------------+----------
          White |    28,210          0          0          0          0 |    28,210 
racial minority |         0      8,803      5,977      1,660          0 |    16,440 
              . |         0          0          0          0        584 |       584 
----------------+-------------------------------------------------------+----------
          Total |    28,210      8,803      5,977      1,660        584 |    45,234 

. 
. * Marital Status - 1. Nominal (4 cate) & 2. Binary (married vs not married)
. local years 1992 1994 1996 1998 2000 2002 2004 2006 2008 2010 2012 2014 2016 2018 2020 2022

. * r`i'mstat codes: 1 married;2 married,spouse absent;3 partnered;4 separated; 5 divorced;6 separated/divorced;7 widowed;8 never married.
. forvalues i = 1/16 {
  2.     local year : word `i' of `years'
  3. 
.     gen marstat`year' = .
  4.     replace marstat`year' = 0 if inlist(r`i'mstat,1,2,3)     // married/partnered
  5.     replace marstat`year' = 1 if inlist(r`i'mstat,4,5,6)     // sep/divorced
  6.     replace marstat`year' = 2 if r`i'mstat==7                // widowed
  7.     replace marstat`year' = 3 if r`i'mstat==8                // never married
  8.     replace marstat`year' = r`i'mstat if mi(r`i'mstat) & r`i'mstat!=.
  9.     label define marstat`year' 0 "married/partnered" 1 "separated/divorced" 2 "widowed" 3 "never married"
 10.     label values marstat`year' marstat`year'
 11.     label var marstat`year' "Marital status (4 cat), `year'"
 12. 
.     gen marstatB`year' = .
 13.     replace marstatB`year' = 0 if inlist(marstat`year',1,2,3)
 14.     replace marstatB`year' = 1 if marstat`year'==0
 15.     replace marstatB`year' = marstat`year' if mi(marstat`year') & marstat`year'!=.
 16.     label define marstatB`year' 0 "not currently married" 1 "currently married"
 17.     label values marstatB`year' marstatB`year'
 18.     label var marstatB`year' "Currently married (binary), `year'"
 19. }
(45,234 missing values generated)
(10,279 real changes made)
(1,390 real changes made)
(621 real changes made)
(362 real changes made)
(0 real changes made)
(45,234 missing values generated)
(2,373 real changes made)
(10,279 real changes made)
(0 real changes made)
(45,234 missing values generated)
(13,624 real changes made)
(1,685 real changes made)
(3,764 real changes made)
(569 real changes made)
(0 real changes made)
(45,234 missing values generated)
(6,018 real changes made)
(13,624 real changes made)
(0 real changes made)
(45,234 missing values generated)
(12,327 real changes made)
(1,537 real changes made)
(3,590 real changes made)
(474 real changes made)
(63 real changes made, 63 to missing)
(45,234 missing values generated)
(5,601 real changes made)
(12,327 real changes made)
(63 real changes made, 63 to missing)
(45,234 missing values generated)
(14,515 real changes made)
(2,042 real changes made)
(4,199 real changes made)
(604 real changes made)
(24 real changes made, 24 to missing)
(45,234 missing values generated)
(6,845 real changes made)
(14,515 real changes made)
(24 real changes made, 24 to missing)
(45,234 missing values generated)
(13,041 real changes made)
(1,880 real changes made)
(4,094 real changes made)
(543 real changes made)
(20 real changes made, 20 to missing)
(45,234 missing values generated)
(6,517 real changes made)
(13,041 real changes made)
(20 real changes made, 20 to missing)
(45,234 missing values generated)
(11,859 real changes made)
(1,783 real changes made)
(4,030 real changes made)
(478 real changes made)
(15 real changes made, 15 to missing)
(45,234 missing values generated)
(6,291 real changes made)
(11,859 real changes made)
(15 real changes made, 15 to missing)
(45,234 missing values generated)
(13,352 real changes made)
(2,182 real changes made)
(3,949 real changes made)
(631 real changes made)
(15 real changes made, 15 to missing)
(45,234 missing values generated)
(6,762 real changes made)
(13,352 real changes made)
(15 real changes made, 15 to missing)
(45,234 missing values generated)
(12,052 real changes made)
(2,026 real changes made)
(3,843 real changes made)
(546 real changes made)
(2 real changes made, 2 to missing)
(45,234 missing values generated)
(6,415 real changes made)
(12,052 real changes made)
(2 real changes made, 2 to missing)
(45,234 missing values generated)
(11,011 real changes made)
(1,965 real changes made)
(3,726 real changes made)
(513 real changes made)
(2 real changes made, 2 to missing)
(45,234 missing values generated)
(6,204 real changes made)
(11,011 real changes made)
(2 real changes made, 2 to missing)
(45,234 missing values generated)
(14,235 real changes made)
(2,982 real changes made)
(3,733 real changes made)
(1,078 real changes made)
(6 real changes made, 6 to missing)
(45,234 missing values generated)
(7,793 real changes made)
(14,235 real changes made)
(6 real changes made, 6 to missing)
(45,234 missing values generated)
(13,079 real changes made)
(2,807 real changes made)
(3,645 real changes made)
(1,007 real changes made)
(16 real changes made, 16 to missing)
(45,234 missing values generated)
(7,459 real changes made)
(13,079 real changes made)
(16 real changes made, 16 to missing)
(45,234 missing values generated)
(11,622 real changes made)
(2,620 real changes made)
(3,573 real changes made)
(913 real changes made)
(19 real changes made, 19 to missing)
(45,234 missing values generated)
(7,106 real changes made)
(11,622 real changes made)
(19 real changes made, 19 to missing)
(45,234 missing values generated)
(12,888 real changes made)
(3,284 real changes made)
(3,400 real changes made)
(1,308 real changes made)
(32 real changes made, 32 to missing)
(45,234 missing values generated)
(7,992 real changes made)
(12,888 real changes made)
(32 real changes made, 32 to missing)
(45,234 missing values generated)
(10,462 real changes made)
(2,689 real changes made)
(2,860 real changes made)
(1,109 real changes made)
(26 real changes made, 26 to missing)
(45,234 missing values generated)
(6,658 real changes made)
(10,462 real changes made)
(26 real changes made, 26 to missing)
(45,234 missing values generated)
(9,521 real changes made)
(2,467 real changes made)
(2,687 real changes made)
(1,010 real changes made)
(38 real changes made, 38 to missing)
(45,234 missing values generated)
(6,164 real changes made)
(9,521 real changes made)
(38 real changes made, 38 to missing)
(45,234 missing values generated)
(9,294 real changes made)
(2,662 real changes made)
(2,647 real changes made)
(1,213 real changes made)
(40 real changes made, 40 to missing)
(45,234 missing values generated)
(6,522 real changes made)
(9,294 real changes made)
(40 real changes made, 40 to missing)

. tab marstat2008  r9mstat, m

 Marital status (4 |                                          r9mstat:w9 r marital status
        cat), 2008 | 1.married  2.married  3.partner  4.separat  5.divorce  6.separat  7.widowed  8.never m          .  .m=missin |     Total
-------------------+--------------------------------------------------------------------------------------------------------------+----------
 married/partnered |    10,273        140        598          0          0          0          0          0          0          0 |    11,011 
separated/divorced |         0          0          0        277      1,682          6          0          0          0          0 |     1,965 
           widowed |         0          0          0          0          0          0      3,726          0          0          0 |     3,726 
     never married |         0          0          0          0          0          0          0        513          0          0 |       513 
                 . |         0          0          0          0          0          0          0          0     28,017          0 |    28,017 
                .m |         0          0          0          0          0          0          0          0          0          2 |         2 
-------------------+--------------------------------------------------------------------------------------------------------------+----------
             Total |    10,273        140        598        277      1,682          6      3,726        513     28,017          2 |    45,234 

. tab marstatB2010 marstat2010, m

    Currently married |                   Marital status (4 cat), 2010
       (binary), 2010 | married/p  separated    widowed  never mar          .         .m |     Total
----------------------+------------------------------------------------------------------+----------
not currently married |         0      2,982      3,733      1,078          0          0 |     7,793 
    currently married |    14,235          0          0          0          0          0 |    14,235 
                    . |         0          0          0          0     23,200          0 |    23,200 
                   .m |         0          0          0          0          0          6 |         6 
----------------------+------------------------------------------------------------------+----------
                Total |    14,235      2,982      3,733      1,078     23,200          6 |    45,234 

. 
. 
. ********************************************************************************
. // 2. Socioeconomic Information 
. ********************************************************************************
. * Education -- 1. years of education (continuous), 2. degree (categorical), 3. educ5cat (categorical), and 4.college (binary)
. gen educ = raedyrs
(649 missing values generated)

. label var educ "Years of education (0-17)"

. 
. gen degree = raedegrm
(398 missing values generated)

. label define degree 0 "no degree" 1 "ged" 2 "hs" 3 "hs/ged" 4 "aa/lt ba" ///
>                     5 "bach" 6 "master/mba" 7 "law/md/phd" 8 "other"

. label values degree degree

. label var degree "Highest degree (nominal)"

. tab degree raedegrm, m

   Highest |
    degree |                                       raedegrm: r highest degree-masked
 (nominal) | 0.no degr      1.ged       2.hs   3.hs/ged  4.aa/ lt        5.ba   6.ma/mba  7.law/md/    8.other  .m=missin |     Total
-----------+--------------------------------------------------------------------------------------------------------------+----------
 no degree |    11,170          0          0          0          0          0          0          0          0          0 |    11,170 
       ged |         0      2,208          0          0          0          0          0          0          0          0 |     2,208 
        hs |         0          0     12,370          0          0          0          0          0          0          0 |    12,370 
    hs/ged |         0          0          0      7,783          0          0          0          0          0          0 |     7,783 
  aa/lt ba |         0          0          0          0      2,389          0          0          0          0          0 |     2,389 
      bach |         0          0          0          0          0      5,576          0          0          0          0 |     5,576 
master/mba |         0          0          0          0          0          0      2,662          0          0          0 |     2,662 
law/md/phd |         0          0          0          0          0          0          0        575          0          0 |       575 
     other |         0          0          0          0          0          0          0          0        103          0 |       103 
        .m |         0          0          0          0          0          0          0          0          0        398 |       398 
-----------+--------------------------------------------------------------------------------------------------------------+----------
     Total |    11,170      2,208     12,370      7,783      2,389      5,576      2,662        575        103        398 |    45,234 

. 
. gen educ5cat = .
(45,234 missing values generated)

. replace educ5cat = 0 if degree==0
(11,170 real changes made)

. replace educ5cat = 1 if inlist(degree,1,2,3)
(22,361 real changes made)

. replace educ5cat = 2 if degree==4
(2,389 real changes made)

. replace educ5cat = 3 if inlist(degree,5,6,7)
(8,813 real changes made)

. replace educ5cat = 4 if degree==8
(103 real changes made)

. replace educ5cat = degree if mi(degree) & degree!=.       
(398 real changes made, 398 to missing)

. label define educ5cat 0 "< high school" 1 "high school/GED" ///
>                       2 "some college/AA" 3 "bachelor's or higher" 4 "other"

. label values educ5cat educ5cat

. label var educ5cat "Education, 5 categories"

. tab educ5cat degree, m

        Education, 5 |                                           Highest degree (nominal)
          categories | no degree        ged         hs     hs/ged   aa/lt ba       bach  master/mb  law/md/ph      other         .m |     Total
---------------------+--------------------------------------------------------------------------------------------------------------+----------
       < high school |    11,170          0          0          0          0          0          0          0          0          0 |    11,170 
     high school/GED |         0      2,208     12,370      7,783          0          0          0          0          0          0 |    22,361 
     some college/AA |         0          0          0          0      2,389          0          0          0          0          0 |     2,389 
bachelor's or higher |         0          0          0          0          0      5,576      2,662        575          0          0 |     8,813 
               other |         0          0          0          0          0          0          0          0        103          0 |       103 
                  .m |         0          0          0          0          0          0          0          0          0        398 |       398 
---------------------+--------------------------------------------------------------------------------------------------------------+----------
               Total |    11,170      2,208     12,370      7,783      2,389      5,576      2,662        575        103        398 |    45,234 

. 
. gen collegeB = .
(45,234 missing values generated)

. replace collegeB = 0 if inrange(degree,0,4)
(35,920 real changes made)

. replace collegeB = 1 if inrange(degree,5,7)
(8,813 real changes made)

. replace collegeB = degree if mi(degree) & degree!=.
(398 real changes made, 398 to missing)

. label define collegeB 0 "no bachelor's" 1 "bachelor's or higher"

. label values collegeB collegeB

. label var collegeB "Bachelor's degree or higher (binary)"

. tab degree collegeB, m                                    

   Highest |
    degree |    Bachelor's degree or higher (binary)
 (nominal) | no bachel  bachelor'          .         .m |     Total
-----------+--------------------------------------------+----------
 no degree |    11,170          0          0          0 |    11,170 
       ged |     2,208          0          0          0 |     2,208 
        hs |    12,370          0          0          0 |    12,370 
    hs/ged |     7,783          0          0          0 |     7,783 
  aa/lt ba |     2,389          0          0          0 |     2,389 
      bach |         0      5,576          0          0 |     5,576 
master/mba |         0      2,662          0          0 |     2,662 
law/md/phd |         0        575          0          0 |       575 
     other |         0          0        103          0 |       103 
        .m |         0          0          0        398 |       398 
-----------+--------------------------------------------+----------
     Total |    35,920      8,813        103        398 |    45,234 

. 
. * Wealth
. local years 1992 1994 1996 1998 2000 2002 2004 2006 2008 2010 2012 2014 2016 2018 2020 2022

. forvalues i = 1/16 {
  2.     local year : word `i' of `years'
  3.     * Total household income (respondent + spouse)
.     gen income`year' = h`i'itot
  4.     label var income`year' "Household income, `year'"
  5.     
.         * Household wealth -- net value of total wealth (including second home) calculated as the sum of all wealth components less all debt
.         gen wealth`year' = h`i'atotb
  6.     label var wealth`year' "Household net wealth, `year'"
  7. }
(32,582 missing values generated)
(32,582 missing values generated)
(25,592 missing values generated)
(25,592 missing values generated)
(27,243 missing values generated)
(27,243 missing values generated)
(23,850 missing values generated)
(23,850 missing values generated)
(25,656 missing values generated)
(25,656 missing values generated)
(27,069 missing values generated)
(27,069 missing values generated)
(25,105 missing values generated)
(25,105 missing values generated)
(26,765 missing values generated)
(26,765 missing values generated)
(28,017 missing values generated)
(28,017 missing values generated)
(23,200 missing values generated)
(23,200 missing values generated)
(24,680 missing values generated)
(24,680 missing values generated)
(26,487 missing values generated)
(26,487 missing values generated)
(24,322 missing values generated)
(24,322 missing values generated)
(28,088 missing values generated)
(28,088 missing values generated)
(29,511 missing values generated)
(29,511 missing values generated)
(29,378 missing values generated)
(29,378 missing values generated)

. 
. 
. ********************************************************************************
. // 3. Health Information
. ********************************************************************************
. ** Self-Rated Health - Ordinal & Binary
. label define srhealthlab 1 "poor" 2 "fair" 3 "good" 4 "very good" 5 "excellent"

. label define srhealthBlab 0 "poor/fair" 1 "good+"

. 
. local years 1992 1994 1996 1998 2000 2002 2004 2006 2008 2010 2012 2014 2016 2018 2020 2022

. forvalues i = 1/16 {
  2.     local year : word `i' of `years'
  3. 
.     gen srhealth`year' = .
  4.     replace srhealth`year' = 1 if r`i'shlt==5
  5.     replace srhealth`year' = 2 if r`i'shlt==4  
  6.     replace srhealth`year' = 3 if r`i'shlt==3  
  7.     replace srhealth`year' = 4 if r`i'shlt==2     
  8.     replace srhealth`year' = 5 if r`i'shlt==1     
  9.     replace srhealth`year' = r`i'shlt if mi(r`i'shlt) & r`i'shlt!=.
 10.     label values srhealth`year' srhealthlab 
 11.     label var srhealth`year' "Self-rated health, `year'"
 12. 
.     * Binary
.     gen srhealthB`year' = .
 13.     replace srhealthB`year' = 0 if inlist(srhealth`year',1,2)
 14.     replace srhealthB`year' = 1 if inlist(srhealth`year',3,4,5)
 15.     replace srhealthB`year' = srhealth`year' if mi(srhealth`year') & srhealth`year'!=.
 16.     label values srhealthB`year' srhealthBlab 
 17.     label var srhealthB`year' "SRH binary, `year'"
 18. }
(45,234 missing values generated)
(1,013 real changes made)
(1,807 real changes made)
(3,544 real changes made)
(3,481 real changes made)
(2,807 real changes made)
(0 real changes made)
(45,234 missing values generated)
(2,820 real changes made)
(9,832 real changes made)
(0 real changes made)
(45,234 missing values generated)
(1,937 real changes made)
(3,660 real changes made)
(5,812 real changes made)
(5,241 real changes made)
(2,982 real changes made)
(10 real changes made, 10 to missing)
(45,234 missing values generated)
(5,597 real changes made)
(14,035 real changes made)
(10 real changes made, 10 to missing)
(45,234 missing values generated)
(1,655 real changes made)
(3,325 real changes made)
(5,262 real changes made)
(5,078 real changes made)
(2,664 real changes made)
(7 real changes made, 7 to missing)
(45,234 missing values generated)
(4,980 real changes made)
(13,004 real changes made)
(7 real changes made, 7 to missing)
(45,234 missing values generated)
(2,337 real changes made)
(4,400 real changes made)
(6,541 real changes made)
(5,467 real changes made)
(2,633 real changes made)
(6 real changes made, 6 to missing)
(45,234 missing values generated)
(6,737 real changes made)
(14,641 real changes made)
(6 real changes made, 6 to missing)
(45,234 missing values generated)
(1,862 real changes made)
(3,681 real changes made)
(5,902 real changes made)
(5,652 real changes made)
(2,473 real changes made)
(8 real changes made, 8 to missing)
(45,234 missing values generated)
(5,543 real changes made)
(14,027 real changes made)
(8 real changes made, 8 to missing)
(45,234 missing values generated)
(1,670 real changes made)
(3,616 real changes made)
(5,739 real changes made)
(5,080 real changes made)
(2,049 real changes made)
(11 real changes made, 11 to missing)
(45,234 missing values generated)
(5,286 real changes made)
(12,868 real changes made)
(11 real changes made, 11 to missing)
(45,234 missing values generated)
(1,858 real changes made)
(4,135 real changes made)
(6,280 real changes made)
(5,476 real changes made)
(2,363 real changes made)
(17 real changes made, 17 to missing)
(45,234 missing values generated)
(5,993 real changes made)
(14,119 real changes made)
(17 real changes made, 17 to missing)
(45,234 missing values generated)
(1,654 real changes made)
(3,874 real changes made)
(5,623 real changes made)
(5,261 real changes made)
(2,032 real changes made)
(25 real changes made, 25 to missing)
(45,234 missing values generated)
(5,528 real changes made)
(12,916 real changes made)
(25 real changes made, 25 to missing)
(45,234 missing values generated)
(1,633 real changes made)
(3,625 real changes made)
(5,514 real changes made)
(4,881 real changes made)
(1,550 real changes made)
(14 real changes made, 14 to missing)
(45,234 missing values generated)
(5,258 real changes made)
(11,945 real changes made)
(14 real changes made, 14 to missing)
(45,234 missing values generated)
(1,889 real changes made)
(4,652 real changes made)
(6,898 real changes made)
(6,394 real changes made)
(2,190 real changes made)
(11 real changes made, 11 to missing)
(45,234 missing values generated)
(6,541 real changes made)
(15,482 real changes made)
(11 real changes made, 11 to missing)
(45,234 missing values generated)
(1,737 real changes made)
(4,300 real changes made)
(6,511 real changes made)
(6,056 real changes made)
(1,929 real changes made)
(21 real changes made, 21 to missing)
(45,234 missing values generated)
(6,037 real changes made)
(14,496 real changes made)
(21 real changes made, 21 to missing)
(45,234 missing values generated)
(1,502 real changes made)
(4,239 real changes made)
(6,251 real changes made)
(5,255 real changes made)
(1,484 real changes made)
(16 real changes made, 16 to missing)
(45,234 missing values generated)
(5,741 real changes made)
(12,990 real changes made)
(16 real changes made, 16 to missing)
(45,234 missing values generated)
(1,599 real changes made)
(4,896 real changes made)
(6,993 real changes made)
(5,698 real changes made)
(1,702 real changes made)
(24 real changes made, 24 to missing)
(45,234 missing values generated)
(6,495 real changes made)
(14,393 real changes made)
(24 real changes made, 24 to missing)
(45,234 missing values generated)
(1,253 real changes made)
(3,847 real changes made)
(5,844 real changes made)
(4,883 real changes made)
(1,308 real changes made)
(11 real changes made, 11 to missing)
(45,234 missing values generated)
(5,100 real changes made)
(12,035 real changes made)
(11 real changes made, 11 to missing)
(45,234 missing values generated)
(963 real changes made)
(3,535 real changes made)
(5,488 real changes made)
(4,608 real changes made)
(1,110 real changes made)
(19 real changes made, 19 to missing)
(45,234 missing values generated)
(4,498 real changes made)
(11,206 real changes made)
(19 real changes made, 19 to missing)
(45,234 missing values generated)
(1,075 real changes made)
(3,699 real changes made)
(5,526 real changes made)
(4,388 real changes made)
(1,148 real changes made)
(20 real changes made, 20 to missing)
(45,234 missing values generated)
(4,774 real changes made)
(11,062 real changes made)
(20 real changes made, 20 to missing)

. tab srhealth2020 srhealthB2020, m

Self-rated |
   health, |                    SRH binary, 2020
      2020 | poor/fair      good+          .         .d         .r |     Total
-----------+-------------------------------------------------------+----------
      poor |       963          0          0          0          0 |       963 
      fair |     3,535          0          0          0          0 |     3,535 
      good |         0      5,488          0          0          0 |     5,488 
 very good |         0      4,608          0          0          0 |     4,608 
 excellent |         0      1,110          0          0          0 |     1,110 
         . |         0          0     29,511          0          0 |    29,511 
        .d |         0          0          0         17          0 |        17 
        .r |         0          0          0          0          2 |         2 
-----------+-------------------------------------------------------+----------
     Total |     4,498     11,206     29,511         17          2 |    45,234 

. tab srhealth2020 r15shlt,m

Self-rated |
   health, |                            r15shlt:w15 self-report of health
      2020 | 1.excelle  2.very go     3.good     4.fair     5.poor          .   .d=dk/na      .r=rf |     Total
-----------+----------------------------------------------------------------------------------------+----------
      poor |         0          0          0          0        963          0          0          0 |       963 
      fair |         0          0          0      3,535          0          0          0          0 |     3,535 
      good |         0          0      5,488          0          0          0          0          0 |     5,488 
 very good |         0      4,608          0          0          0          0          0          0 |     4,608 
 excellent |     1,110          0          0          0          0          0          0          0 |     1,110 
         . |         0          0          0          0          0     29,511          0          0 |    29,511 
        .d |         0          0          0          0          0          0         17          0 |        17 
        .r |         0          0          0          0          0          0          0          2 |         2 
-----------+----------------------------------------------------------------------------------------+----------
     Total |     1,110      4,608      5,488      3,535        963     29,511         17          2 |    45,234 

. 
. ** BMI - continous & ordinal & binary 
. label define bmicatlab 0 "normal/underweight" 1 "overweight" 2 "obese"

. label define bmiBlab 0 "normal/underweight" 1 "overweight/obese"

. 
. local years 1992 1994 1996 1998 2000 2002 2004 2006 2008 2010 2012 2014 2016 2018 2020 2022

. forvalues i = 1/16 {
  2.     local year : word `i' of `years'
  3. 
.     gen bmi`year' = r`i'bmi
  4.     label var bmi`year' "Body mass index (cont.), `year'"
  5. 
.     gen bmicat`year' = .
  6.     replace bmicat`year' = 0 if bmi`year'<25 & !missing(bmi`year')
  7.     replace bmicat`year' = 1 if inrange(bmi`year',25,29.9999)
  8.     replace bmicat`year' = 2 if bmi`year'>=30 & !missing(bmi`year')
  9.     replace bmicat`year' = bmi`year' if mi(bmi`year') & bmi`year'!=.
 10.     label values bmicat`year' bmicatlab
 11.     label var bmicat`year' "BMI, 3 categories, `year'"
 12. 
.     gen bmiB`year' = .
 13.     replace bmiB`year' = 0 if bmicat`year'==0
 14.     replace bmiB`year' = 1 if inlist(bmicat`year',1,2)
 15.     replace bmiB`year' = bmicat`year' if mi(bmicat`year') & bmicat`year'!=.
 16.     label values bmiB`year' bmiBlab 
 17.     label var bmiB`year' "normal/underweight VS. overweight/obese, `year'"
 18. }
(32,582 missing values generated)
(45,234 missing values generated)
(4,524 real changes made)
(5,147 real changes made)
(2,981 real changes made)
(0 real changes made)
(45,234 missing values generated)
(4,524 real changes made)
(8,128 real changes made)
(0 real changes made)
(25,800 missing values generated)
(45,234 missing values generated)
(7,935 real changes made)
(7,570 real changes made)
(3,929 real changes made)
(208 real changes made, 208 to missing)
(45,234 missing values generated)
(7,935 real changes made)
(11,499 real changes made)
(208 real changes made, 208 to missing)
(27,461 missing values generated)
(45,234 missing values generated)
(7,230 real changes made)
(6,802 real changes made)
(3,741 real changes made)
(218 real changes made, 218 to missing)
(45,234 missing values generated)
(7,230 real changes made)
(10,543 real changes made)
(218 real changes made, 218 to missing)
(24,135 missing values generated)
(45,234 missing values generated)
(8,083 real changes made)
(8,158 real changes made)
(4,858 real changes made)
(285 real changes made, 285 to missing)
(45,234 missing values generated)
(8,083 real changes made)
(13,016 real changes made)
(285 real changes made, 285 to missing)
(25,945 missing values generated)
(45,234 missing values generated)
(7,099 real changes made)
(7,548 real changes made)
(4,642 real changes made)
(289 real changes made, 289 to missing)
(45,234 missing values generated)
(7,099 real changes made)
(12,190 real changes made)
(289 real changes made, 289 to missing)
(27,416 missing values generated)
(45,234 missing values generated)
(6,470 real changes made)
(6,808 real changes made)
(4,540 real changes made)
(347 real changes made, 347 to missing)
(45,234 missing values generated)
(6,470 real changes made)
(11,348 real changes made)
(347 real changes made, 347 to missing)
(25,484 missing values generated)
(45,234 missing values generated)
(6,951 real changes made)
(7,429 real changes made)
(5,370 real changes made)
(379 real changes made, 379 to missing)
(45,234 missing values generated)
(6,951 real changes made)
(12,799 real changes made)
(379 real changes made, 379 to missing)
(27,059 missing values generated)
(45,234 missing values generated)
(5,875 real changes made)
(6,870 real changes made)
(5,430 real changes made)
(294 real changes made, 294 to missing)
(45,234 missing values generated)
(5,875 real changes made)
(12,300 real changes made)
(294 real changes made, 294 to missing)
(28,251 missing values generated)
(45,234 missing values generated)
(5,356 real changes made)
(6,380 real changes made)
(5,247 real changes made)
(234 real changes made, 234 to missing)
(45,234 missing values generated)
(5,356 real changes made)
(11,627 real changes made)
(234 real changes made, 234 to missing)
(23,632 missing values generated)
(45,234 missing values generated)
(6,293 real changes made)
(7,855 real changes made)
(7,454 real changes made)
(432 real changes made, 432 to missing)
(45,234 missing values generated)
(6,293 real changes made)
(15,309 real changes made)
(432 real changes made, 432 to missing)
(24,990 missing values generated)
(45,234 missing values generated)
(5,941 real changes made)
(7,317 real changes made)
(6,986 real changes made)
(310 real changes made, 310 to missing)
(45,234 missing values generated)
(5,941 real changes made)
(14,303 real changes made)
(310 real changes made, 310 to missing)
(26,792 missing values generated)
(45,234 missing values generated)
(5,289 real changes made)
(6,735 real changes made)
(6,418 real changes made)
(305 real changes made, 305 to missing)
(45,234 missing values generated)
(5,289 real changes made)
(13,153 real changes made)
(305 real changes made, 305 to missing)
(24,656 missing values generated)
(45,234 missing values generated)
(5,480 real changes made)
(7,450 real changes made)
(7,648 real changes made)
(334 real changes made, 334 to missing)
(45,234 missing values generated)
(5,480 real changes made)
(15,098 real changes made)
(334 real changes made, 334 to missing)
(28,331 missing values generated)
(45,234 missing values generated)
(4,435 real changes made)
(6,105 real changes made)
(6,363 real changes made)
(243 real changes made, 243 to missing)
(45,234 missing values generated)
(4,435 real changes made)
(12,468 real changes made)
(243 real changes made, 243 to missing)
(29,737 missing values generated)
(45,234 missing values generated)
(4,027 real changes made)
(5,627 real changes made)
(5,843 real changes made)
(226 real changes made, 226 to missing)
(45,234 missing values generated)
(4,027 real changes made)
(11,470 real changes made)
(226 real changes made, 226 to missing)
(29,661 missing values generated)
(45,234 missing values generated)
(4,082 real changes made)
(5,512 real changes made)
(5,979 real changes made)
(283 real changes made, 283 to missing)
(45,234 missing values generated)
(4,082 real changes made)
(11,491 real changes made)
(283 real changes made, 283 to missing)

. tab bmiB2020 bmicat2020, m

normal/underweight |
               VS. |
 overweight/obese, |                           BMI, 3 categories, 2020
              2020 | normal/un  overweigh      obese          .         .d         .j         .m |     Total
-------------------+-----------------------------------------------------------------------------+----------
normal/underweight |     4,027          0          0          0          0          0          0 |     4,027 
  overweight/obese |         0      5,627      5,843          0          0          0          0 |    11,470 
                 . |         0          0          0     29,511          0          0          0 |    29,511 
                .d |         0          0          0          0         27          0          0 |        27 
                .j |         0          0          0          0          0         22          0 |        22 
                .m |         0          0          0          0          0          0        177 |       177 
-------------------+-----------------------------------------------------------------------------+----------
             Total |     4,027      5,627      5,843     29,511         27         22        177 |    45,234 

. 
. ** Smoking - categorical (never, former, current) & binary (never/former, current)
. label define smokecatlab 0 "never" 1 "former" 2 "current"

. label define smokeBlab 0 "not current" 1 "current smoker"

. 
. local years 1992 1994 1996 1998 2000 2002 2004 2006 2008 2010 2012 2014 2016 2018 2020 2022

. forvalues i = 1/16 {
  2.     local year : word `i' of `years'
  3. 
.     gen smokecat`year' = .
  4.     replace smokecat`year' = 0 if r`i'smokev==0 & r`i'smoken==0     // never
  5.     replace smokecat`year' = 1 if r`i'smokev==1 & r`i'smoken==0     // former
  6.     replace smokecat`year' = 2 if r`i'smoken==1                     // current
  7.     replace smokecat`year' = r`i'smokev if mi(smokecat`year') & mi(r`i'smokev) & r`i'smokev!=.
  8.     replace smokecat`year' = r`i'smoken if mi(smokecat`year') & mi(r`i'smoken) & r`i'smoken!=.
  9.     label values smokecat`year' smokecatlab 
 10.     label var smokecat`year' "Smoking status (3 cat), `year'"
 11. 
.     gen smokeB`year' = .
 12.     replace smokeB`year' = 0 if inlist(smokecat`year',0,1)
 13.     replace smokeB`year' = 1 if smokecat`year'==2
 14.     replace smokeB`year' = smokecat`year' if mi(smokecat`year') & smokecat`year'!=.
 15.     label values smokeB`year' smokeBlab 
 16.     label var smokeB`year' "Current smoker (binary), `year'"
 17. }
(45,234 missing values generated)
(4,626 real changes made)
(4,588 real changes made)
(3,438 real changes made)
(0 real changes made)
(0 real changes made)
(45,234 missing values generated)
(9,214 real changes made)
(3,438 real changes made)
(0 real changes made)
(45,234 missing values generated)
(8,052 real changes made)
(7,870 real changes made)
(3,645 real changes made)
(71 real changes made, 71 to missing)
(7 real changes made, 7 to missing)
(45,234 missing values generated)
(15,922 real changes made)
(3,645 real changes made)
(75 real changes made, 75 to missing)
(45,234 missing values generated)
(7,313 real changes made)
(7,097 real changes made)
(2,970 real changes made)
(260 real changes made, 260 to missing)
(351 real changes made, 351 to missing)
(45,234 missing values generated)
(14,410 real changes made)
(2,970 real changes made)
(611 real changes made, 611 to missing)
(45,234 missing values generated)
(8,681 real changes made)
(8,928 real changes made)
(3,563 real changes made)
(209 real changes made, 209 to missing)
(3 real changes made, 3 to missing)
(45,234 missing values generated)
(17,609 real changes made)
(3,563 real changes made)
(212 real changes made, 212 to missing)
(45,234 missing values generated)
(8,008 real changes made)
(8,410 real changes made)
(2,969 real changes made)
(189 real changes made, 189 to missing)
(2 real changes made, 2 to missing)
(45,234 missing values generated)
(16,418 real changes made)
(2,969 real changes made)
(191 real changes made, 191 to missing)
(45,234 missing values generated)
(7,497 real changes made)
(7,957 real changes made)
(2,532 real changes made)
(179 real changes made, 179 to missing)
(1 real change made, 1 to missing)
(45,234 missing values generated)
(15,454 real changes made)
(2,532 real changes made)
(179 real changes made, 179 to missing)
(45,234 missing values generated)
(8,479 real changes made)
(8,460 real changes made)
(3,012 real changes made)
(168 real changes made, 168 to missing)
(10 real changes made, 10 to missing)
(45,234 missing values generated)
(16,939 real changes made)
(3,012 real changes made)
(178 real changes made, 178 to missing)
(45,234 missing values generated)
(7,851 real changes made)
(7,927 real changes made)
(2,531 real changes made)
(156 real changes made, 156 to missing)
(4 real changes made, 4 to missing)
(45,234 missing values generated)
(15,778 real changes made)
(2,531 real changes made)
(160 real changes made, 160 to missing)
(45,234 missing values generated)
(7,366 real changes made)
(7,470 real changes made)
(2,234 real changes made)
(145 real changes made, 145 to missing)
(2 real changes made, 2 to missing)
(45,234 missing values generated)
(14,836 real changes made)
(2,234 real changes made)
(147 real changes made, 147 to missing)
(45,234 missing values generated)
(9,522 real changes made)
(8,956 real changes made)
(3,423 real changes made)
(130 real changes made, 130 to missing)
(5 real changes made, 5 to missing)
(45,234 missing values generated)
(18,478 real changes made)
(3,423 real changes made)
(133 real changes made, 133 to missing)
(45,234 missing values generated)
(8,972 real changes made)
(8,492 real changes made)
(2,972 real changes made)
(115 real changes made, 115 to missing)
(3 real changes made, 3 to missing)
(45,234 missing values generated)
(17,464 real changes made)
(2,972 real changes made)
(118 real changes made, 118 to missing)
(45,234 missing values generated)
(8,251 real changes made)
(7,945 real changes made)
(2,442 real changes made)
(105 real changes made, 105 to missing)
(4 real changes made, 4 to missing)
(45,234 missing values generated)
(16,196 real changes made)
(2,442 real changes made)
(109 real changes made, 109 to missing)
(45,234 missing values generated)
(9,526 real changes made)
(8,239 real changes made)
(3,053 real changes made)
(88 real changes made, 88 to missing)
(8 real changes made, 8 to missing)
(45,234 missing values generated)
(17,765 real changes made)
(3,053 real changes made)
(94 real changes made, 94 to missing)
(45,234 missing values generated)
(7,889 real changes made)
(6,938 real changes made)
(2,248 real changes made)
(62 real changes made, 62 to missing)
(9 real changes made, 9 to missing)
(45,234 missing values generated)
(14,827 real changes made)
(2,248 real changes made)
(71 real changes made, 71 to missing)
(45,234 missing values generated)
(7,347 real changes made)
(6,353 real changes made)
(1,851 real changes made)
(53 real changes made, 53 to missing)
(120 real changes made, 120 to missing)
(45,234 missing values generated)
(13,700 real changes made)
(1,851 real changes made)
(172 real changes made, 172 to missing)
(45,234 missing values generated)
(7,706 real changes made)
(4,319 real changes made)
(1,425 real changes made)
(46 real changes made, 46 to missing)
(2,363 real changes made, 2,363 to missing)
(45,234 missing values generated)
(12,025 real changes made)
(1,425 real changes made)
(2,406 real changes made, 2,406 to missing)

. tab smokecat2022 smokeB2022, m

   Smoking |
 status (3 |                   Current smoker (binary), 2022
cat), 2022 | not curre  current s          .         .d         .j         .m |     Total
-----------+------------------------------------------------------------------+----------
     never |     7,706          0          0          0          0          0 |     7,706 
    former |     4,319          0          0          0          0          0 |     4,319 
   current |         0      1,425          0          0          0          0 |     1,425 
         . |         0          0     29,378          0          0          0 |    29,378 
        .d |         0          0          0         66          0          0 |        66 
        .j |         0          0          0          0          5          0 |         5 
        .m |         0          0          0          0          0      2,335 |     2,335 
-----------+------------------------------------------------------------------+----------
     Total |    12,025      1,425     29,378         66          5      2,335 |    45,234 

. 
. ** Alcohol Consumption (W1-W16). Ever drinks - binary (does not drink VS. drinks)
. label define everdrinklab 0 "does not drink" 1 "drinks"

. 
. forvalues i = 1/16 {
  2.     local year : word `i' of `years'
  3.     gen everdrink`year' = r`i'drink          
  4.     label values everdrink`year' everdrinklab 
  5.     label var everdrink`year' "Ever drinks alcohol, `year'"
  6. }
(32,582 missing values generated)
(25,597 missing values generated)
(27,248 missing values generated)
(23,855 missing values generated)
(25,660 missing values generated)
(27,073 missing values generated)
(25,109 missing values generated)
(26,772 missing values generated)
(28,019 missing values generated)
(23,203 missing values generated)
(24,685 missing values generated)
(26,491 missing values generated)
(24,337 missing values generated)
(28,103 missing values generated)
(29,524 missing values generated)
(29,410 missing values generated)

. tab r16drink everdrink2022,m

  r16drink:w16 r ever |                     Ever drinks alcohol, 2022
   drinks any alcohol | does not      drinks          .         .d         .j         .r |     Total
----------------------+------------------------------------------------------------------+----------
                 0.no |     6,384          0          0          0          0          0 |     6,384 
                1.yes |         0      9,440          0          0          0          0 |     9,440 
                    . |         0          0     29,378          0          0          0 |    29,378 
             .d=dk/na |         0          0          0         20          0          0 |        20 
.j=web interview, mis |         0          0          0          0          7          0 |         7 
                .r=rf |         0          0          0          0          0          5 |         5 
----------------------+------------------------------------------------------------------+----------
                Total |     6,384      9,440     29,378         20          7          5 |    45,234 

. 
. ** Alcohol Consumption
. *# drinks per day when respondent drinks (count), # days per week respondent drinks (count), heavy drinking (binary), binge drinking (binary)
. *# Note1: (W3:1996 -> W15:2020)drinksday & dayweekdrink, so others waves are coded as missing for comparablity.
. *# Note2: If a respondent is missing on either drinksday or dayweekdrink, then they will also be missing on drinksweek
. *# Note3: new COUNT variables added: drinksday, dayweekdrink, drinksweek.
. label define heavydrinklab 0 "not heavy" 1 "heavy drinker"

. label define bingedrinklab 0 "no binge" 1 "binge"

. 
. local years 1992 1994 1996 1998 2000 2002 2004 2006 2008 2010 2012 2014 2016 2018 2020 2022

. forvalues i = 3/16 {
  2.     local year : word `i' of `years'
  3. 
.     * # drinks per day when drinking (top-code at 30)
.     gen drinksday`year' = r`i'drinkn
  4.     replace drinksday`year' = 30 if drinksday`year'>30 & !missing(drinksday`year')
  5.     label var drinksday`year' "# alcoholic drinks per drinking day, `year', count"
  6. 
.     * # days per week drinking
.     gen dayweekdrink`year' = r`i'drinkd
  7.     label var dayweekdrink`year' "# days per week drinking, `year', count"
  8. 
.     * # total drinks per week (missing if either component missing)
.     gen drinksweek`year' = .
  9.     replace drinksweek`year' = drinksday`year'*dayweekdrink`year' ///
>         if !missing(drinksday`year', dayweekdrink`year')
 10.     label var drinksweek`year' "# alcoholic drinks per week, `year', count"
 11. 
.     * heavy drinker: men 15+/wk, women 8+/wk
.     gen heavydrink`year' = .
 12.     replace heavydrink`year' = 0 if drinksweek`year'<15 & woman==0 & !missing(drinksweek`year')
 13.     replace heavydrink`year' = 0 if drinksweek`year'<8  & woman==1 & !missing(drinksweek`year')
 14.     replace heavydrink`year' = 1 if drinksweek`year'>=15 & woman==0 & !missing(drinksweek`year')
 15.     replace heavydrink`year' = 1 if drinksweek`year'>=8  & woman==1 & !missing(drinksweek`year')
 16.     label values heavydrink`year' heavydrinklab 
 17.     label var heavydrink`year' "Heavy drinker (binary), `year'"
 18. 
.     * binge: men 5+/day, women 4+/day
.     gen bingedrink`year' = .
 19.     replace bingedrink`year' = 0 if drinksday`year'<5 & woman==0 & !missing(drinksday`year')
 20.     replace bingedrink`year' = 0 if drinksday`year'<4 & woman==1 & !missing(drinksday`year')
 21.     replace bingedrink`year' = 1 if drinksday`year'>=5 & woman==0 & !missing(drinksday`year')
 22.     replace bingedrink`year' = 1 if drinksday`year'>=4 & woman==1 & !missing(drinksday`year')
 23.     label values bingedrink`year' bingedrinklab
 24.     label var bingedrink`year' "Binge drinker (binary), `year'"
 25. }
(27,335 missing values generated)
(2 real changes made)
(27,309 missing values generated)
(45,234 missing values generated)
(17,899 real changes made)
(45,234 missing values generated)
(6,980 real changes made)
(10,027 real changes made)
(436 real changes made)
(456 real changes made)
(45,234 missing values generated)
(7,141 real changes made)
(10,364 real changes made)
(275 real changes made)
(119 real changes made)
(23,917 missing values generated)
(2 real changes made)
(23,855 missing values generated)
(45,234 missing values generated)
(21,317 real changes made)
(45,234 missing values generated)
(8,374 real changes made)
(11,879 real changes made)
(545 real changes made)
(519 real changes made)
(45,234 missing values generated)
(8,586 real changes made)
(12,288 real changes made)
(333 real changes made)
(110 real changes made)
(25,706 missing values generated)
(1 real change made)
(25,674 missing values generated)
(45,234 missing values generated)
(19,528 real changes made)
(45,234 missing values generated)
(7,657 real changes made)
(10,999 real changes made)
(418 real changes made)
(454 real changes made)
(45,234 missing values generated)
(7,833 real changes made)
(11,365 real changes made)
(242 real changes made)
(88 real changes made)
(27,106 missing values generated)
(0 real changes made)
(27,105 missing values generated)
(45,234 missing values generated)
(18,108 real changes made)
(45,234 missing values generated)
(6,966 real changes made)
(10,235 real changes made)
(454 real changes made)
(453 real changes made)
(45,234 missing values generated)
(7,185 real changes made)
(10,596 real changes made)
(243 real changes made)
(104 real changes made)
(25,156 missing values generated)
(2 real changes made)
(25,144 missing values generated)
(45,234 missing values generated)
(20,058 real changes made)
(45,234 missing values generated)
(7,766 real changes made)
(11,152 real changes made)
(546 real changes made)
(594 real changes made)
(45,234 missing values generated)
(7,990 real changes made)
(11,596 real changes made)
(330 real changes made)
(162 real changes made)
(26,810 missing values generated)
(1 real change made)
(26,796 missing values generated)
(45,234 missing values generated)
(18,407 real changes made)
(45,234 missing values generated)
(7,072 real changes made)
(10,306 real changes made)
(477 real changes made)
(552 real changes made)
(45,234 missing values generated)
(7,281 real changes made)
(10,753 real changes made)
(275 real changes made)
(115 real changes made)
(28,040 missing values generated)
(0 real changes made)
(28,036 missing values generated)
(45,234 missing values generated)
(17,186 real changes made)
(45,234 missing values generated)
(6,562 real changes made)
(9,657 real changes made)
(440 real changes made)
(527 real changes made)
(45,234 missing values generated)
(6,742 real changes made)
(10,073 real changes made)
(265 real changes made)
(114 real changes made)
(23,250 missing values generated)
(2 real changes made)
(23,248 missing values generated)
(45,234 missing values generated)
(21,953 real changes made)
(45,234 missing values generated)
(8,488 real changes made)
(12,037 real changes made)
(688 real changes made)
(740 real changes made)
(45,234 missing values generated)
(8,644 real changes made)
(12,553 real changes made)
(548 real changes made)
(239 real changes made)
(24,743 missing values generated)
(0 real changes made)
(24,738 missing values generated)
(45,234 missing values generated)
(20,456 real changes made)
(45,234 missing values generated)
(7,932 real changes made)
(11,304 real changes made)
(553 real changes made)
(667 real changes made)
(45,234 missing values generated)
(8,107 real changes made)
(11,781 real changes made)
(393 real changes made)
(210 real changes made)
(26,586 missing values generated)
(0 real changes made)
(26,577 missing values generated)
(45,234 missing values generated)
(18,603 real changes made)
(45,234 missing values generated)
(7,119 real changes made)
(10,361 real changes made)
(499 real changes made)
(624 real changes made)
(45,234 missing values generated)
(7,293 real changes made)
(10,831 real changes made)
(347 real changes made)
(177 real changes made)
(24,406 missing values generated)
(0 real changes made)
(24,399 missing values generated)
(45,234 missing values generated)
(20,784 real changes made)
(45,234 missing values generated)
(7,975 real changes made)
(11,395 real changes made)
(621 real changes made)
(793 real changes made)
(45,234 missing values generated)
(8,105 real changes made)
(11,913 real changes made)
(512 real changes made)
(298 real changes made)
(28,147 missing values generated)
(0 real changes made)
(28,137 missing values generated)
(45,234 missing values generated)
(17,058 real changes made)
(45,234 missing values generated)
(6,488 real changes made)
(9,431 real changes made)
(501 real changes made)
(638 real changes made)
(45,234 missing values generated)
(6,627 real changes made)
(9,864 real changes made)
(372 real changes made)
(224 real changes made)
(29,587 missing values generated)
(1 real change made)
(29,591 missing values generated)
(45,234 missing values generated)
(15,597 real changes made)
(45,234 missing values generated)
(5,868 real changes made)
(8,612 real changes made)
(461 real changes made)
(656 real changes made)
(45,234 missing values generated)
(6,030 real changes made)
(9,073 real changes made)
(316 real changes made)
(228 real changes made)
(29,482 missing values generated)
(0 real changes made)
(29,541 missing values generated)
(45,234 missing values generated)
(15,636 real changes made)
(45,234 missing values generated)
(5,886 real changes made)
(8,665 real changes made)
(455 real changes made)
(630 real changes made)
(45,234 missing values generated)
(6,053 real changes made)
(9,100 real changes made)
(350 real changes made)
(249 real changes made)

. tab r15drinkn drinksday2020, m

    r15drinkn:w15 r # |
      drinks/day when |                                     # alcoholic drinks per drinking day, 2020, count
               drinks |         0          1          2          3          4          5          6          7          8          9         10 |     Total
----------------------+-------------------------------------------------------------------------------------------------------------------------+----------
  0.0 or doesnt drink |     9,556          0          0          0          0          0          0          0          0          0          0 |     9,556 
                    1 |         0      2,498          0          0          0          0          0          0          0          0          0 |     2,498 
                    2 |         0          0      1,926          0          0          0          0          0          0          0          0 |     1,926 
                    3 |         0          0          0        883          0          0          0          0          0          0          0 |       883 
                    4 |         0          0          0          0        350          0          0          0          0          0          0 |       350 
                    5 |         0          0          0          0          0        119          0          0          0          0          0 |       119 
                    6 |         0          0          0          0          0          0        160          0          0          0          0 |       160 
                    7 |         0          0          0          0          0          0          0         18          0          0          0 |        18 
                    8 |         0          0          0          0          0          0          0          0         44          0          0 |        44 
                    9 |         0          0          0          0          0          0          0          0          0          7          0 |         7 
                   10 |         0          0          0          0          0          0          0          0          0          0         30 |        30 
                   11 |         0          0          0          0          0          0          0          0          0          0          0 |         2 
                   12 |         0          0          0          0          0          0          0          0          0          0          0 |        29 
                   13 |         0          0          0          0          0          0          0          0          0          0          0 |         1 
                   15 |         0          0          0          0          0          0          0          0          0          0          0 |         9 
                   16 |         0          0          0          0          0          0          0          0          0          0          0 |         1 
                   17 |         0          0          0          0          0          0          0          0          0          0          0 |         1 
                   18 |         0          0          0          0          0          0          0          0          0          0          0 |         1 
                   20 |         0          0          0          0          0          0          0          0          0          0          0 |         4 
                   24 |         0          0          0          0          0          0          0          0          0          0          0 |         4 
                   25 |         0          0          0          0          0          0          0          0          0          0          0 |         1 
                   26 |         0          0          0          0          0          0          0          0          0          0          0 |         1 
                   28 |         0          0          0          0          0          0          0          0          0          0          0 |         1 
                   40 |         0          0          0          0          0          0          0          0          0          0          0 |         1 
                    . |         0          0          0          0          0          0          0          0          0          0          0 |    29,511 
             .d=dk/na |         0          0          0          0          0          0          0          0          0          0          0 |        52 
.j=web interview, mis |         0          0          0          0          0          0          0          0          0          0          0 |        12 
                .r=rf |         0          0          0          0          0          0          0          0          0          0          0 |        12 
----------------------+-------------------------------------------------------------------------------------------------------------------------+----------
                Total |     9,556      2,498      1,926        883        350        119        160         18         44          7         30 |    45,234 


    r15drinkn:w15 r # |
      drinks/day when |                                     # alcoholic drinks per drinking day, 2020, count
               drinks |        11         12         13         15         16         17         18         20         24         25         26 |     Total
----------------------+-------------------------------------------------------------------------------------------------------------------------+----------
  0.0 or doesnt drink |         0          0          0          0          0          0          0          0          0          0          0 |     9,556 
                    1 |         0          0          0          0          0          0          0          0          0          0          0 |     2,498 
                    2 |         0          0          0          0          0          0          0          0          0          0          0 |     1,926 
                    3 |         0          0          0          0          0          0          0          0          0          0          0 |       883 
                    4 |         0          0          0          0          0          0          0          0          0          0          0 |       350 
                    5 |         0          0          0          0          0          0          0          0          0          0          0 |       119 
                    6 |         0          0          0          0          0          0          0          0          0          0          0 |       160 
                    7 |         0          0          0          0          0          0          0          0          0          0          0 |        18 
                    8 |         0          0          0          0          0          0          0          0          0          0          0 |        44 
                    9 |         0          0          0          0          0          0          0          0          0          0          0 |         7 
                   10 |         0          0          0          0          0          0          0          0          0          0          0 |        30 
                   11 |         2          0          0          0          0          0          0          0          0          0          0 |         2 
                   12 |         0         29          0          0          0          0          0          0          0          0          0 |        29 
                   13 |         0          0          1          0          0          0          0          0          0          0          0 |         1 
                   15 |         0          0          0          9          0          0          0          0          0          0          0 |         9 
                   16 |         0          0          0          0          1          0          0          0          0          0          0 |         1 
                   17 |         0          0          0          0          0          1          0          0          0          0          0 |         1 
                   18 |         0          0          0          0          0          0          1          0          0          0          0 |         1 
                   20 |         0          0          0          0          0          0          0          4          0          0          0 |         4 
                   24 |         0          0          0          0          0          0          0          0          4          0          0 |         4 
                   25 |         0          0          0          0          0          0          0          0          0          1          0 |         1 
                   26 |         0          0          0          0          0          0          0          0          0          0          1 |         1 
                   28 |         0          0          0          0          0          0          0          0          0          0          0 |         1 
                   40 |         0          0          0          0          0          0          0          0          0          0          0 |         1 
                    . |         0          0          0          0          0          0          0          0          0          0          0 |    29,511 
             .d=dk/na |         0          0          0          0          0          0          0          0          0          0          0 |        52 
.j=web interview, mis |         0          0          0          0          0          0          0          0          0          0          0 |        12 
                .r=rf |         0          0          0          0          0          0          0          0          0          0          0 |        12 
----------------------+-------------------------------------------------------------------------------------------------------------------------+----------
                Total |         2         29          1          9          1          1          1          4          4          1          1 |    45,234 


    r15drinkn:w15 r # |
      drinks/day when |         # alcoholic drinks per drinking day, 2020, count
               drinks |        28         30          .         .d         .j         .r |     Total
----------------------+------------------------------------------------------------------+----------
  0.0 or doesnt drink |         0          0          0          0          0          0 |     9,556 
                    1 |         0          0          0          0          0          0 |     2,498 
                    2 |         0          0          0          0          0          0 |     1,926 
                    3 |         0          0          0          0          0          0 |       883 
                    4 |         0          0          0          0          0          0 |       350 
                    5 |         0          0          0          0          0          0 |       119 
                    6 |         0          0          0          0          0          0 |       160 
                    7 |         0          0          0          0          0          0 |        18 
                    8 |         0          0          0          0          0          0 |        44 
                    9 |         0          0          0          0          0          0 |         7 
                   10 |         0          0          0          0          0          0 |        30 
                   11 |         0          0          0          0          0          0 |         2 
                   12 |         0          0          0          0          0          0 |        29 
                   13 |         0          0          0          0          0          0 |         1 
                   15 |         0          0          0          0          0          0 |         9 
                   16 |         0          0          0          0          0          0 |         1 
                   17 |         0          0          0          0          0          0 |         1 
                   18 |         0          0          0          0          0          0 |         1 
                   20 |         0          0          0          0          0          0 |         4 
                   24 |         0          0          0          0          0          0 |         4 
                   25 |         0          0          0          0          0          0 |         1 
                   26 |         0          0          0          0          0          0 |         1 
                   28 |         1          0          0          0          0          0 |         1 
                   40 |         0          1          0          0          0          0 |         1 
                    . |         0          0     29,511          0          0          0 |    29,511 
             .d=dk/na |         0          0          0         52          0          0 |        52 
.j=web interview, mis |         0          0          0          0         12          0 |        12 
                .r=rf |         0          0          0          0          0         12 |        12 
----------------------+------------------------------------------------------------------+----------
                Total |         1          1     29,511         52         12         12 |    45,234 

. tab dayweekdrink2020 r15drinkd, m

# days per |
      week |
 drinking, |
     2020, |                                                 r15drinkd:w15 r # days/week drinks
     count | 0.0 or do          1          2          3          4          5          6          7          .   .d=dk/na  .j=web in      .r=rf |     Total
-----------+------------------------------------------------------------------------------------------------------------------------------------+----------
         0 |     9,539          0          0          0          0          0          0          0          0          0          0          0 |     9,539 
         1 |         0      2,134          0          0          0          0          0          0          0          0          0          0 |     2,134 
         2 |         0          0      1,166          0          0          0          0          0          0          0          0          0 |     1,166 
         3 |         0          0          0        849          0          0          0          0          0          0          0          0 |       849 
         4 |         0          0          0          0        383          0          0          0          0          0          0          0 |       383 
         5 |         0          0          0          0          0        461          0          0          0          0          0          0 |       461 
         6 |         0          0          0          0          0          0        229          0          0          0          0          0 |       229 
         7 |         0          0          0          0          0          0          0        882          0          0          0          0 |       882 
         . |         0          0          0          0          0          0          0          0     29,511          0          0          0 |    29,511 
        .d |         0          0          0          0          0          0          0          0          0         61          0          0 |        61 
        .j |         0          0          0          0          0          0          0          0          0          0         12          0 |        12 
        .r |         0          0          0          0          0          0          0          0          0          0          0          7 |         7 
-----------+------------------------------------------------------------------------------------------------------------------------------------+----------
     Total |     9,539      2,134      1,166        849        383        461        229        882     29,511         61         12          7 |    45,234 

. fre heavydrink2020

heavydrink2020 -- Heavy drinker (binary), 2020
---------------------------------------------------------------------
                        |      Freq.    Percent      Valid       Cum.
------------------------+--------------------------------------------
Valid   0 not heavy     |      14480      32.01      92.84      92.84
        1 heavy drinker |       1117       2.47       7.16     100.00
        Total           |      15597      34.48     100.00           
Missing .               |      29637      65.52                      
Total                   |      45234     100.00                      
---------------------------------------------------------------------

. fre bingedrink2020

bingedrink2020 -- Binge drinker (binary), 2020
----------------------------------------------------------------
                   |      Freq.    Percent      Valid       Cum.
-------------------+--------------------------------------------
Valid   0 no binge |      15103      33.39      96.52      96.52
        1 binge    |        544       1.20       3.48     100.00
        Total      |      15647      34.59     100.00           
Missing .          |      29587      65.41                      
Total              |      45234     100.00                      
----------------------------------------------------------------

. 
. foreach year in 1992 1994 {
  2.     gen drinksday`year' = .
  3.     label var drinksday`year' "# alcoholic drinks per drinking day, `year', count"
  4. 
.     gen dayweekdrink`year' = .
  5.     label var dayweekdrink`year' "# days per week drinking, `year', count"
  6. 
.     gen drinksweek`year' = .
  7.     label var drinksweek`year' "# alcoholic drinks per week, `year', count"
  8. 
.     gen heavydrink`year' = .
  9.     label var heavydrink`year' "Heavy drinker (binary), `year'"
 10. 
.     gen bingedrink`year' = .
 11.     label var bingedrink`year' "Binge drinker (binary), `year'"
 12. }
(45,234 missing values generated)
(45,234 missing values generated)
(45,234 missing values generated)
(45,234 missing values generated)
(45,234 missing values generated)
(45,234 missing values generated)
(45,234 missing values generated)
(45,234 missing values generated)
(45,234 missing values generated)
(45,234 missing values generated)

. 
. ** Physical Activity
. * NOT comparable across all waves:
. * W1-W6: vigorous activity 3+/week (r`i'vigact, 0/1)
. * W1-W2: light activity 3+/week    (r`i'lhtact, 0/1)
. * W7-W16: vigorous/moderate/light frequency scales 1=every day..5=never
. *          (r`i'vgactx, r`i'mdactx, r`i'ltactx)
. label define yesno 0 "no" 1 "yes", replace

. label define actfreqlbl 1 "every day" 2 ">1/week" 3 "1/week" 4 "1-3/month" 5 "never", replace

. 
. local years 1992 1994 1996 1998 2000 2002 2004 2006 2008 2010 2012 2014 2016 2018 2020 2022

. foreach stub in vigact3plus lightact3plus vigact_freq mdact_freq ltact_freq ///
>                 vigact_weekly mdact_weekly ltact_weekly {
  2.     forvalues i = 1/16 {
  3.         local year : word `i' of `years'
  4.         gen `stub'`year' = .
  5.     }
  6. }
(45,234 missing values generated)
(45,234 missing values generated)
(45,234 missing values generated)
(45,234 missing values generated)
(45,234 missing values generated)
(45,234 missing values generated)
(45,234 missing values generated)
(45,234 missing values generated)
(45,234 missing values generated)
(45,234 missing values generated)
(45,234 missing values generated)
(45,234 missing values generated)
(45,234 missing values generated)
(45,234 missing values generated)
(45,234 missing values generated)
(45,234 missing values generated)
(45,234 missing values generated)
(45,234 missing values generated)
(45,234 missing values generated)
(45,234 missing values generated)
(45,234 missing values generated)
(45,234 missing values generated)
(45,234 missing values generated)
(45,234 missing values generated)
(45,234 missing values generated)
(45,234 missing values generated)
(45,234 missing values generated)
(45,234 missing values generated)
(45,234 missing values generated)
(45,234 missing values generated)
(45,234 missing values generated)
(45,234 missing values generated)
(45,234 missing values generated)
(45,234 missing values generated)
(45,234 missing values generated)
(45,234 missing values generated)
(45,234 missing values generated)
(45,234 missing values generated)
(45,234 missing values generated)
(45,234 missing values generated)
(45,234 missing values generated)
(45,234 missing values generated)
(45,234 missing values generated)
(45,234 missing values generated)
(45,234 missing values generated)
(45,234 missing values generated)
(45,234 missing values generated)
(45,234 missing values generated)
(45,234 missing values generated)
(45,234 missing values generated)
(45,234 missing values generated)
(45,234 missing values generated)
(45,234 missing values generated)
(45,234 missing values generated)
(45,234 missing values generated)
(45,234 missing values generated)
(45,234 missing values generated)
(45,234 missing values generated)
(45,234 missing values generated)
(45,234 missing values generated)
(45,234 missing values generated)
(45,234 missing values generated)
(45,234 missing values generated)
(45,234 missing values generated)
(45,234 missing values generated)
(45,234 missing values generated)
(45,234 missing values generated)
(45,234 missing values generated)
(45,234 missing values generated)
(45,234 missing values generated)
(45,234 missing values generated)
(45,234 missing values generated)
(45,234 missing values generated)
(45,234 missing values generated)
(45,234 missing values generated)
(45,234 missing values generated)
(45,234 missing values generated)
(45,234 missing values generated)
(45,234 missing values generated)
(45,234 missing values generated)
(45,234 missing values generated)
(45,234 missing values generated)
(45,234 missing values generated)
(45,234 missing values generated)
(45,234 missing values generated)
(45,234 missing values generated)
(45,234 missing values generated)
(45,234 missing values generated)
(45,234 missing values generated)
(45,234 missing values generated)
(45,234 missing values generated)
(45,234 missing values generated)
(45,234 missing values generated)
(45,234 missing values generated)
(45,234 missing values generated)
(45,234 missing values generated)
(45,234 missing values generated)
(45,234 missing values generated)
(45,234 missing values generated)
(45,234 missing values generated)
(45,234 missing values generated)
(45,234 missing values generated)
(45,234 missing values generated)
(45,234 missing values generated)
(45,234 missing values generated)
(45,234 missing values generated)
(45,234 missing values generated)
(45,234 missing values generated)
(45,234 missing values generated)
(45,234 missing values generated)
(45,234 missing values generated)
(45,234 missing values generated)
(45,234 missing values generated)
(45,234 missing values generated)
(45,234 missing values generated)
(45,234 missing values generated)
(45,234 missing values generated)
(45,234 missing values generated)
(45,234 missing values generated)
(45,234 missing values generated)
(45,234 missing values generated)
(45,234 missing values generated)
(45,234 missing values generated)
(45,234 missing values generated)
(45,234 missing values generated)
(45,234 missing values generated)
(45,234 missing values generated)
(45,234 missing values generated)

. forvalues i = 1/6 {
  2.     local year : word `i' of `years'
  3.     replace vigact3plus`year' = r`i'vigact
  4.     label values vigact3plus`year' yesno
  5.     label var vigact3plus`year' "Vigorous activity 3+/week (W1-W6), `year'"
  6. }
(12,652 real changes made)
(19,642 real changes made, 8,560 to missing)
(17,991 real changes made, 9 to missing)
(21,384 real changes made, 11 to missing)
(19,578 real changes made, 6 to missing)
(18,165 real changes made, 7 to missing)

. forvalues i = 1/2 {
  2.     local year : word `i' of `years'
  3.     replace lightact3plus`year' = r`i'lhtact
  4.     label values lightact3plus`year' yesno
  5.     label var lightact3plus`year' "Light activity 3+/week (W1-W2), `year'"
  6. }
(12,652 real changes made)
(19,642 real changes made, 8,492 to missing)

. forvalues i = 7/16 {
  2.     local year : word `i' of `years'
  3.     replace vigact_freq`year' = r`i'vgactx
  4.     replace mdact_freq`year'  = r`i'mdactx
  5.     replace ltact_freq`year'  = r`i'ltactx
  6.     foreach d in vigact mdact ltact {
  7.         replace `d'_weekly`year' = 0 if inlist(`d'_freq`year',4,5)
  8.         replace `d'_weekly`year' = 1 if inlist(`d'_freq`year',1,2,3)
  9.         label values `d'_weekly`year' yesno
 10.     }
 11.     label values vigact_freq`year' actfreqlbl
 12.     label values mdact_freq`year'  actfreqlbl
 13.     label values ltact_freq`year'  actfreqlbl
 14.     label var vigact_freq`year' "Vigorous activity freq (W7-W16), `year'"
 15.     label var mdact_freq`year'  "Moderate activity freq (W7-W16), `year'"
 16.     label var ltact_freq`year'  "Light activity freq (W7-W16), `year'"
 17.     label var vigact_weekly`year' "Vigorous activity >=weekly, `year'"
 18.     label var mdact_weekly`year'  "Moderate activity >=weekly, `year'"
 19.     label var ltact_weekly`year'  "Light activity >=weekly, `year'"
 20. }
(20,129 real changes made, 20 to missing)
(20,129 real changes made, 13 to missing)
(20,129 real changes made, 11 to missing)
(13,965 real changes made)
(6,144 real changes made)
(6,573 real changes made)
(13,543 real changes made)
(3,892 real changes made)
(16,226 real changes made)
(18,469 real changes made, 24 to missing)
(18,469 real changes made, 15 to missing)
(18,469 real changes made, 10 to missing)
(12,889 real changes made)
(5,556 real changes made)
(5,957 real changes made)
(12,497 real changes made)
(3,620 real changes made)
(14,839 real changes made)
(17,217 real changes made, 10 to missing)
(17,217 real changes made, 9 to missing)
(17,217 real changes made, 11 to missing)
(11,987 real changes made)
(5,220 real changes made)
(5,773 real changes made)
(11,435 real changes made)
(3,454 real changes made)
(13,752 real changes made)
(22,034 real changes made, 49 to missing)
(22,034 real changes made, 33 to missing)
(22,034 real changes made, 25 to missing)
(14,444 real changes made)
(7,541 real changes made)
(7,849 real changes made)
(14,152 real changes made)
(4,707 real changes made)
(17,302 real changes made)
(20,554 real changes made, 65 to missing)
(20,554 real changes made, 34 to missing)
(20,554 real changes made, 36 to missing)
(13,264 real changes made)
(7,225 real changes made)
(7,120 real changes made)
(13,400 real changes made)
(4,417 real changes made)
(16,101 real changes made)
(18,747 real changes made, 80 to missing)
(18,747 real changes made, 58 to missing)
(18,747 real changes made, 27 to missing)
(12,194 real changes made)
(6,473 real changes made)
(6,789 real changes made)
(11,900 real changes made)
(4,188 real changes made)
(14,532 real changes made)
(20,912 real changes made, 104 to missing)
(20,912 real changes made, 82 to missing)
(20,912 real changes made, 61 to missing)
(13,528 real changes made)
(7,280 real changes made)
(7,095 real changes made)
(13,735 real changes made)
(4,219 real changes made)
(16,632 real changes made)
(17,146 real changes made, 55 to missing)
(17,146 real changes made, 28 to missing)
(17,146 real changes made, 35 to missing)
(11,165 real changes made)
(5,926 real changes made)
(5,914 real changes made)
(11,204 real changes made)
(3,609 real changes made)
(13,502 real changes made)
(15,723 real changes made, 109 to missing)
(15,723 real changes made, 64 to missing)
(15,723 real changes made, 73 to missing)
(10,218 real changes made)
(5,396 real changes made)
(5,309 real changes made)
(10,350 real changes made)
(3,117 real changes made)
(12,533 real changes made)
(15,856 real changes made, 67 to missing)
(15,856 real changes made, 61 to missing)
(15,856 real changes made, 54 to missing)
(10,520 real changes made)
(5,269 real changes made)
(5,487 real changes made)
(10,308 real changes made)
(3,179 real changes made)
(12,623 real changes made)

. 
. ** Cognition -- continuous (0-27), ordinal (dementia[0-6], cognitive impairment no dementia[CIND; 7-11], normal; 12+), binary (dementia [0-6], no dementia [7+])
. * available from W3(1996) to W15(2020).
. label define cogcatlab 0 "dementia" 1 "CIND" 2 "normal"

. label define cogBlab 0 "no dementia" 1 "has dementia"

. 
. local years 1992 1994 1996 1998 2000 2002 2004 2006 2008 2010 2012 2014 2016 2018 2020 2022

. forvalues i = 3/15 {
  2.     local year : word `i' of `years'
  3.     gen cog`year' = r`i'cog27           
  4.     label var cog`year' "Cognitive function(0-27), `year'"
  5. 
.     gen cogcat`year' = .
  6.     replace cogcat`year' = 0 if cog`year'<7  & !missing(cog`year')
  7.     replace cogcat`year' = 1 if inrange(cog`year',7,11)
  8.     replace cogcat`year' = 2 if cog`year'>11 & !missing(cog`year')
  9.     replace cogcat`year' = cog`year' if mi(cog`year') & cog`year'!=.
 10.     label values cogcat`year' cogcatlab
 11.     label var cogcat`year' "Cognition, 3 categories, `year'"
 12. 
.     gen cogB`year' = .
 13.     replace cogB`year' = 1 if cog`year'<7  & !missing(cog`year')
 14.     replace cogB`year' = 0 if cog`year'>=7 & !missing(cog`year')
 15.     replace cogB`year' = cog`year' if mi(cog`year') & cog`year'!=.
 16.     label values cogB`year' cogBlab
 17.     label var cogB`year' "has Dementia (binary), `year'"
 18. }
(28,883 missing values generated)
(45,234 missing values generated)
(827 real changes made)
(2,681 real changes made)
(12,843 real changes made)
(1,640 real changes made, 1,640 to missing)
(45,234 missing values generated)
(827 real changes made)
(15,524 real changes made)
(1,640 real changes made, 1,640 to missing)
(25,893 missing values generated)
(45,234 missing values generated)
(894 real changes made)
(2,920 real changes made)
(15,527 real changes made)
(2,043 real changes made, 2,043 to missing)
(45,234 missing values generated)
(894 real changes made)
(18,447 real changes made)
(2,043 real changes made, 2,043 to missing)
(27,718 missing values generated)
(45,234 missing values generated)
(796 real changes made)
(2,877 real changes made)
(13,843 real changes made)
(2,062 real changes made, 2,062 to missing)
(45,234 missing values generated)
(796 real changes made)
(16,720 real changes made)
(2,062 real changes made, 2,062 to missing)
(29,105 missing values generated)
(45,234 missing values generated)
(642 real changes made)
(2,567 real changes made)
(12,920 real changes made)
(2,036 real changes made, 2,036 to missing)
(45,234 missing values generated)
(642 real changes made)
(15,487 real changes made)
(2,036 real changes made, 2,036 to missing)
(26,907 missing values generated)
(45,234 missing values generated)
(735 real changes made)
(2,948 real changes made)
(14,644 real changes made)
(1,802 real changes made, 1,802 to missing)
(45,234 missing values generated)
(735 real changes made)
(17,592 real changes made)
(1,802 real changes made, 1,802 to missing)
(28,025 missing values generated)
(45,234 missing values generated)
(807 real changes made)
(2,847 real changes made)
(13,555 real changes made)
(1,260 real changes made, 1,260 to missing)
(45,234 missing values generated)
(807 real changes made)
(16,402 real changes made)
(1,260 real changes made, 1,260 to missing)
(29,157 missing values generated)
(45,234 missing values generated)
(732 real changes made)
(2,692 real changes made)
(12,653 real changes made)
(1,140 real changes made, 1,140 to missing)
(45,234 missing values generated)
(732 real changes made)
(15,345 real changes made)
(1,140 real changes made, 1,140 to missing)
(24,582 missing values generated)
(45,234 missing values generated)
(811 real changes made)
(3,636 real changes made)
(16,205 real changes made)
(1,382 real changes made, 1,382 to missing)
(45,234 missing values generated)
(811 real changes made)
(19,841 real changes made)
(1,382 real changes made, 1,382 to missing)
(25,827 missing values generated)
(45,234 missing values generated)
(879 real changes made)
(3,508 real changes made)
(15,020 real changes made)
(1,147 real changes made, 1,147 to missing)
(45,234 missing values generated)
(879 real changes made)
(18,528 real changes made)
(1,147 real changes made, 1,147 to missing)
(27,536 missing values generated)
(45,234 missing values generated)
(844 real changes made)
(3,080 real changes made)
(13,774 real changes made)
(1,049 real changes made, 1,049 to missing)
(45,234 missing values generated)
(844 real changes made)
(16,854 real changes made)
(1,049 real changes made, 1,049 to missing)
(25,263 missing values generated)
(45,234 missing values generated)
(821 real changes made)
(3,464 real changes made)
(15,686 real changes made)
(941 real changes made, 941 to missing)
(45,234 missing values generated)
(821 real changes made)
(19,150 real changes made)
(941 real changes made, 941 to missing)
(28,751 missing values generated)
(45,234 missing values generated)
(617 real changes made)
(2,560 real changes made)
(13,306 real changes made)
(663 real changes made, 663 to missing)
(45,234 missing values generated)
(617 real changes made)
(15,866 real changes made)
(663 real changes made, 663 to missing)
(30,232 missing values generated)
(45,234 missing values generated)
(586 real changes made)
(2,355 real changes made)
(12,061 real changes made)
(721 real changes made, 721 to missing)
(45,234 missing values generated)
(586 real changes made)
(14,416 real changes made)
(721 real changes made, 721 to missing)

. tab cog2020 cogcat2020,m

 Cognitive |
function(0 |                   Cognition, 3 categories, 2020
-27), 2020 |  dementia       CIND     normal          .         .s         .x |     Total
-----------+------------------------------------------------------------------+----------
         0 |        11          0          0          0          0          0 |        11 
         1 |        21          0          0          0          0          0 |        21 
         2 |        48          0          0          0          0          0 |        48 
         3 |        59          0          0          0          0          0 |        59 
         4 |       109          0          0          0          0          0 |       109 
         5 |       144          0          0          0          0          0 |       144 
         6 |       194          0          0          0          0          0 |       194 
         7 |         0        302          0          0          0          0 |       302 
         8 |         0        340          0          0          0          0 |       340 
         9 |         0        420          0          0          0          0 |       420 
        10 |         0        593          0          0          0          0 |       593 
        11 |         0        700          0          0          0          0 |       700 
        12 |         0          0        822          0          0          0 |       822 
        13 |         0          0        984          0          0          0 |       984 
        14 |         0          0      1,096          0          0          0 |     1,096 
        15 |         0          0      1,221          0          0          0 |     1,221 
        16 |         0          0      1,282          0          0          0 |     1,282 
        17 |         0          0      1,343          0          0          0 |     1,343 
        18 |         0          0      1,229          0          0          0 |     1,229 
        19 |         0          0      1,111          0          0          0 |     1,111 
        20 |         0          0        893          0          0          0 |       893 
        21 |         0          0        713          0          0          0 |       713 
        22 |         0          0        513          0          0          0 |       513 
        23 |         0          0        366          0          0          0 |       366 
        24 |         0          0        220          0          0          0 |       220 
        25 |         0          0        140          0          0          0 |       140 
        26 |         0          0         95          0          0          0 |        95 
        27 |         0          0         33          0          0          0 |        33 
         . |         0          0          0     29,511          0          0 |    29,511 
        .s |         0          0          0          0        627          0 |       627 
        .x |         0          0          0          0          0         94 |        94 
-----------+------------------------------------------------------------------+----------
     Total |       586      2,355     12,061     29,511        627         94 |    45,234 

. tab cogcat2020 cogB2020,m

Cognition, |
         3 |
categories |              has Dementia (binary), 2020
    , 2020 | no dement  has demen          .         .s         .x |     Total
-----------+-------------------------------------------------------+----------
  dementia |         0        586          0          0          0 |       586 
      CIND |     2,355          0          0          0          0 |     2,355 
    normal |    12,061          0          0          0          0 |    12,061 
         . |         0          0     29,511          0          0 |    29,511 
        .s |         0          0          0        627          0 |       627 
        .x |         0          0          0          0         94 |        94 
-----------+-------------------------------------------------------+----------
     Total |    14,416        586     29,511        627         94 |    45,234 

. 
. ** Depressive Symptoms: CES-D, W2-W16
. *# Note: Wave 3(1996) -> introduced War Baby cohort, might explain the hight average cesd. 
. *# Note: RwCESD is the sum of 6 negative + 2 reverse-scored positive items = 0..8., NOT comparable for W1(1992).
. label define cesd4Blab 0 "CES-D <4" 1 "CES-D >=4 (elevated)"

. 
. local years 1992 1994 1996 1998 2000 2002 2004 2006 2008 2010 2012 2014 2016 2018 2020 2022

. forvalues i = 2/16 {
  2.     local year : word `i' of `years'
  3.     gen cesd`year' = r`i'cesd
  4.     label var cesd`year' "CES-D score (0-8), `year'"
  5. 
.     gen cesd_mean`year' = cesd`year'/8 if inrange(cesd`year',0,8)
  6.     replace cesd_mean`year' = cesd`year' if mi(cesd`year') & cesd`year'!=.
  7.     label var cesd_mean`year' "CES-D mean (0-1), `year'"
  8. 
.     gen cesd4B`year' = .
  9.     replace cesd4B`year' = 0 if inrange(cesd`year',0,3)
 10.     replace cesd4B`year' = 1 if inrange(cesd`year',4,8)
 11.     replace cesd4B`year' = cesd`year' if mi(cesd`year') & cesd`year'!=.
 12.     label values cesd4B`year' cesd4Blab
 13.     label var cesd4B`year' "Elevated depressive symptoms, CES-D>=4 (binary), `year'"
 14. 
.     * # of missing CES-D items (RwCESDM)
.     capture confirm variable r`i'cesdm
 15.     if !_rc {
 16.         gen cesd_nmiss`year' = r`i'cesdm
 17.         label var cesd_nmiss`year' "# missing CES-D items, `year'"
 18.     }
 19. 
.     * single CES-D "felt lonely" item (RwFLONE), binary 0/1, W2-W16
.     capture confirm variable r`i'flone
 20.     if !_rc {
 21.         gen lonely_cesd`year' = r`i'flone
 22.         label var lonely_cesd`year' "CES-D felt-lonely item (binary), `year'"
 23.     }
 24. }
(27,168 missing values generated)
(27,168 missing values generated)
(1,576 real changes made, 1,576 to missing)
(45,234 missing values generated)
(15,308 real changes made)
(2,758 real changes made)
(1,576 real changes made, 1,576 to missing)
(25,592 missing values generated)
(27,169 missing values generated)
(28,887 missing values generated)
(28,887 missing values generated)
(1,644 real changes made, 1,644 to missing)
(45,234 missing values generated)
(14,107 real changes made)
(2,240 real changes made)
(1,644 real changes made, 1,644 to missing)
(27,243 missing values generated)
(28,892 missing values generated)
(25,905 missing values generated)
(25,905 missing values generated)
(2,055 real changes made, 2,055 to missing)
(45,234 missing values generated)
(16,171 real changes made)
(3,158 real changes made)
(2,055 real changes made, 2,055 to missing)
(23,850 missing values generated)
(25,912 missing values generated)
(27,726 missing values generated)
(27,726 missing values generated)
(2,070 real changes made, 2,070 to missing)
(45,234 missing values generated)
(14,734 real changes made)
(2,774 real changes made)
(2,070 real changes made, 2,070 to missing)
(25,656 missing values generated)
(27,732 missing values generated)
(29,109 missing values generated)
(29,109 missing values generated)
(2,040 real changes made, 2,040 to missing)
(45,234 missing values generated)
(13,540 real changes made)
(2,585 real changes made)
(2,040 real changes made, 2,040 to missing)
(27,069 missing values generated)
(29,126 missing values generated)
(26,951 missing values generated)
(26,951 missing values generated)
(1,846 real changes made, 1,846 to missing)
(45,234 missing values generated)
(15,495 real changes made)
(2,788 real changes made)
(1,846 real changes made, 1,846 to missing)
(25,105 missing values generated)
(26,963 missing values generated)
(28,036 missing values generated)
(28,036 missing values generated)
(1,271 real changes made, 1,271 to missing)
(45,234 missing values generated)
(14,465 real changes made)
(2,733 real changes made)
(1,271 real changes made, 1,271 to missing)
(26,765 missing values generated)
(28,051 missing values generated)
(29,159 missing values generated)
(29,159 missing values generated)
(1,142 real changes made, 1,142 to missing)
(45,234 missing values generated)
(13,767 real changes made)
(2,308 real changes made)
(1,142 real changes made, 1,142 to missing)
(28,017 missing values generated)
(29,170 missing values generated)
(24,587 missing values generated)
(24,587 missing values generated)
(1,387 real changes made, 1,387 to missing)
(45,234 missing values generated)
(17,418 real changes made)
(3,229 real changes made)
(1,387 real changes made, 1,387 to missing)
(23,200 missing values generated)
(24,603 missing values generated)
(25,834 missing values generated)
(25,834 missing values generated)
(1,154 real changes made, 1,154 to missing)
(45,234 missing values generated)
(16,316 real changes made)
(3,084 real changes made)
(1,154 real changes made, 1,154 to missing)
(24,680 missing values generated)
(25,851 missing values generated)
(27,538 missing values generated)
(27,538 missing values generated)
(1,051 real changes made, 1,051 to missing)
(45,234 missing values generated)
(14,916 real changes made)
(2,780 real changes made)
(1,051 real changes made, 1,051 to missing)
(26,487 missing values generated)
(27,557 missing values generated)
(25,269 missing values generated)
(25,269 missing values generated)
(947 real changes made, 947 to missing)
(45,234 missing values generated)
(16,816 real changes made)
(3,149 real changes made)
(947 real changes made, 947 to missing)
(24,322 missing values generated)
(25,290 missing values generated)
(28,755 missing values generated)
(28,755 missing values generated)
(667 real changes made, 667 to missing)
(45,234 missing values generated)
(13,992 real changes made)
(2,487 real changes made)
(667 real changes made, 667 to missing)
(28,088 missing values generated)
(28,777 missing values generated)
(30,236 missing values generated)
(30,236 missing values generated)
(725 real changes made, 725 to missing)
(45,234 missing values generated)
(12,575 real changes made)
(2,423 real changes made)
(725 real changes made, 725 to missing)
(29,511 missing values generated)
(30,264 missing values generated)
(29,971 missing values generated)
(29,971 missing values generated)
(593 real changes made, 593 to missing)
(45,234 missing values generated)
(12,819 real changes made)
(2,444 real changes made)
(593 real changes made, 593 to missing)
(29,378 missing values generated)
(29,995 missing values generated)

. tab cesd2020 cesd4B2020,m

     CES-D |
     score |
    (0-8), |       Elevated depressive symptoms, CES-D>=4 (binary), 2020
      2020 |  CES-D <4  CES-D >=4          .         .j         .m         .s |     Total
-----------+------------------------------------------------------------------+----------
         0 |     6,521          0          0          0          0          0 |     6,521 
         1 |     3,386          0          0          0          0          0 |     3,386 
         2 |     1,705          0          0          0          0          0 |     1,705 
         3 |       963          0          0          0          0          0 |       963 
         4 |         0        701          0          0          0          0 |       701 
         5 |         0        573          0          0          0          0 |       573 
         6 |         0        488          0          0          0          0 |       488 
         7 |         0        388          0          0          0          0 |       388 
         8 |         0        273          0          0          0          0 |       273 
         . |         0          0     29,511          0          0          0 |    29,511 
        .j |         0          0          0          3          0          0 |         3 
        .m |         0          0          0          0          1          0 |         1 
        .s |         0          0          0          0          0        721 |       721 
-----------+------------------------------------------------------------------+----------
     Total |    12,575      2,423     29,511          3          1        721 |    45,234 

. 
. ** IADLs - Limitations in Instrumental Activities of Daily Living: whether respondent has difficulty using a telephone, taking medication, handling money, shopping,
>  preparing meals.
. label define iadlBlab 0 "no IADL limitations" 1 "has IADL limitation(s)"

. 
. local years 1992 1994 1996 1998 2000 2002 2004 2006 2008 2010 2012 2014 2016 2018 2020 2022

. forvalues i = 2/16 {
  2.     local year : word `i' of `years'
  3.     gen iadl`year' = r`i'iadl5a        // copy keeps .m/.q
  4.     label var iadl`year' "Limitations in IADLs, count, `year'"
  5. 
.     gen iadlB`year' = .
  6.     replace iadlB`year' = 0 if iadl`year'==0
  7.     replace iadlB`year' = 1 if inrange(iadl`year',1,5)
  8.     replace iadlB`year' = iadl`year' if mi(iadl`year') & iadl`year'!=.
  9.     label values iadlB`year' iadlBlab
 10.     label var iadlB`year' "Limitations in IADLs, binary, `year'"
 11. }
(37,013 missing values generated)
(45,234 missing values generated)
(6,446 real changes made)
(1,775 real changes made)
(11,421 real changes made, 11,421 to missing)
(27,283 missing values generated)
(45,234 missing values generated)
(15,147 real changes made)
(2,804 real changes made)
(40 real changes made, 40 to missing)
(23,881 missing values generated)
(45,234 missing values generated)
(18,117 real changes made)
(3,236 real changes made)
(31 real changes made, 31 to missing)
(25,682 missing values generated)
(45,234 missing values generated)
(16,598 real changes made)
(2,954 real changes made)
(26 real changes made, 26 to missing)
(27,076 missing values generated)
(45,234 missing values generated)
(15,252 real changes made)
(2,906 real changes made)
(7 real changes made, 7 to missing)
(25,118 missing values generated)
(45,234 missing values generated)
(16,959 real changes made)
(3,157 real changes made)
(13 real changes made, 13 to missing)
(26,774 missing values generated)
(45,234 missing values generated)
(15,430 real changes made)
(3,030 real changes made)
(9 real changes made, 9 to missing)
(28,027 missing values generated)
(45,234 missing values generated)
(14,348 real changes made)
(2,859 real changes made)
(10 real changes made, 10 to missing)
(23,339 missing values generated)
(45,234 missing values generated)
(18,062 real changes made)
(3,833 real changes made)
(139 real changes made, 139 to missing)
(24,698 missing values generated)
(45,234 missing values generated)
(16,985 real changes made)
(3,551 real changes made)
(18 real changes made, 18 to missing)
(26,504 missing values generated)
(45,234 missing values generated)
(15,269 real changes made)
(3,461 real changes made)
(17 real changes made, 17 to missing)
(24,360 missing values generated)
(45,234 missing values generated)
(17,238 real changes made)
(3,636 real changes made)
(38 real changes made, 38 to missing)
(28,120 missing values generated)
(45,234 missing values generated)
(14,219 real changes made)
(2,895 real changes made)
(32 real changes made, 32 to missing)
(29,588 missing values generated)
(45,234 missing values generated)
(13,158 real changes made)
(2,488 real changes made)
(77 real changes made, 77 to missing)
(29,447 missing values generated)
(45,234 missing values generated)
(13,114 real changes made)
(2,673 real changes made)
(69 real changes made, 69 to missing)

. 
. ** Diseases (per wave): High Blood Pressure, Diabetes (does NOT distinguish by types), Cancer, Lung Disease, Heart Disease, Stroke, Psychiatric Problems, Arthritisr
> itis
. label define `nm'lab 0 "no" 1 "yes"

. 
. local years 1992 1994 1996 1998 2000 2002 2004 2006 2008 2010 2012 2014 2016 2018 2020 2022

. forvalues i = 1/16 {
  2.     local year : word `i' of `years'
  3.     foreach dz in hibp diab cancr lung heart stroke psych arthr {
  4.         local nm : subinstr local dz "hibp"  "hypertension"
  5.         local nm : subinstr local nm  "diab"  "diabetes"
  6.         local nm : subinstr local nm  "cancr" "cancer"
  7.         local nm : subinstr local nm  "lung"  "lungdz"
  8.         local nm : subinstr local nm  "heart" "heartdz"
  9.         local nm : subinstr local nm  "arthr" "arthritis"
 10.         gen `nm'`year' = .
 11.         replace `nm'`year' = 0 if inlist(r`i'`dz',0,4)
 12.         replace `nm'`year' = 1 if inlist(r`i'`dz',1,3)
 13.         * stroke also has code 2 (=possible/recovered) treated as yes here
.         if "`dz'"=="stroke" replace `nm'`year' = 1 if r`i'`dz'==2
 14.         replace `nm'`year' = r`i'`dz' if mi(r`i'`dz') & r`i'`dz'!=.   // keep .d/.m/.r/.j
 15.         label values `nm'`year' `nm'lab
 16.         label var `nm'`year' "Has `nm', `year'"
 17.     }
 18.     * disease count 0-8; missing if 4+ of the 8 items are missing
.     egen dzcount`year' = rowtotal(hypertension`year' diabetes`year' cancer`year' ///
>         lungdz`year' heartdz`year' stroke`year' psych`year' arthritis`year')
 19.     egen _dzmiss`year' = rowmiss(hypertension`year' diabetes`year' cancer`year' ///
>         lungdz`year' heartdz`year' stroke`year' psych`year' arthritis`year')
 20.     replace dzcount`year' = . if _dzmiss`year' >= 4
 21.     drop _dzmiss`year'
 22.     label var dzcount`year' "Disease count (0-8), `year'"
 23. }
(45,234 missing values generated)
(7,784 real changes made)
(4,868 real changes made)
(0 real changes made)
(45,234 missing values generated)
(11,262 real changes made)
(1,390 real changes made)
(0 real changes made)
(45,234 missing values generated)
(11,949 real changes made)
(703 real changes made)
(0 real changes made)
(45,234 missing values generated)
(11,634 real changes made)
(1,018 real changes made)
(0 real changes made)
(45,234 missing values generated)
(10,986 real changes made)
(1,666 real changes made)
(0 real changes made)
(45,234 missing values generated)
(12,316 real changes made)
(336 real changes made)
(0 real changes made)
(0 real changes made)
(45,234 missing values generated)
(11,283 real changes made)
(1,369 real changes made)
(0 real changes made)
(45,234 missing values generated)
(7,880 real changes made)
(4,772 real changes made)
(0 real changes made)
(32,582 real changes made, 32,582 to missing)
(45,234 missing values generated)
(10,699 real changes made)
(4,665 real changes made)
(4,278 real changes made, 4,278 to missing)
(45,234 missing values generated)
(17,057 real changes made)
(1,371 real changes made)
(1,214 real changes made, 1,214 to missing)
(45,234 missing values generated)
(17,777 real changes made)
(1,273 real changes made)
(592 real changes made, 592 to missing)
(45,234 missing values generated)
(17,581 real changes made)
(1,173 real changes made)
(888 real changes made, 888 to missing)
(45,234 missing values generated)
(16,422 real changes made)
(3,210 real changes made)
(10 real changes made, 10 to missing)
(45,234 missing values generated)
(18,509 real changes made)
(1,133 real changes made)
(0 real changes made)
(0 real changes made)
(45,234 missing values generated)
(17,090 real changes made)
(1,352 real changes made)
(1,200 real changes made, 1,200 to missing)
(45,234 missing values generated)
(12,348 real changes made)
(3,042 real changes made)
(4,252 real changes made, 4,252 to missing)
(25,881 real changes made, 25,881 to missing)
(45,234 missing values generated)
(9,172 real changes made)
(8,301 real changes made)
(10 real changes made, 10 to missing)
(45,234 missing values generated)
(15,334 real changes made)
(2,480 real changes made)
(12 real changes made, 12 to missing)
(45,234 missing values generated)
(16,010 real changes made)
(1,880 real changes made)
(13 real changes made, 13 to missing)
(45,234 missing values generated)
(15,971 real changes made)
(1,751 real changes made)
(7 real changes made, 7 to missing)
(45,234 missing values generated)
(13,601 real changes made)
(4,119 real changes made)
(5 real changes made, 5 to missing)
(45,234 missing values generated)
(16,763 real changes made)
(1,228 real changes made)
(0 real changes made)
(0 real changes made)
(45,234 missing values generated)
(15,089 real changes made)
(2,467 real changes made)
(13 real changes made, 13 to missing)
(45,234 missing values generated)
(8,497 real changes made)
(9,101 real changes made)
(9 real changes made, 9 to missing)
(27,251 real changes made, 27,251 to missing)
(45,234 missing values generated)
(11,096 real changes made)
(9,948 real changes made)
(15 real changes made, 15 to missing)
(45,234 missing values generated)
(18,224 real changes made)
(3,043 real changes made)
(12 real changes made, 12 to missing)
(45,234 missing values generated)
(18,978 real changes made)
(2,333 real changes made)
(11 real changes made, 11 to missing)
(45,234 missing values generated)
(19,239 real changes made)
(1,932 real changes made)
(7 real changes made, 7 to missing)
(45,234 missing values generated)
(16,368 real changes made)
(4,307 real changes made)
(13 real changes made, 13 to missing)
(45,234 missing values generated)
(19,858 real changes made)
(1,526 real changes made)
(0 real changes made)
(0 real changes made)
(45,234 missing values generated)
(18,086 real changes made)
(2,998 real changes made)
(13 real changes made, 13 to missing)
(45,234 missing values generated)
(9,772 real changes made)
(11,257 real changes made)
(22 real changes made, 22 to missing)
(23,857 real changes made, 23,857 to missing)
(45,234 missing values generated)
(9,895 real changes made)
(9,670 real changes made)
(13 real changes made, 13 to missing)
(45,234 missing values generated)
(16,560 real changes made)
(3,010 real changes made)
(8 real changes made, 8 to missing)
(45,234 missing values generated)
(17,218 real changes made)
(2,345 real changes made)
(15 real changes made, 15 to missing)
(45,234 missing values generated)
(17,763 real changes made)
(1,802 real changes made)
(13 real changes made, 13 to missing)
(45,234 missing values generated)
(15,190 real changes made)
(4,380 real changes made)
(8 real changes made, 8 to missing)
(45,234 missing values generated)
(18,025 real changes made)
(1,553 real changes made)
(0 real changes made)
(0 real changes made)
(45,234 missing values generated)
(16,689 real changes made)
(2,880 real changes made)
(9 real changes made, 9 to missing)
(45,234 missing values generated)
(8,433 real changes made)
(11,130 real changes made)
(15 real changes made, 15 to missing)
(25,661 real changes made, 25,661 to missing)
(45,234 missing values generated)
(8,531 real changes made)
(9,616 real changes made)
(18 real changes made, 18 to missing)
(45,234 missing values generated)
(14,963 real changes made)
(3,194 real changes made)
(8 real changes made, 8 to missing)
(45,234 missing values generated)
(15,711 real changes made)
(2,447 real changes made)
(7 real changes made, 7 to missing)
(45,234 missing values generated)
(16,393 real changes made)
(1,762 real changes made)
(10 real changes made, 10 to missing)
(45,234 missing values generated)
(13,599 real changes made)
(4,554 real changes made)
(12 real changes made, 12 to missing)
(45,234 missing values generated)
(16,609 real changes made)
(1,556 real changes made)
(0 real changes made)
(0 real changes made)
(45,234 missing values generated)
(15,286 real changes made)
(2,869 real changes made)
(10 real changes made, 10 to missing)
(45,234 missing values generated)
(7,290 real changes made)
(10,849 real changes made)
(26 real changes made, 26 to missing)
(27,073 real changes made, 27,073 to missing)
(45,234 missing values generated)
(9,429 real changes made)
(10,671 real changes made)
(29 real changes made, 29 to missing)
(45,234 missing values generated)
(16,494 real changes made)
(3,614 real changes made)
(21 real changes made, 21 to missing)
(45,234 missing values generated)
(17,482 real changes made)
(2,631 real changes made)
(16 real changes made, 16 to missing)
(45,234 missing values generated)
(18,212 real changes made)
(1,904 real changes made)
(13 real changes made, 13 to missing)
(45,234 missing values generated)
(15,316 real changes made)
(4,792 real changes made)
(21 real changes made, 21 to missing)
(45,234 missing values generated)
(18,503 real changes made)
(1,626 real changes made)
(0 real changes made)
(0 real changes made)
(45,234 missing values generated)
(16,872 real changes made)
(3,226 real changes made)
(31 real changes made, 31 to missing)
(45,234 missing values generated)
(8,623 real changes made)
(11,481 real changes made)
(25 real changes made, 25 to missing)
(25,111 real changes made, 25,111 to missing)
(45,234 missing values generated)
(7,901 real changes made)
(10,536 real changes made)
(32 real changes made, 32 to missing)
(45,234 missing values generated)
(14,730 real changes made)
(3,719 real changes made)
(20 real changes made, 20 to missing)
(45,234 missing values generated)
(15,798 real changes made)
(2,654 real changes made)
(17 real changes made, 17 to missing)
(45,234 missing values generated)
(16,577 real changes made)
(1,871 real changes made)
(21 real changes made, 21 to missing)
(45,234 missing values generated)
(13,747 real changes made)
(4,702 real changes made)
(20 real changes made, 20 to missing)
(45,234 missing values generated)
(16,849 real changes made)
(1,620 real changes made)
(0 real changes made)
(0 real changes made)
(45,234 missing values generated)
(15,217 real changes made)
(3,230 real changes made)
(22 real changes made, 22 to missing)
(45,234 missing values generated)
(7,407 real changes made)
(11,043 real changes made)
(19 real changes made, 19 to missing)
(26,773 real changes made, 26,773 to missing)
(45,234 missing values generated)
(6,788 real changes made)
(10,403 real changes made)
(26 real changes made, 26 to missing)
(45,234 missing values generated)
(13,425 real changes made)
(3,774 real changes made)
(18 real changes made, 18 to missing)
(45,234 missing values generated)
(14,535 real changes made)
(2,670 real changes made)
(12 real changes made, 12 to missing)
(45,234 missing values generated)
(15,331 real changes made)
(1,875 real changes made)
(11 real changes made, 11 to missing)
(45,234 missing values generated)
(12,684 real changes made)
(4,515 real changes made)
(18 real changes made, 18 to missing)
(45,234 missing values generated)
(15,592 real changes made)
(1,625 real changes made)
(0 real changes made)
(0 real changes made)
(45,234 missing values generated)
(14,094 real changes made)
(3,105 real changes made)
(18 real changes made, 18 to missing)
(45,234 missing values generated)
(6,598 real changes made)
(10,592 real changes made)
(27 real changes made, 27 to missing)
(28,021 real changes made, 28,021 to missing)
(45,234 missing values generated)
(9,116 real changes made)
(12,871 real changes made)
(47 real changes made, 47 to missing)
(45,234 missing values generated)
(16,972 real changes made)
(5,041 real changes made)
(21 real changes made, 21 to missing)
(45,234 missing values generated)
(18,973 real changes made)
(3,041 real changes made)
(20 real changes made, 20 to missing)
(45,234 missing values generated)
(19,814 real changes made)
(2,203 real changes made)
(17 real changes made, 17 to missing)
(45,234 missing values generated)
(16,930 real changes made)
(5,083 real changes made)
(21 real changes made, 21 to missing)
(45,234 missing values generated)
(20,198 real changes made)
(1,836 real changes made)
(0 real changes made)
(0 real changes made)
(45,234 missing values generated)
(17,983 real changes made)
(4,015 real changes made)
(36 real changes made, 36 to missing)
(45,234 missing values generated)
(9,987 real changes made)
(12,005 real changes made)
(42 real changes made, 42 to missing)
(23,203 real changes made, 23,203 to missing)
(45,234 missing values generated)
(8,065 real changes made)
(12,450 real changes made)
(39 real changes made, 39 to missing)
(45,234 missing values generated)
(15,600 real changes made)
(4,936 real changes made)
(18 real changes made, 18 to missing)
(45,234 missing values generated)
(17,505 real changes made)
(3,033 real changes made)
(16 real changes made, 16 to missing)
(45,234 missing values generated)
(18,420 real changes made)
(2,124 real changes made)
(10 real changes made, 10 to missing)
(45,234 missing values generated)
(15,575 real changes made)
(4,960 real changes made)
(19 real changes made, 19 to missing)
(45,234 missing values generated)
(18,700 real changes made)
(1,854 real changes made)
(0 real changes made)
(0 real changes made)
(45,234 missing values generated)
(16,632 real changes made)
(3,891 real changes made)
(31 real changes made, 31 to missing)
(45,234 missing values generated)
(8,853 real changes made)
(11,674 real changes made)
(27 real changes made, 27 to missing)
(24,684 real changes made, 24,684 to missing)
(45,234 missing values generated)
(7,031 real changes made)
(11,685 real changes made)
(31 real changes made, 31 to missing)
(45,234 missing values generated)
(13,994 real changes made)
(4,738 real changes made)
(15 real changes made, 15 to missing)
(45,234 missing values generated)
(15,828 real changes made)
(2,902 real changes made)
(17 real changes made, 17 to missing)
(45,234 missing values generated)
(16,744 real changes made)
(1,985 real changes made)
(18 real changes made, 18 to missing)
(45,234 missing values generated)
(14,026 real changes made)
(4,697 real changes made)
(24 real changes made, 24 to missing)
(45,234 missing values generated)
(16,986 real changes made)
(1,761 real changes made)
(0 real changes made)
(0 real changes made)
(45,234 missing values generated)
(15,056 real changes made)
(3,661 real changes made)
(30 real changes made, 30 to missing)
(45,234 missing values generated)
(7,694 real changes made)
(11,018 real changes made)
(35 real changes made, 35 to missing)
(26,493 real changes made, 26,493 to missing)
(45,234 missing values generated)
(8,480 real changes made)
(12,384 real changes made)
(48 real changes made, 48 to missing)
(45,234 missing values generated)
(15,468 real changes made)
(5,418 real changes made)
(26 real changes made, 26 to missing)
(45,234 missing values generated)
(17,912 real changes made)
(2,982 real changes made)
(18 real changes made, 18 to missing)
(45,234 missing values generated)
(18,762 real changes made)
(2,125 real changes made)
(25 real changes made, 25 to missing)
(45,234 missing values generated)
(16,190 real changes made)
(4,697 real changes made)
(25 real changes made, 25 to missing)
(45,234 missing values generated)
(19,086 real changes made)
(1,826 real changes made)
(0 real changes made)
(0 real changes made)
(45,234 missing values generated)
(16,708 real changes made)
(4,178 real changes made)
(26 real changes made, 26 to missing)
(45,234 missing values generated)
(9,556 real changes made)
(11,321 real changes made)
(35 real changes made, 35 to missing)
(24,327 real changes made, 24,327 to missing)
(45,234 missing values generated)
(6,527 real changes made)
(10,474 real changes made)
(16 real changes made, 16 to missing)
(45,234 missing values generated)
(12,319 real changes made)
(4,686 real changes made)
(13 real changes made, 13 to missing)
(45,234 missing values generated)
(14,535 real changes made)
(2,592 real changes made)
(19 real changes made, 19 to missing)
(45,234 missing values generated)
(15,271 real changes made)
(1,845 real changes made)
(13 real changes made, 13 to missing)
(45,234 missing values generated)
(13,015 real changes made)
(4,038 real changes made)
(15 real changes made, 15 to missing)
(45,234 missing values generated)
(15,597 real changes made)
(1,549 real changes made)
(0 real changes made)
(0 real changes made)
(45,234 missing values generated)
(13,458 real changes made)
(3,575 real changes made)
(17 real changes made, 17 to missing)
(45,234 missing values generated)
(7,160 real changes made)
(9,931 real changes made)
(14 real changes made, 14 to missing)
(28,089 real changes made, 28,089 to missing)
(45,234 missing values generated)
(5,784 real changes made)
(9,778 real changes made)
(19 real changes made, 19 to missing)
(45,234 missing values generated)
(11,173 real changes made)
(4,410 real changes made)
(10 real changes made, 10 to missing)
(45,234 missing values generated)
(13,239 real changes made)
(2,471 real changes made)
(13 real changes made, 13 to missing)
(45,234 missing values generated)
(13,963 real changes made)
(1,721 real changes made)
(16 real changes made, 16 to missing)
(45,234 missing values generated)
(11,888 real changes made)
(3,714 real changes made)
(20 real changes made, 20 to missing)
(45,234 missing values generated)
(14,298 real changes made)
(1,425 real changes made)
(0 real changes made)
(0 real changes made)
(45,234 missing values generated)
(12,272 real changes made)
(3,323 real changes made)
(22 real changes made, 22 to missing)
(45,234 missing values generated)
(6,350 real changes made)
(9,279 real changes made)
(21 real changes made, 21 to missing)
(29,514 real changes made, 29,514 to missing)
(45,234 missing values generated)
(5,815 real changes made)
(9,897 real changes made)
(27 real changes made, 27 to missing)
(45,234 missing values generated)
(11,032 real changes made)
(4,751 real changes made)
(24 real changes made, 24 to missing)
(45,234 missing values generated)
(13,355 real changes made)
(2,465 real changes made)
(36 real changes made, 36 to missing)
(45,234 missing values generated)
(14,202 real changes made)
(1,602 real changes made)
(27 real changes made, 27 to missing)
(45,234 missing values generated)
(12,017 real changes made)
(3,755 real changes made)
(28 real changes made, 28 to missing)
(45,234 missing values generated)
(14,383 real changes made)
(1,473 real changes made)
(0 real changes made)
(0 real changes made)
(45,234 missing values generated)
(12,297 real changes made)
(3,449 real changes made)
(34 real changes made, 34 to missing)
(45,234 missing values generated)
(6,694 real changes made)
(9,112 real changes made)
(22 real changes made, 22 to missing)
(29,384 real changes made, 29,384 to missing)

. 
. * #Note: for hospital related variables, utilization counts use a 12-month recall in W1 but a 2-year/since-last-interview window in W2+, so W1 is NOT comparable to 
> W2+.
. ** Health care utilization counts and marital-history counts
. ** Hospital/utilization W1 is coded missing because W1 recall window is not comparable with W2+
. local years 1992 1994 1996 1998 2000 2002 2004 2006 2008 2010 2012 2014 2016 2018 2020 2022

. 
. * Hospital / utilization variables
. local hospstub "hspnit ndoctor nhospstay nnursstay nnursnit"

. local hospsrc  "hspnit doctim  hsptim    nrstim    nrsnit"

. local nhosp : word count `hospstub'

. * Marital-history variables
. local marstub "nmarry ndivorce nwidow"

. local marsrc  "mrct   mdiv     mwid"

. local nmar : word count `marstub'

. 
. forvalues i = 1/16 {
  2.     local year : word `i' of `years'
  3. 
.     * Hospital/utilization variables - W1/1992 stays missing
.     forvalues v = 1/`nhosp' {
  4.         local s   : word `v' of `hospstub'
  5.         local src : word `v' of `hospsrc'
  6. 
.         gen `s'`year' = .
  7.         capture confirm variable r`i'`src'
  8.         if !_rc & `i' > 1 replace `s'`year' = r`i'`src'
  9.     }
 10. 
.     * Marital-history variables
.     forvalues v = 1/`nmar' {
 11.         local s   : word `v' of `marstub'
 12.         local src : word `v' of `marsrc'
 13. 
.         gen `s'`year' = .
 14.         capture confirm variable r`i'`src'
 15.         if !_rc replace `s'`year' = r`i'`src'
 16.     }
 17.     label var hspnit`year'    "# nights in hospital, `year'"
 18.     label var ndoctor`year'   "# doctor visits, `year'"
 19.     label var nhospstay`year' "# hospital stays, `year'"
 20.     label var nnursstay`year' "# nursing-home stays, `year'"
 21.     label var nnursnit`year'  "# nursing-home nights, `year'"
 22. 
.     label var nmarry`year'    "# marriages (cumulative), `year'"
 23.     label var ndivorce`year'  "# times divorced (cumulative), `year'"
 24.     label var nwidow`year'    "# times widowed (cumulative), `year'"
 25. }
(45,234 missing values generated)
(45,234 missing values generated)
(45,234 missing values generated)
(45,234 missing values generated)
(45,234 missing values generated)
(45,234 missing values generated)
(12,652 real changes made, 38 to missing)
(45,234 missing values generated)
(12,652 real changes made)
(45,234 missing values generated)
(12,652 real changes made)
(45,234 missing values generated)
(19,642 real changes made, 49 to missing)
(45,234 missing values generated)
(19,642 real changes made, 231 to missing)
(45,234 missing values generated)
(19,642 real changes made, 18 to missing)
(45,234 missing values generated)
(19,642 real changes made, 6 to missing)
(45,234 missing values generated)
(19,642 real changes made, 12 to missing)
(45,234 missing values generated)
(19,642 real changes made, 68 to missing)
(45,234 missing values generated)
(19,642 real changes made)
(45,234 missing values generated)
(19,642 real changes made)
(45,234 missing values generated)
(17,991 real changes made, 126 to missing)
(45,234 missing values generated)
(17,991 real changes made, 440 to missing)
(45,234 missing values generated)
(17,991 real changes made, 66 to missing)
(45,234 missing values generated)
(17,991 real changes made, 50 to missing)
(45,234 missing values generated)
(17,991 real changes made, 65 to missing)
(45,234 missing values generated)
(17,991 real changes made, 60 to missing)
(45,234 missing values generated)
(17,991 real changes made)
(45,234 missing values generated)
(17,991 real changes made)
(45,234 missing values generated)
(21,384 real changes made, 123 to missing)
(45,234 missing values generated)
(21,384 real changes made, 464 to missing)
(45,234 missing values generated)
(21,384 real changes made, 63 to missing)
(45,234 missing values generated)
(21,384 real changes made, 51 to missing)
(45,234 missing values generated)
(21,384 real changes made, 56 to missing)
(45,234 missing values generated)
(21,384 real changes made, 61 to missing)
(45,234 missing values generated)
(21,384 real changes made)
(45,234 missing values generated)
(21,384 real changes made)
(45,234 missing values generated)
(19,578 real changes made, 113 to missing)
(45,234 missing values generated)
(19,578 real changes made, 527 to missing)
(45,234 missing values generated)
(19,578 real changes made, 57 to missing)
(45,234 missing values generated)
(19,578 real changes made, 40 to missing)
(45,234 missing values generated)
(19,578 real changes made, 54 to missing)
(45,234 missing values generated)
(19,578 real changes made, 59 to missing)
(45,234 missing values generated)
(19,578 real changes made)
(45,234 missing values generated)
(19,578 real changes made)
(45,234 missing values generated)
(18,165 real changes made, 167 to missing)
(45,234 missing values generated)
(18,165 real changes made, 714 to missing)
(45,234 missing values generated)
(18,165 real changes made, 87 to missing)
(45,234 missing values generated)
(18,165 real changes made, 58 to missing)
(45,234 missing values generated)
(18,165 real changes made, 69 to missing)
(45,234 missing values generated)
(18,165 real changes made, 58 to missing)
(45,234 missing values generated)
(18,165 real changes made)
(45,234 missing values generated)
(18,165 real changes made)
(45,234 missing values generated)
(20,129 real changes made, 172 to missing)
(45,234 missing values generated)
(20,129 real changes made, 701 to missing)
(45,234 missing values generated)
(20,129 real changes made, 108 to missing)
(45,234 missing values generated)
(20,129 real changes made, 52 to missing)
(45,234 missing values generated)
(20,129 real changes made, 60 to missing)
(45,234 missing values generated)
(20,129 real changes made, 63 to missing)
(45,234 missing values generated)
(20,129 real changes made)
(45,234 missing values generated)
(20,129 real changes made)
(45,234 missing values generated)
(18,469 real changes made, 144 to missing)
(45,234 missing values generated)
(18,469 real changes made, 846 to missing)
(45,234 missing values generated)
(18,469 real changes made, 85 to missing)
(45,234 missing values generated)
(18,469 real changes made, 43 to missing)
(45,234 missing values generated)
(18,469 real changes made, 58 to missing)
(45,234 missing values generated)
(18,469 real changes made, 60 to missing)
(45,234 missing values generated)
(18,469 real changes made)
(45,234 missing values generated)
(18,469 real changes made)
(45,234 missing values generated)
(17,217 real changes made, 170 to missing)
(45,234 missing values generated)
(17,217 real changes made, 1,026 to missing)
(45,234 missing values generated)
(17,217 real changes made, 90 to missing)
(45,234 missing values generated)
(17,217 real changes made, 52 to missing)
(45,234 missing values generated)
(17,217 real changes made, 70 to missing)
(45,234 missing values generated)
(17,217 real changes made, 58 to missing)
(45,234 missing values generated)
(17,217 real changes made)
(45,234 missing values generated)
(17,217 real changes made)
(45,234 missing values generated)
(22,034 real changes made, 444 to missing)
(45,234 missing values generated)
(22,034 real changes made, 1,217 to missing)
(45,234 missing values generated)
(22,034 real changes made, 359 to missing)
(45,234 missing values generated)
(22,034 real changes made, 325 to missing)
(45,234 missing values generated)
(22,034 real changes made, 339 to missing)
(45,234 missing values generated)
(22,034 real changes made, 79 to missing)
(45,234 missing values generated)
(22,034 real changes made)
(45,234 missing values generated)
(22,034 real changes made)
(45,234 missing values generated)
(20,554 real changes made, 236 to missing)
(45,234 missing values generated)
(20,554 real changes made, 1,053 to missing)
(45,234 missing values generated)
(20,554 real changes made, 157 to missing)
(45,234 missing values generated)
(20,554 real changes made, 147 to missing)
(45,234 missing values generated)
(20,554 real changes made, 150 to missing)
(45,234 missing values generated)
(20,554 real changes made, 63 to missing)
(45,234 missing values generated)
(20,554 real changes made)
(45,234 missing values generated)
(20,554 real changes made)
(45,234 missing values generated)
(18,747 real changes made, 236 to missing)
(45,234 missing values generated)
(18,747 real changes made, 1,581 to missing)
(45,234 missing values generated)
(18,747 real changes made, 146 to missing)
(45,234 missing values generated)
(18,747 real changes made, 135 to missing)
(45,234 missing values generated)
(18,747 real changes made, 113 to missing)
(45,234 missing values generated)
(18,747 real changes made, 60 to missing)
(45,234 missing values generated)
(18,747 real changes made)
(45,234 missing values generated)
(18,747 real changes made)
(45,234 missing values generated)
(20,912 real changes made, 315 to missing)
(45,234 missing values generated)
(20,912 real changes made, 1,864 to missing)
(45,234 missing values generated)
(20,912 real changes made, 240 to missing)
(45,234 missing values generated)
(20,912 real changes made, 189 to missing)
(45,234 missing values generated)
(20,912 real changes made, 204 to missing)
(45,234 missing values generated)
(20,912 real changes made, 78 to missing)
(45,234 missing values generated)
(20,912 real changes made)
(45,234 missing values generated)
(20,912 real changes made)
(45,234 missing values generated)
(17,146 real changes made, 230 to missing)
(45,234 missing values generated)
(17,146 real changes made, 1,206 to missing)
(45,234 missing values generated)
(17,146 real changes made, 181 to missing)
(45,234 missing values generated)
(17,146 real changes made, 155 to missing)
(45,234 missing values generated)
(17,146 real changes made, 166 to missing)
(45,234 missing values generated)
(17,146 real changes made, 62 to missing)
(45,234 missing values generated)
(17,146 real changes made)
(45,234 missing values generated)
(17,146 real changes made)
(45,234 missing values generated)
(15,723 real changes made, 267 to missing)
(45,234 missing values generated)
(15,723 real changes made, 1,879 to missing)
(45,234 missing values generated)
(15,723 real changes made, 206 to missing)
(45,234 missing values generated)
(15,723 real changes made, 199 to missing)
(45,234 missing values generated)
(15,723 real changes made, 186 to missing)
(45,234 missing values generated)
(15,723 real changes made, 58 to missing)
(45,234 missing values generated)
(15,723 real changes made)
(45,234 missing values generated)
(15,723 real changes made)
(45,234 missing values generated)
(15,856 real changes made, 291 to missing)
(45,234 missing values generated)
(15,856 real changes made, 1,634 to missing)
(45,234 missing values generated)
(15,856 real changes made, 233 to missing)
(45,234 missing values generated)
(15,856 real changes made, 231 to missing)
(45,234 missing values generated)
(15,856 real changes made, 220 to missing)
(45,234 missing values generated)
(15,856 real changes made, 54 to missing)
(45,234 missing values generated)
(15,856 real changes made)
(45,234 missing values generated)
(15,856 real changes made)

. 
. 
. ** Vision & Hearing  (self-reported ratings)
. * Ratings are on a 1-5 scale: 1=poor 2=fair 3=good 4=very good 5=excellent
. * eyesight/hearing: W1-W16， near_eyesight/far_eyesight: W3-W16
. label define srscale5  1 "poor" 2 "fair" 3 "good" 4 "very good" 5 "excellent", replace

. label define srscale5B 0 "poor/fair" 1 "good/very good/excellent", replace

. 
. local years 1992 1994 1996 1998 2000 2002 2004 2006 2008 2010 2012 2014 2016 2018 2020 2022

. forvalues i = 1/16 {
  2.     local year : word `i' of `years'
  3. 
.     * eyesight/hearing: available W1-W16
.     gen eyesight`year' = .
  4.     capture confirm variable r`i'eyert
  5.     if !_rc replace eyesight`year' = r`i'eyert
  6. 
.     gen hearing`year' = .
  7.     capture confirm variable r`i'earrt
  8.     if !_rc replace hearing`year' = r`i'earrt
  9. 
.     * near/far eyesight: available W3-W16 only
.     gen near_eyesight`year' = .
 10.     if `i' >= 3 {
 11.         capture confirm variable r`i'eyenr
 12.         if !_rc replace near_eyesight`year' = r`i'eyenr
 13.     }
 14. 
.     gen far_eyesight`year' = .
 15.     if `i' >= 3 {
 16.         capture confirm variable r`i'eyefr
 17.         if !_rc replace far_eyesight`year' = r`i'eyefr
 18.     }
 19. 
.     * binary versions
.     foreach s in eyesight hearing near_eyesight far_eyesight {
 20.         gen `s'B`year' = .
 21.         replace `s'B`year' = 0 if inlist(`s'`year',1,2)
 22.         replace `s'B`year' = 1 if inlist(`s'`year',3,4,5)
 23.         replace `s'B`year' = `s'`year' if mi(`s'`year') & `s'`year'!=.
 24. 
.         label values `s'`year'  srscale5
 25.         label values `s'B`year' srscale5B
 26.     }
 27. 
.     label var eyesight`year'       "Self-rated eyesight (1-5), `year'"
 28.     label var hearing`year'        "Self-rated hearing (1-5), `year'"
 29.     label var near_eyesight`year'  "Self-rated near vision (1-5, W3+), `year'"
 30.     label var far_eyesight`year'   "Self-rated distance vision (1-5, W3+), `year'"
 31. 
.     label var eyesightB`year'      "Good eyesight (binary), `year'"
 32.     label var hearingB`year'       "Good hearing (binary), `year'"
 33.     label var near_eyesightB`year' "Good near vision (binary, W3+), `year'"
 34.     label var far_eyesightB`year'  "Good distance vision (binary, W3+), `year'"
 35. }
(45,234 missing values generated)
(12,652 real changes made, 2 to missing)
(45,234 missing values generated)
(12,652 real changes made)
(45,234 missing values generated)
(45,234 missing values generated)
(45,234 missing values generated)
(1,666 real changes made)
(10,984 real changes made)
(2 real changes made, 2 to missing)
(45,234 missing values generated)
(1,777 real changes made)
(10,875 real changes made)
(0 real changes made)
(45,234 missing values generated)
(0 real changes made)
(0 real changes made)
(0 real changes made)
(45,234 missing values generated)
(0 real changes made)
(0 real changes made)
(0 real changes made)
(45,234 missing values generated)
(19,642 real changes made, 98 to missing)
(45,234 missing values generated)
(19,642 real changes made, 17 to missing)
(45,234 missing values generated)
(45,234 missing values generated)
(45,234 missing values generated)
(3,770 real changes made)
(15,774 real changes made)
(98 real changes made, 98 to missing)
(45,234 missing values generated)
(3,732 real changes made)
(15,893 real changes made)
(17 real changes made, 17 to missing)
(45,234 missing values generated)
(0 real changes made)
(0 real changes made)
(0 real changes made)
(45,234 missing values generated)
(0 real changes made)
(0 real changes made)
(0 real changes made)
(45,234 missing values generated)
(17,991 real changes made, 113 to missing)
(45,234 missing values generated)
(17,991 real changes made, 14 to missing)
(45,234 missing values generated)
(17,991 real changes made, 117 to missing)
(45,234 missing values generated)
(17,991 real changes made, 116 to missing)
(45,234 missing values generated)
(4,536 real changes made)
(13,342 real changes made)
(113 real changes made, 113 to missing)
(45,234 missing values generated)
(3,525 real changes made)
(14,452 real changes made)
(14 real changes made, 14 to missing)
(45,234 missing values generated)
(3,726 real changes made)
(14,148 real changes made)
(117 real changes made, 117 to missing)
(45,234 missing values generated)
(2,618 real changes made)
(15,257 real changes made)
(116 real changes made, 116 to missing)
(45,234 missing values generated)
(21,384 real changes made, 113 to missing)
(45,234 missing values generated)
(21,384 real changes made, 15 to missing)
(45,234 missing values generated)
(21,384 real changes made, 130 to missing)
(45,234 missing values generated)
(21,384 real changes made, 131 to missing)
(45,234 missing values generated)
(4,970 real changes made)
(16,301 real changes made)
(113 real changes made, 113 to missing)
(45,234 missing values generated)
(4,315 real changes made)
(17,054 real changes made)
(15 real changes made, 15 to missing)
(45,234 missing values generated)
(4,025 real changes made)
(17,229 real changes made)
(130 real changes made, 130 to missing)
(45,234 missing values generated)
(2,971 real changes made)
(18,282 real changes made)
(131 real changes made, 131 to missing)
(45,234 missing values generated)
(19,578 real changes made, 121 to missing)
(45,234 missing values generated)
(19,578 real changes made, 18 to missing)
(45,234 missing values generated)
(19,578 real changes made, 145 to missing)
(45,234 missing values generated)
(19,578 real changes made, 138 to missing)
(45,234 missing values generated)
(4,314 real changes made)
(15,143 real changes made)
(121 real changes made, 121 to missing)
(45,234 missing values generated)
(3,991 real changes made)
(15,569 real changes made)
(18 real changes made, 18 to missing)
(45,234 missing values generated)
(3,568 real changes made)
(15,865 real changes made)
(145 real changes made, 145 to missing)
(45,234 missing values generated)
(2,909 real changes made)
(16,531 real changes made)
(138 real changes made, 138 to missing)
(45,234 missing values generated)
(18,165 real changes made, 123 to missing)
(45,234 missing values generated)
(18,165 real changes made, 17 to missing)
(45,234 missing values generated)
(18,165 real changes made, 140 to missing)
(45,234 missing values generated)
(18,165 real changes made, 137 to missing)
(45,234 missing values generated)
(3,839 real changes made)
(14,203 real changes made)
(123 real changes made, 123 to missing)
(45,234 missing values generated)
(3,856 real changes made)
(14,292 real changes made)
(17 real changes made, 17 to missing)
(45,234 missing values generated)
(3,258 real changes made)
(14,767 real changes made)
(140 real changes made, 140 to missing)
(45,234 missing values generated)
(2,632 real changes made)
(15,396 real changes made)
(137 real changes made, 137 to missing)
(45,234 missing values generated)
(20,129 real changes made, 101 to missing)
(45,234 missing values generated)
(20,129 real changes made, 21 to missing)
(45,234 missing values generated)
(20,129 real changes made, 124 to missing)
(45,234 missing values generated)
(20,129 real changes made, 115 to missing)
(45,234 missing values generated)
(4,524 real changes made)
(15,504 real changes made)
(101 real changes made, 101 to missing)
(45,234 missing values generated)
(4,309 real changes made)
(15,799 real changes made)
(21 real changes made, 21 to missing)
(45,234 missing values generated)
(3,643 real changes made)
(16,362 real changes made)
(124 real changes made, 124 to missing)
(45,234 missing values generated)
(2,802 real changes made)
(17,212 real changes made)
(115 real changes made, 115 to missing)
(45,234 missing values generated)
(18,469 real changes made, 117 to missing)
(45,234 missing values generated)
(18,469 real changes made, 25 to missing)
(45,234 missing values generated)
(18,469 real changes made, 129 to missing)
(45,234 missing values generated)
(18,469 real changes made, 127 to missing)
(45,234 missing values generated)
(4,128 real changes made)
(14,224 real changes made)
(117 real changes made, 117 to missing)
(45,234 missing values generated)
(4,175 real changes made)
(14,269 real changes made)
(25 real changes made, 25 to missing)
(45,234 missing values generated)
(3,306 real changes made)
(15,034 real changes made)
(129 real changes made, 129 to missing)
(45,234 missing values generated)
(2,543 real changes made)
(15,799 real changes made)
(127 real changes made, 127 to missing)
(45,234 missing values generated)
(17,217 real changes made, 90 to missing)
(45,234 missing values generated)
(17,217 real changes made, 11 to missing)
(45,234 missing values generated)
(17,217 real changes made, 112 to missing)
(45,234 missing values generated)
(17,217 real changes made, 113 to missing)
(45,234 missing values generated)
(3,848 real changes made)
(13,279 real changes made)
(90 real changes made, 90 to missing)
(45,234 missing values generated)
(3,787 real changes made)
(13,419 real changes made)
(11 real changes made, 11 to missing)
(45,234 missing values generated)
(3,111 real changes made)
(13,994 real changes made)
(112 real changes made, 112 to missing)
(45,234 missing values generated)
(2,319 real changes made)
(14,785 real changes made)
(113 real changes made, 113 to missing)
(45,234 missing values generated)
(22,034 real changes made, 103 to missing)
(45,234 missing values generated)
(22,034 real changes made, 18 to missing)
(45,234 missing values generated)
(22,034 real changes made, 108 to missing)
(45,234 missing values generated)
(22,034 real changes made, 117 to missing)
(45,234 missing values generated)
(5,316 real changes made)
(16,615 real changes made)
(103 real changes made, 103 to missing)
(45,234 missing values generated)
(4,514 real changes made)
(17,502 real changes made)
(18 real changes made, 18 to missing)
(45,234 missing values generated)
(4,460 real changes made)
(17,466 real changes made)
(108 real changes made, 108 to missing)
(45,234 missing values generated)
(3,072 real changes made)
(18,845 real changes made)
(117 real changes made, 117 to missing)
(45,234 missing values generated)
(20,554 real changes made, 132 to missing)
(45,234 missing values generated)
(20,554 real changes made, 14 to missing)
(45,234 missing values generated)
(20,554 real changes made, 124 to missing)
(45,234 missing values generated)
(20,554 real changes made, 121 to missing)
(45,234 missing values generated)
(5,190 real changes made)
(15,232 real changes made)
(132 real changes made, 132 to missing)
(45,234 missing values generated)
(4,506 real changes made)
(16,034 real changes made)
(14 real changes made, 14 to missing)
(45,234 missing values generated)
(4,415 real changes made)
(16,015 real changes made)
(124 real changes made, 124 to missing)
(45,234 missing values generated)
(3,039 real changes made)
(17,394 real changes made)
(121 real changes made, 121 to missing)
(45,234 missing values generated)
(18,747 real changes made, 96 to missing)
(45,234 missing values generated)
(18,747 real changes made, 25 to missing)
(45,234 missing values generated)
(18,747 real changes made, 95 to missing)
(45,234 missing values generated)
(18,747 real changes made, 92 to missing)
(45,234 missing values generated)
(5,005 real changes made)
(13,646 real changes made)
(96 real changes made, 96 to missing)
(45,234 missing values generated)
(4,110 real changes made)
(14,612 real changes made)
(25 real changes made, 25 to missing)
(45,234 missing values generated)
(4,097 real changes made)
(14,555 real changes made)
(95 real changes made, 95 to missing)
(45,234 missing values generated)
(2,963 real changes made)
(15,692 real changes made)
(92 real changes made, 92 to missing)
(45,234 missing values generated)
(20,912 real changes made, 118 to missing)
(45,234 missing values generated)
(20,912 real changes made, 27 to missing)
(45,234 missing values generated)
(20,912 real changes made, 93 to missing)
(45,234 missing values generated)
(20,912 real changes made, 100 to missing)
(45,234 missing values generated)
(5,581 real changes made)
(15,213 real changes made)
(118 real changes made, 118 to missing)
(45,234 missing values generated)
(4,351 real changes made)
(16,534 real changes made)
(27 real changes made, 27 to missing)
(45,234 missing values generated)
(4,771 real changes made)
(16,048 real changes made)
(93 real changes made, 93 to missing)
(45,234 missing values generated)
(3,213 real changes made)
(17,599 real changes made)
(100 real changes made, 100 to missing)
(45,234 missing values generated)
(17,146 real changes made, 38 to missing)
(45,234 missing values generated)
(17,146 real changes made, 21 to missing)
(45,234 missing values generated)
(17,146 real changes made, 31 to missing)
(45,234 missing values generated)
(17,146 real changes made, 24 to missing)
(45,234 missing values generated)
(4,617 real changes made)
(12,491 real changes made)
(38 real changes made, 38 to missing)
(45,234 missing values generated)
(3,583 real changes made)
(13,542 real changes made)
(21 real changes made, 21 to missing)
(45,234 missing values generated)
(3,928 real changes made)
(13,187 real changes made)
(31 real changes made, 31 to missing)
(45,234 missing values generated)
(2,705 real changes made)
(14,417 real changes made)
(24 real changes made, 24 to missing)
(45,234 missing values generated)
(15,723 real changes made, 77 to missing)
(45,234 missing values generated)
(15,723 real changes made, 30 to missing)
(45,234 missing values generated)
(15,723 real changes made, 48 to missing)
(45,234 missing values generated)
(15,723 real changes made, 60 to missing)
(45,234 missing values generated)
(4,075 real changes made)
(11,571 real changes made)
(77 real changes made, 77 to missing)
(45,234 missing values generated)
(3,000 real changes made)
(12,693 real changes made)
(30 real changes made, 30 to missing)
(45,234 missing values generated)
(3,385 real changes made)
(12,290 real changes made)
(48 real changes made, 48 to missing)
(45,234 missing values generated)
(2,365 real changes made)
(13,298 real changes made)
(60 real changes made, 60 to missing)
(45,234 missing values generated)
(15,856 real changes made, 67 to missing)
(45,234 missing values generated)
(15,856 real changes made, 27 to missing)
(45,234 missing values generated)
(15,856 real changes made, 46 to missing)
(45,234 missing values generated)
(15,856 real changes made, 52 to missing)
(45,234 missing values generated)
(4,214 real changes made)
(11,575 real changes made)
(67 real changes made, 67 to missing)
(45,234 missing values generated)
(3,075 real changes made)
(12,754 real changes made)
(27 real changes made, 27 to missing)
(45,234 missing values generated)
(3,490 real changes made)
(12,320 real changes made)
(46 real changes made, 46 to missing)
(45,234 missing values generated)
(2,527 real changes made)
(13,277 real changes made)
(52 real changes made, 52 to missing)

. tab eyesight2016 eyesightB2016,m

Self-rated |
  eyesight |
    (1-5), |                         Good eyesight (binary), 2016
      2016 | poor/fair  good/very          .         .d         .m         .r         .s |     Total
-----------+-----------------------------------------------------------------------------+----------
      poor |     1,372          0          0          0          0          0          0 |     1,372 
      fair |     4,209          0          0          0          0          0          0 |     4,209 
      good |         0      8,710          0          0          0          0          0 |     8,710 
 very good |         0      4,872          0          0          0          0          0 |     4,872 
 excellent |         0      1,631          0          0          0          0          0 |     1,631 
         . |         0          0     24,322          0          0          0          0 |    24,322 
        .d |         0          0          0         56          0          0          0 |        56 
        .m |         0          0          0          0          1          0          0 |         1 
        .r |         0          0          0          0          0          8          0 |         8 
        .s |         0          0          0          0          0          0         53 |        53 
-----------+-----------------------------------------------------------------------------+----------
     Total |     5,581     15,213     24,322         56          1          8         53 |    45,234 

. tab hearing2020 hearingB2020,m

Self-rated |
   hearing |
    (1-5), |                    Good hearing (binary), 2020
      2020 | poor/fair  good/very          .         .d         .j         .r |     Total
-----------+------------------------------------------------------------------+----------
      poor |       625          0          0          0          0          0 |       625 
      fair |     2,375          0          0          0          0          0 |     2,375 
      good |         0      5,651          0          0          0          0 |     5,651 
 very good |         0      4,507          0          0          0          0 |     4,507 
 excellent |         0      2,535          0          0          0          0 |     2,535 
         . |         0          0     29,511          0          0          0 |    29,511 
        .d |         0          0          0         24          0          0 |        24 
        .j |         0          0          0          0          3          0 |         3 
        .r |         0          0          0          0          0          3 |         3 
-----------+------------------------------------------------------------------+----------
     Total |     3,000     12,693     29,511         24          3          3 |    45,234 

. tab near_eyesight2010 near_eyesightB2010,m

Self-rated |
      near |
    vision |
     (1-5, |               Good near vision (binary, W3+), 2010
W3+), 2010 | poor/fair  good/very          .         .d         .r         .s |     Total
-----------+------------------------------------------------------------------+----------
      poor |     1,529          0          0          0          0          0 |     1,529 
      fair |     2,931          0          0          0          0          0 |     2,931 
      good |         0      9,363          0          0          0          0 |     9,363 
 very good |         0      5,272          0          0          0          0 |     5,272 
 excellent |         0      2,831          0          0          0          0 |     2,831 
         . |         0          0     23,200          0          0          0 |    23,200 
        .d |         0          0          0         49          0          0 |        49 
        .r |         0          0          0          0          5          0 |         5 
        .s |         0          0          0          0          0         54 |        54 
-----------+------------------------------------------------------------------+----------
     Total |     4,460     17,466     23,200         49          5         54 |    45,234 

. 
. * Treatments / aids (0/1).  EYECAT W2-16; EYEGLC W3-16; EARAID W1-16.
. capture label define yesno 0 "no" 1 "yes", replace

. local years 1992 1994 1996 1998 2000 2002 2004 2006 2008 2010 2012 2014 2016 2018 2020 2022

. forvalues i = 1/16 {
  2.     local year : word `i' of `years'
  3. 
.     gen cataract`year' = .
  4.     if `i' >= 2 {
  5.         capture confirm variable r`i'eyecat
  6.         if !_rc replace cataract`year' = r`i'eyecat
  7.     }
  8. 
.     gen glaucoma`year' = .
  9.     if `i' >= 3 {
 10.         capture confirm variable r`i'eyeglc
 11.         if !_rc replace glaucoma`year' = r`i'eyeglc
 12.     }
 13. 
.     gen hearaid`year' = .
 14.     capture confirm variable r`i'earaid
 15.     if !_rc replace hearaid`year' = r`i'earaid
 16. 
.     label values cataract`year' yesno
 17.     label values glaucoma`year' yesno
 18.     label values hearaid`year'  yesno
 19. 
.     label var cataract`year' "Had cataract surgery (W2+), `year'"
 20.     label var glaucoma`year' "Glaucoma treatment (W3+), `year'"
 21.     label var hearaid`year'  "Uses hearing aid, `year'"
 22. }
(45,234 missing values generated)
(45,234 missing values generated)
(45,234 missing values generated)
(12,652 real changes made)
(45,234 missing values generated)
(19,642 real changes made, 11,427 to missing)
(45,234 missing values generated)
(45,234 missing values generated)
(19,642 real changes made, 3 to missing)
(45,234 missing values generated)
(17,991 real changes made, 10,388 to missing)
(45,234 missing values generated)
(17,991 real changes made, 10,399 to missing)
(45,234 missing values generated)
(17,991 real changes made, 4 to missing)
(45,234 missing values generated)
(21,384 real changes made, 10,601 to missing)
(45,234 missing values generated)
(21,384 real changes made, 10,907 to missing)
(45,234 missing values generated)
(21,384 real changes made, 1,074 to missing)
(45,234 missing values generated)
(19,578 real changes made, 9,559 to missing)
(45,234 missing values generated)
(19,578 real changes made, 9,335 to missing)
(45,234 missing values generated)
(19,578 real changes made, 479 to missing)
(45,234 missing values generated)
(18,165 real changes made, 7,786 to missing)
(45,234 missing values generated)
(18,165 real changes made, 7,845 to missing)
(45,234 missing values generated)
(18,165 real changes made, 815 to missing)
(45,234 missing values generated)
(20,129 real changes made, 9,954 to missing)
(45,234 missing values generated)
(20,129 real changes made, 10,013 to missing)
(45,234 missing values generated)
(20,129 real changes made, 1,260 to missing)
(45,234 missing values generated)
(18,469 real changes made, 8,421 to missing)
(45,234 missing values generated)
(18,469 real changes made, 8,225 to missing)
(45,234 missing values generated)
(18,469 real changes made, 1,364 to missing)
(45,234 missing values generated)
(17,217 real changes made, 7,550 to missing)
(45,234 missing values generated)
(17,217 real changes made, 7,103 to missing)
(45,234 missing values generated)
(17,217 real changes made, 1,434 to missing)
(45,234 missing values generated)
(22,034 real changes made, 13,054 to missing)
(45,234 missing values generated)
(22,034 real changes made, 12,363 to missing)
(45,234 missing values generated)
(22,034 real changes made, 1,379 to missing)
(45,234 missing values generated)
(20,554 real changes made, 12,237 to missing)
(45,234 missing values generated)
(20,554 real changes made, 11,192 to missing)
(45,234 missing values generated)
(20,554 real changes made, 1,624 to missing)
(45,234 missing values generated)
(18,747 real changes made, 10,952 to missing)
(45,234 missing values generated)
(18,747 real changes made, 9,815 to missing)
(45,234 missing values generated)
(18,747 real changes made, 1,628 to missing)
(45,234 missing values generated)
(20,912 real changes made, 13,766 to missing)
(45,234 missing values generated)
(20,912 real changes made, 12,338 to missing)
(45,234 missing values generated)
(20,912 real changes made, 1,525 to missing)
(45,234 missing values generated)
(17,146 real changes made, 10,991 to missing)
(45,234 missing values generated)
(17,146 real changes made, 9,533 to missing)
(45,234 missing values generated)
(17,146 real changes made, 1,525 to missing)
(45,234 missing values generated)
(15,723 real changes made, 8,953 to missing)
(45,234 missing values generated)
(15,723 real changes made, 7,424 to missing)
(45,234 missing values generated)
(15,723 real changes made, 1,156 to missing)
(45,234 missing values generated)
(15,856 real changes made, 9,152 to missing)
(45,234 missing values generated)
(15,856 real changes made, 7,937 to missing)
(45,234 missing values generated)
(15,856 real changes made, 1,338 to missing)

. 
. ** Sleep Trouble (W6-W16), reverse-coded so higher values mean more frequent sleep trouble:
. label define sleepfreq 1 "rarely or never" 2 "sometimes" 3 "most of the time", replace

. capture label define yesno 0 "no" 1 "yes", replace

. 
. local slpstub "sleepfall sleepwakn sleepwake"

. local slpsrc  "sleepfal  sleepwkn  sleepwke"

. local nslp : word count `slpstub'

. 
. local years 1992 1994 1996 1998 2000 2002 2004 2006 2008 2010 2012 2014 2016 2018 2020 2022

. forvalues i = 1/16 {
  2.     local year : word `i' of `years'
  3. 
.     foreach s of local slpstub {
  4.         gen `s'`year'  = .
  5.         gen `s'B`year' = .
  6.     }
  7. 
.     * Sleep items are available W6-W16 only
.     if `i' >= 6 {
  8.         forvalues v = 1/`nslp' {
  9.             local s   : word `v' of `slpstub'
 10.             local src : word `v' of `slpsrc'
 11. 
.             capture confirm variable r`i'`src'
 12.             if !_rc {
 13.                 replace `s'`year' = 4 - r`i'`src' if inrange(r`i'`src',1,3)
 14.                 replace `s'`year' = r`i'`src' if mi(r`i'`src') & r`i'`src'!=.
 15. 
.                 * Frequent difficulty = most of the time
.                 replace `s'B`year' = 1 if `s'`year'==3
 16.                 replace `s'B`year' = 0 if inlist(`s'`year',1,2)
 17.                 replace `s'B`year' = `s'`year' if mi(`s'`year') & `s'`year'!=.
 18.             }
 19.         }
 20.     }
 21. 
.     foreach s of local slpstub {
 22.         label values `s'`year'  sleepfreq
 23.         label values `s'B`year' yesno
 24.     }
 25. 
.     egen _slpn`year' = rowtotal(sleepfallB`year' sleepwaknB`year' sleepwakeB`year')
 26.     egen _slpm`year' = rowmiss(sleepfallB`year' sleepwaknB`year' sleepwakeB`year')
 27.     gen sleeptrouble`year' = _slpn`year' if _slpm`year' < 3
 28.     drop _slpn`year' _slpm`year'
 29. 
.     label var sleepfall`year'    "Trouble falling asleep, `year'"
 30.     label var sleepwakn`year'    "Trouble waking during night, `year'"
 31.     label var sleepwake`year'    "Trouble waking too early, `year'"
 32.     label var sleepfallB`year'   "Trouble falling asleep (binary), `year'"
 33.     label var sleepwaknB`year'   "Night waking (binary), `year'"
 34.     label var sleepwakeB`year'   "Early waking (binary), `year'"
 35.     label var sleeptrouble`year' "# of sleep problem, `year'"
 36. }
(45,234 missing values generated)
(45,234 missing values generated)
(45,234 missing values generated)
(45,234 missing values generated)
(45,234 missing values generated)
(45,234 missing values generated)
(45,234 missing values generated)
(45,234 missing values generated)
(45,234 missing values generated)
(45,234 missing values generated)
(45,234 missing values generated)
(45,234 missing values generated)
(45,234 missing values generated)
(45,234 missing values generated)
(45,234 missing values generated)
(45,234 missing values generated)
(45,234 missing values generated)
(45,234 missing values generated)
(45,234 missing values generated)
(45,234 missing values generated)
(45,234 missing values generated)
(45,234 missing values generated)
(45,234 missing values generated)
(45,234 missing values generated)
(45,234 missing values generated)
(45,234 missing values generated)
(45,234 missing values generated)
(45,234 missing values generated)
(45,234 missing values generated)
(45,234 missing values generated)
(45,234 missing values generated)
(45,234 missing values generated)
(45,234 missing values generated)
(45,234 missing values generated)
(45,234 missing values generated)
(45,234 missing values generated)
(45,234 missing values generated)
(45,234 missing values generated)
(45,234 missing values generated)
(45,234 missing values generated)
(45,234 missing values generated)
(18,127 real changes made)
(38 real changes made, 38 to missing)
(2,178 real changes made)
(15,949 real changes made)
(38 real changes made, 38 to missing)
(18,078 real changes made)
(87 real changes made, 87 to missing)
(4,327 real changes made)
(13,751 real changes made)
(87 real changes made, 87 to missing)
(18,077 real changes made)
(88 real changes made, 88 to missing)
(2,178 real changes made)
(15,899 real changes made)
(88 real changes made, 88 to missing)
(27,094 missing values generated)
(45,234 missing values generated)
(45,234 missing values generated)
(45,234 missing values generated)
(45,234 missing values generated)
(45,234 missing values generated)
(45,234 missing values generated)
(20,086 real changes made)
(43 real changes made, 43 to missing)
(2,780 real changes made)
(17,306 real changes made)
(43 real changes made, 43 to missing)
(20,041 real changes made)
(88 real changes made, 88 to missing)
(5,253 real changes made)
(14,788 real changes made)
(88 real changes made, 88 to missing)
(20,035 real changes made)
(94 real changes made, 94 to missing)
(2,692 real changes made)
(17,343 real changes made)
(94 real changes made, 94 to missing)
(25,130 missing values generated)
(45,234 missing values generated)
(45,234 missing values generated)
(45,234 missing values generated)
(45,234 missing values generated)
(45,234 missing values generated)
(45,234 missing values generated)
(18,434 real changes made)
(35 real changes made, 35 to missing)
(2,570 real changes made)
(15,864 real changes made)
(35 real changes made, 35 to missing)
(18,391 real changes made)
(78 real changes made, 78 to missing)
(4,783 real changes made)
(13,608 real changes made)
(78 real changes made, 78 to missing)
(18,374 real changes made)
(95 real changes made, 95 to missing)
(2,535 real changes made)
(15,839 real changes made)
(95 real changes made, 95 to missing)
(26,788 missing values generated)
(45,234 missing values generated)
(45,234 missing values generated)
(45,234 missing values generated)
(45,234 missing values generated)
(45,234 missing values generated)
(45,234 missing values generated)
(143 real changes made)
(17,074 real changes made, 17,074 to missing)
(25 real changes made)
(118 real changes made)
(17,074 real changes made, 17,074 to missing)
(143 real changes made)
(17,074 real changes made, 17,074 to missing)
(28 real changes made)
(115 real changes made)
(17,074 real changes made, 17,074 to missing)
(143 real changes made)
(17,074 real changes made, 17,074 to missing)
(18 real changes made)
(125 real changes made)
(17,074 real changes made, 17,074 to missing)
(45,091 missing values generated)
(45,234 missing values generated)
(45,234 missing values generated)
(45,234 missing values generated)
(45,234 missing values generated)
(45,234 missing values generated)
(45,234 missing values generated)
(21,986 real changes made)
(48 real changes made, 48 to missing)
(3,284 real changes made)
(18,702 real changes made)
(48 real changes made, 48 to missing)
(21,913 real changes made)
(121 real changes made, 121 to missing)
(5,335 real changes made)
(16,578 real changes made)
(121 real changes made, 121 to missing)
(21,941 real changes made)
(93 real changes made, 93 to missing)
(3,053 real changes made)
(18,888 real changes made)
(93 real changes made, 93 to missing)
(23,221 missing values generated)
(45,234 missing values generated)
(45,234 missing values generated)
(45,234 missing values generated)
(45,234 missing values generated)
(45,234 missing values generated)
(45,234 missing values generated)
(516 real changes made)
(20,038 real changes made, 20,038 to missing)
(77 real changes made)
(439 real changes made)
(20,038 real changes made, 20,038 to missing)
(513 real changes made)
(20,041 real changes made, 20,041 to missing)
(113 real changes made)
(400 real changes made)
(20,041 real changes made, 20,041 to missing)
(515 real changes made)
(20,039 real changes made, 20,039 to missing)
(68 real changes made)
(447 real changes made)
(20,039 real changes made, 20,039 to missing)
(44,717 missing values generated)
(45,234 missing values generated)
(45,234 missing values generated)
(45,234 missing values generated)
(45,234 missing values generated)
(45,234 missing values generated)
(45,234 missing values generated)
(18,672 real changes made)
(75 real changes made, 75 to missing)
(2,936 real changes made)
(15,736 real changes made)
(75 real changes made, 75 to missing)
(18,617 real changes made)
(130 real changes made, 130 to missing)
(4,608 real changes made)
(14,009 real changes made)
(130 real changes made, 130 to missing)
(18,666 real changes made)
(81 real changes made, 81 to missing)
(2,598 real changes made)
(16,068 real changes made)
(81 real changes made, 81 to missing)
(26,501 missing values generated)
(45,234 missing values generated)
(45,234 missing values generated)
(45,234 missing values generated)
(45,234 missing values generated)
(45,234 missing values generated)
(45,234 missing values generated)
(20,831 real changes made)
(81 real changes made, 81 to missing)
(3,538 real changes made)
(17,293 real changes made)
(81 real changes made, 81 to missing)
(20,785 real changes made)
(127 real changes made, 127 to missing)
(4,816 real changes made)
(15,969 real changes made)
(127 real changes made, 127 to missing)
(20,837 real changes made)
(75 real changes made, 75 to missing)
(3,094 real changes made)
(17,743 real changes made)
(75 real changes made, 75 to missing)
(24,336 missing values generated)
(45,234 missing values generated)
(45,234 missing values generated)
(45,234 missing values generated)
(45,234 missing values generated)
(45,234 missing values generated)
(45,234 missing values generated)
(17,087 real changes made)
(59 real changes made, 59 to missing)
(2,670 real changes made)
(14,417 real changes made)
(59 real changes made, 59 to missing)
(17,069 real changes made)
(77 real changes made, 77 to missing)
(3,843 real changes made)
(13,226 real changes made)
(77 real changes made, 77 to missing)
(17,098 real changes made)
(48 real changes made, 48 to missing)
(2,360 real changes made)
(14,738 real changes made)
(48 real changes made, 48 to missing)
(28,098 missing values generated)
(45,234 missing values generated)
(45,234 missing values generated)
(45,234 missing values generated)
(45,234 missing values generated)
(45,234 missing values generated)
(45,234 missing values generated)
(15,643 real changes made)
(80 real changes made, 80 to missing)
(2,508 real changes made)
(13,135 real changes made)
(80 real changes made, 80 to missing)
(15,596 real changes made)
(127 real changes made, 127 to missing)
(3,411 real changes made)
(12,185 real changes made)
(127 real changes made, 127 to missing)
(15,646 real changes made)
(77 real changes made, 77 to missing)
(2,038 real changes made)
(13,608 real changes made)
(77 real changes made, 77 to missing)
(29,522 missing values generated)
(45,234 missing values generated)
(45,234 missing values generated)
(45,234 missing values generated)
(45,234 missing values generated)
(45,234 missing values generated)
(45,234 missing values generated)
(15,779 real changes made)
(77 real changes made, 77 to missing)
(2,743 real changes made)
(13,036 real changes made)
(77 real changes made, 77 to missing)
(15,748 real changes made)
(108 real changes made, 108 to missing)
(3,714 real changes made)
(12,034 real changes made)
(108 real changes made, 108 to missing)
(15,788 real changes made)
(68 real changes made, 68 to missing)
(2,273 real changes made)
(13,515 real changes made)
(68 real changes made, 68 to missing)
(29,392 missing values generated)

. tab r15sleepfal sleepfall2020, m

    r15sleepfal:w15 r |
      reports trouble |                         Trouble falling asleep, 2020
       falling asleep | rarely or  sometimes  most of t          .         .d         .j         .r |     Total
----------------------+-----------------------------------------------------------------------------+----------
   1.most of the time |         0          0      2,508          0          0          0          0 |     2,508 
          2.sometimes |         0      5,704          0          0          0          0          0 |     5,704 
    3.rarely or never |     7,431          0          0          0          0          0          0 |     7,431 
                    . |         0          0          0     29,511          0          0          0 |    29,511 
                .d=dk |         0          0          0          0         71          0          0 |        71 
.j=web interview, mis |         0          0          0          0          0          2          0 |         2 
                .r=rf |         0          0          0          0          0          0          7 |         7 
----------------------+-----------------------------------------------------------------------------+----------
                Total |     7,431      5,704      2,508     29,511         71          2          7 |    45,234 

. tab r15sleepfal sleepfall2020, m

    r15sleepfal:w15 r |
      reports trouble |                         Trouble falling asleep, 2020
       falling asleep | rarely or  sometimes  most of t          .         .d         .j         .r |     Total
----------------------+-----------------------------------------------------------------------------+----------
   1.most of the time |         0          0      2,508          0          0          0          0 |     2,508 
          2.sometimes |         0      5,704          0          0          0          0          0 |     5,704 
    3.rarely or never |     7,431          0          0          0          0          0          0 |     7,431 
                    . |         0          0          0     29,511          0          0          0 |    29,511 
                .d=dk |         0          0          0          0         71          0          0 |        71 
.j=web interview, mis |         0          0          0          0          0          2          0 |         2 
                .r=rf |         0          0          0          0          0          0          7 |         7 
----------------------+-----------------------------------------------------------------------------+----------
                Total |     7,431      5,704      2,508     29,511         71          2          7 |    45,234 

. tab sleepfall2020 sleepfallB2020

                 |    Trouble falling
 Trouble falling | asleep (binary), 2020
    asleep, 2020 |        no        yes |     Total
-----------------+----------------------+----------
 rarely or never |     7,431          0 |     7,431 
       sometimes |     5,704          0 |     5,704 
most of the time |         0      2,508 |     2,508 
-----------------+----------------------+----------
           Total |    13,135      2,508 |    15,643 

. fre sleeptrouble2020

sleeptrouble2020 -- # of sleep problem, 2020
-----------------------------------------------------------
              |      Freq.    Percent      Valid       Cum.
--------------+--------------------------------------------
Valid   0     |      10783      23.84      68.63      68.63
        1     |       2755       6.09      17.53      86.16
        2     |       1320       2.92       8.40      94.56
        3     |        854       1.89       5.44     100.00
        Total |      15712      34.73     100.00           
Missing .     |      29522      65.27                      
Total         |      45234     100.00                      
-----------------------------------------------------------

. 
. ** Diabetes treatment & progression, asked only of Rs who report diabetes; non-diabetics may be .s(skipped).
. * dboralmed/dbinsulin: W1-W16, dbdiagyr: W1 and W7-W16, dbstage: W13-W16
. 
. capture label define yesno 0 "no" 1 "yes", replace

. 
. label define dbstagelbl 1 "has diabetes" 2 "borderline" 3 "pre-diabetes" ///
>     4 "blood sugar little high" 5 "impaired glucose tolerance" ///
>     6 "had before, not now" 7 "never had" 10 "other", replace

.         
. local years 1992 1994 1996 1998 2000 2002 2004 2006 2008 2010 2012 2014 2016 2018 2020 2022

. forvalues i = 1/16 {
  2.     local year : word `i' of `years'
  3. 
.     gen dboralmed`year' = .
  4.     capture confirm variable r`i'dborlmed
  5.     if !_rc replace dboralmed`year' = r`i'dborlmed
  6. 
.     gen dbinsulin`year' = .
  7.     capture confirm variable r`i'dbinsuln
  8.     if !_rc replace dbinsulin`year' = r`i'dbinsuln
  9. 
.     gen dbdiagyr`year' = .
 10.     if `i' == 1 | `i' >= 7 {
 11.         capture confirm variable r`i'dbdiagyr
 12.         if !_rc replace dbdiagyr`year' = r`i'dbdiagyr
 13.     }
 14. 
.     gen dbstage`year' = .
 15.     if `i' >= 13 {
 16.         capture confirm variable r`i'dbstage
 17.         if !_rc replace dbstage`year' = r`i'dbstage
 18.     }
 19. 
.     label values dboralmed`year' yesno
 20.     label values dbinsulin`year' yesno
 21.     label values dbstage`year' dbstagelbl
 22. 
.     label var dboralmed`year' "Taking oral meds for diabetes, `year'"
 23.     label var dbinsulin`year' "Taking insulin for diabetes, `year'"
 24.     label var dbdiagyr`year'  "Year diabetes first diagnosed, `year'"
 25.     label var dbstage`year'   "Diabetes stage, `year'"
 26. }
(45,234 missing values generated)
(12,652 real changes made, 11,262 to missing)
(45,234 missing values generated)
(12,652 real changes made, 11,262 to missing)
(45,234 missing values generated)
(12,652 real changes made, 11,262 to missing)
(45,234 missing values generated)
(45,234 missing values generated)
(19,642 real changes made, 18,277 to missing)
(45,234 missing values generated)
(19,642 real changes made, 18,278 to missing)
(45,234 missing values generated)
(45,234 missing values generated)
(45,234 missing values generated)
(17,991 real changes made, 15,513 to missing)
(45,234 missing values generated)
(17,991 real changes made, 15,513 to missing)
(45,234 missing values generated)
(45,234 missing values generated)
(45,234 missing values generated)
(21,384 real changes made, 18,344 to missing)
(45,234 missing values generated)
(21,384 real changes made, 18,341 to missing)
(45,234 missing values generated)
(45,234 missing values generated)
(45,234 missing values generated)
(19,578 real changes made, 16,568 to missing)
(45,234 missing values generated)
(19,578 real changes made, 16,571 to missing)
(45,234 missing values generated)
(45,234 missing values generated)
(45,234 missing values generated)
(18,165 real changes made, 14,973 to missing)
(45,234 missing values generated)
(18,165 real changes made, 14,973 to missing)
(45,234 missing values generated)
(45,234 missing values generated)
(45,234 missing values generated)
(20,129 real changes made, 16,517 to missing)
(45,234 missing values generated)
(20,129 real changes made, 16,516 to missing)
(45,234 missing values generated)
(20,129 real changes made, 17,735 to missing)
(45,234 missing values generated)
(45,234 missing values generated)
(18,469 real changes made, 14,752 to missing)
(45,234 missing values generated)
(18,469 real changes made, 14,752 to missing)
(45,234 missing values generated)
(18,469 real changes made, 15,673 to missing)
(45,234 missing values generated)
(45,234 missing values generated)
(17,217 real changes made, 13,450 to missing)
(45,234 missing values generated)
(17,217 real changes made, 13,445 to missing)
(45,234 missing values generated)
(17,217 real changes made, 14,194 to missing)
(45,234 missing values generated)
(45,234 missing values generated)
(22,034 real changes made, 17,103 to missing)
(45,234 missing values generated)
(22,034 real changes made, 17,106 to missing)
(45,234 missing values generated)
(22,034 real changes made, 17,691 to missing)
(45,234 missing values generated)
(45,234 missing values generated)
(20,554 real changes made, 15,753 to missing)
(45,234 missing values generated)
(20,554 real changes made, 15,753 to missing)
(45,234 missing values generated)
(20,554 real changes made, 16,049 to missing)
(45,234 missing values generated)
(45,234 missing values generated)
(18,747 real changes made, 14,128 to missing)
(45,234 missing values generated)
(18,747 real changes made, 14,128 to missing)
(45,234 missing values generated)
(18,747 real changes made, 14,276 to missing)
(45,234 missing values generated)
(45,234 missing values generated)
(20,912 real changes made, 15,577 to missing)
(45,234 missing values generated)
(20,912 real changes made, 16,404 to missing)
(45,234 missing values generated)
(20,912 real changes made, 15,971 to missing)
(45,234 missing values generated)
(20,912 real changes made, 15,565 to missing)
(45,234 missing values generated)
(17,146 real changes made, 12,530 to missing)
(45,234 missing values generated)
(17,146 real changes made, 13,816 to missing)
(45,234 missing values generated)
(17,146 real changes made, 12,910 to missing)
(45,234 missing values generated)
(17,146 real changes made, 12,301 to missing)
(45,234 missing values generated)
(15,723 real changes made, 11,330 to missing)
(45,234 missing values generated)
(15,723 real changes made, 12,227 to missing)
(45,234 missing values generated)
(15,723 real changes made, 11,816 to missing)
(45,234 missing values generated)
(15,723 real changes made, 11,196 to missing)
(45,234 missing values generated)
(15,856 real changes made, 11,117 to missing)
(45,234 missing values generated)
(15,856 real changes made, 11,887 to missing)
(45,234 missing values generated)
(15,856 real changes made, 11,935 to missing)
(45,234 missing values generated)
(15,856 real changes made, 11,008 to missing)

. 
. ********************************************************************************
. // 4. Social Relationship Information
. ********************************************************************************
. local years 1992 1994 1996 1998 2000 2002 2004 2006 2008 2010 2012 2014 2016 2018 2020 2022

. forvalues i = 1/16 {
  2.     local year : word `i' of `years'
  3.     gen livmom`year'  = r`i'momliv
  4.     label var livmom`year'  "Mother alive this wave, `year'"
  5.     gen livdad`year'  = r`i'dadliv
  6.     label var livdad`year'  "Father alive this wave, `year'"
  7.     gen nlivpar`year' = r`i'livpar
  8.     label var nlivpar`year' "# living parents, `year'"
  9.     gen nchild`year'  = h`i'child
 10.     label var nchild`year'  "# living (in-contact) children, `year'"
 11.     gen nlivbro`year' = r`i'livbro
 12.     label var nlivbro`year' "# living brothers, `year'"
 13.     gen nlivsis`year' = r`i'livsis
 14.     label var nlivsis`year' "# living sisters, `year'"
 15.     gen nlivsib`year' = r`i'livsib
 16.     label var nlivsib`year' "# living siblings, `year'"
 17. }
(32,750 missing values generated)
(32,905 missing values generated)
(32,919 missing values generated)
(32,681 missing values generated)
(33,289 missing values generated)
(33,292 missing values generated)
(33,292 missing values generated)
(25,730 missing values generated)
(25,756 missing values generated)
(25,808 missing values generated)
(25,743 missing values generated)
(25,953 missing values generated)
(25,956 missing values generated)
(25,966 missing values generated)
(27,405 missing values generated)
(27,382 missing values generated)
(27,489 missing values generated)
(27,274 missing values generated)
(27,302 missing values generated)
(27,296 missing values generated)
(27,324 missing values generated)
(24,066 missing values generated)
(24,096 missing values generated)
(24,173 missing values generated)
(23,919 missing values generated)
(24,160 missing values generated)
(24,203 missing values generated)
(24,342 missing values generated)
(25,913 missing values generated)
(25,778 missing values generated)
(25,979 missing values generated)
(25,696 missing values generated)
(25,788 missing values generated)
(25,783 missing values generated)
(25,879 missing values generated)
(27,311 missing values generated)
(27,169 missing values generated)
(27,362 missing values generated)
(27,090 missing values generated)
(27,088 missing values generated)
(27,092 missing values generated)
(27,101 missing values generated)
(25,332 missing values generated)
(25,228 missing values generated)
(25,409 missing values generated)
(25,163 missing values generated)
(25,339 missing values generated)
(25,347 missing values generated)
(25,571 missing values generated)
(26,976 missing values generated)
(26,865 missing values generated)
(27,039 missing values generated)
(26,808 missing values generated)
(26,790 missing values generated)
(26,781 missing values generated)
(26,801 missing values generated)
(28,209 missing values generated)
(28,113 missing values generated)
(28,272 missing values generated)
(28,054 missing values generated)
(28,214 missing values generated)
(28,222 missing values generated)
(28,413 missing values generated)
(23,446 missing values generated)
(23,441 missing values generated)
(23,609 missing values generated)
(23,290 missing values generated)
(23,218 missing values generated)
(23,227 missing values generated)
(23,225 missing values generated)
(24,862 missing values generated)
(24,808 missing values generated)
(24,956 missing values generated)
(24,723 missing values generated)
(24,693 missing values generated)
(24,692 missing values generated)
(24,690 missing values generated)
(26,707 missing values generated)
(26,635 missing values generated)
(26,814 missing values generated)
(26,510 missing values generated)
(26,552 missing values generated)
(26,556 missing values generated)
(26,567 missing values generated)
(24,471 missing values generated)
(24,489 missing values generated)
(24,593 missing values generated)
(24,398 missing values generated)
(24,345 missing values generated)
(24,347 missing values generated)
(24,343 missing values generated)
(28,208 missing values generated)
(28,197 missing values generated)
(28,290 missing values generated)
(28,105 missing values generated)
(28,096 missing values generated)
(28,094 missing values generated)
(28,096 missing values generated)
(29,628 missing values generated)
(29,603 missing values generated)
(29,692 missing values generated)
(29,537 missing values generated)
(29,527 missing values generated)
(29,527 missing values generated)
(29,525 missing values generated)
(29,501 missing values generated)
(29,541 missing values generated)
(29,615 missing values generated)
(29,534 missing values generated)
(29,434 missing values generated)
(29,436 missing values generated)
(29,423 missing values generated)

. 
. ********************************************************************************
. // 5. Leave-Behind Psychosocial (W8/2006 onward; rotating half-sample)
. ********************************************************************************
. * Note: Positive/negative affect use a 6-item version in W8 only, W9+ uses more items, so W8 posaffect/negaffect are left missing.
. local lbstubs  "lonely3 lonely11 chronicstress posaffect negaffect lifesat satfin satfam sathlth satleis big5neur big5ext big5open big5agr big5con5 big5con10"

. local lbsrc    "lblonely3 lblonely11 lbonchrstr lbposaffect lbnegaffect lbsatwlf lbsatfin lbsatfam lbsathlth lbsatleisure lbneur lbext lbopen lbagr lbcon5 lbcon10"

. local nlb : word count `lbstubs'

. local years 1992 1994 1996 1998 2000 2002 2004 2006 2008 2010 2012 2014 2016 2018 2020 2022

. forvalues i = 8/16 {
  2.     local year : word `i' of `years'
  3. 
.     forvalues k = 1/`nlb' {
  4.         local s   : word `k' of `lbstubs'
  5.         local src : word `k' of `lbsrc'
  6. 
.         gen `s'`year' = .
  7.                 
.         if `i' == 8 & inlist("`s'", "posaffect", "negaffect") continue
  8. 
.         capture confirm variable r`i'`src'
  9.         if !_rc replace `s'`year' = r`i'`src'
 10.     }
 11. 
.     label var lonely3`year'       "Loneliness, 3-item (LB), `year'"
 12.     label var lonely11`year'      "Loneliness, 11-item (LB), `year'"
 13.     label var chronicstress`year' "Ongoing chronic stress scale (LB), `year'"
 14.     label var posaffect`year'     "Positive affect (LB), `year'"
 15.     label var negaffect`year'     "Negative affect (LB), `year'"
 16.     label var lifesat`year'       "Life satisfaction (LB), `year'"
 17.     label var satfin`year'        "Satisfaction: finances (LB), `year'"
 18.     label var satfam`year'        "Satisfaction: family (LB), `year'"
 19.     label var sathlth`year'       "Satisfaction: health (LB), `year'"
 20.     label var satleis`year'       "Satisfaction: leisure (LB), `year'"
 21.     label var big5neur`year'      "Big-5 neuroticism (LB), `year'"
 22.     label var big5ext`year'       "Big-5 extraversion (LB), `year'"
 23.     label var big5open`year'      "Big-5 openness (LB), `year'"
 24.     label var big5agr`year'       "Big-5 agreeableness (LB), `year'"
 25.     label var big5con5`year'      "Big-5 conscientiousness, 5-item (LB), `year'"
 26.     label var big5con10`year'     "Big-5 conscientiousness, 10-item (LB), `year'"
 27. }
(45,234 missing values generated)
(18,469 real changes made, 10,868 to missing)
(45,234 missing values generated)
(45,234 missing values generated)
(18,469 real changes made, 10,902 to missing)
(45,234 missing values generated)
(45,234 missing values generated)
(45,234 missing values generated)
(18,469 real changes made, 10,875 to missing)
(45,234 missing values generated)
(18,469 real changes made, 10,902 to missing)
(45,234 missing values generated)
(45,234 missing values generated)
(45,234 missing values generated)
(45,234 missing values generated)
(18,469 real changes made, 10,891 to missing)
(45,234 missing values generated)
(18,469 real changes made, 10,888 to missing)
(45,234 missing values generated)
(18,469 real changes made, 10,948 to missing)
(45,234 missing values generated)
(18,469 real changes made, 10,873 to missing)
(45,234 missing values generated)
(18,469 real changes made, 10,895 to missing)
(45,234 missing values generated)
(45,234 missing values generated)
(17,217 real changes made, 10,305 to missing)
(45,234 missing values generated)
(17,217 real changes made, 10,275 to missing)
(45,234 missing values generated)
(45,234 missing values generated)
(17,217 real changes made, 10,288 to missing)
(45,234 missing values generated)
(17,217 real changes made, 10,279 to missing)
(45,234 missing values generated)
(17,217 real changes made, 10,264 to missing)
(45,234 missing values generated)
(17,217 real changes made, 10,285 to missing)
(45,234 missing values generated)
(17,217 real changes made, 10,304 to missing)
(45,234 missing values generated)
(17,217 real changes made, 10,283 to missing)
(45,234 missing values generated)
(17,217 real changes made, 10,313 to missing)
(45,234 missing values generated)
(17,217 real changes made, 10,260 to missing)
(45,234 missing values generated)
(17,217 real changes made, 10,252 to missing)
(45,234 missing values generated)
(17,217 real changes made, 10,284 to missing)
(45,234 missing values generated)
(17,217 real changes made, 10,252 to missing)
(45,234 missing values generated)
(17,217 real changes made, 10,267 to missing)
(45,234 missing values generated)
(45,234 missing values generated)
(22,034 real changes made, 13,848 to missing)
(45,234 missing values generated)
(22,034 real changes made, 13,829 to missing)
(45,234 missing values generated)
(22,034 real changes made, 13,843 to missing)
(45,234 missing values generated)
(22,034 real changes made, 13,856 to missing)
(45,234 missing values generated)
(22,034 real changes made, 13,853 to missing)
(45,234 missing values generated)
(22,034 real changes made, 13,780 to missing)
(45,234 missing values generated)
(22,034 real changes made, 13,864 to missing)
(45,234 missing values generated)
(22,034 real changes made, 13,882 to missing)
(45,234 missing values generated)
(22,034 real changes made, 13,842 to missing)
(45,234 missing values generated)
(22,034 real changes made, 13,886 to missing)
(45,234 missing values generated)
(22,034 real changes made, 13,862 to missing)
(45,234 missing values generated)
(22,034 real changes made, 13,853 to missing)
(45,234 missing values generated)
(22,034 real changes made, 13,900 to missing)
(45,234 missing values generated)
(22,034 real changes made, 13,854 to missing)
(45,234 missing values generated)
(22,034 real changes made, 13,865 to missing)
(45,234 missing values generated)
(22,034 real changes made, 13,868 to missing)
(45,234 missing values generated)
(20,554 real changes made, 13,260 to missing)
(45,234 missing values generated)
(20,554 real changes made, 13,245 to missing)
(45,234 missing values generated)
(20,554 real changes made, 13,327 to missing)
(45,234 missing values generated)
(20,554 real changes made, 13,314 to missing)
(45,234 missing values generated)
(20,554 real changes made, 13,310 to missing)
(45,234 missing values generated)
(20,554 real changes made, 13,302 to missing)
(45,234 missing values generated)
(20,554 real changes made, 13,310 to missing)
(45,234 missing values generated)
(20,554 real changes made, 13,329 to missing)
(45,234 missing values generated)
(20,554 real changes made, 13,299 to missing)
(45,234 missing values generated)
(20,554 real changes made, 13,312 to missing)
(45,234 missing values generated)
(20,554 real changes made, 13,295 to missing)
(45,234 missing values generated)
(20,554 real changes made, 13,292 to missing)
(45,234 missing values generated)
(20,554 real changes made, 13,326 to missing)
(45,234 missing values generated)
(20,554 real changes made, 13,298 to missing)
(45,234 missing values generated)
(20,554 real changes made, 13,299 to missing)
(45,234 missing values generated)
(20,554 real changes made, 13,302 to missing)
(45,234 missing values generated)
(18,747 real changes made, 11,308 to missing)
(45,234 missing values generated)
(18,747 real changes made, 11,296 to missing)
(45,234 missing values generated)
(18,747 real changes made, 11,345 to missing)
(45,234 missing values generated)
(18,747 real changes made, 11,311 to missing)
(45,234 missing values generated)
(18,747 real changes made, 11,299 to missing)
(45,234 missing values generated)
(18,747 real changes made, 11,282 to missing)
(45,234 missing values generated)
(18,747 real changes made, 11,382 to missing)
(45,234 missing values generated)
(18,747 real changes made, 11,382 to missing)
(45,234 missing values generated)
(18,747 real changes made, 11,355 to missing)
(45,234 missing values generated)
(18,747 real changes made, 11,386 to missing)
(45,234 missing values generated)
(18,747 real changes made, 11,321 to missing)
(45,234 missing values generated)
(18,747 real changes made, 11,314 to missing)
(45,234 missing values generated)
(18,747 real changes made, 11,360 to missing)
(45,234 missing values generated)
(18,747 real changes made, 11,320 to missing)
(45,234 missing values generated)
(18,747 real changes made, 11,329 to missing)
(45,234 missing values generated)
(18,747 real changes made, 11,334 to missing)
(45,234 missing values generated)
(20,912 real changes made, 14,668 to missing)
(45,234 missing values generated)
(20,912 real changes made, 14,651 to missing)
(45,234 missing values generated)
(20,912 real changes made, 14,675 to missing)
(45,234 missing values generated)
(20,912 real changes made, 14,668 to missing)
(45,234 missing values generated)
(20,912 real changes made, 14,661 to missing)
(45,234 missing values generated)
(20,912 real changes made, 14,606 to missing)
(45,234 missing values generated)
(20,912 real changes made, 14,713 to missing)
(45,234 missing values generated)
(20,912 real changes made, 14,714 to missing)
(45,234 missing values generated)
(20,912 real changes made, 14,695 to missing)
(45,234 missing values generated)
(20,912 real changes made, 14,709 to missing)
(45,234 missing values generated)
(20,912 real changes made, 14,639 to missing)
(45,234 missing values generated)
(20,912 real changes made, 14,633 to missing)
(45,234 missing values generated)
(20,912 real changes made, 14,654 to missing)
(45,234 missing values generated)
(20,912 real changes made, 14,638 to missing)
(45,234 missing values generated)
(20,912 real changes made, 14,644 to missing)
(45,234 missing values generated)
(20,912 real changes made, 14,648 to missing)
(45,234 missing values generated)
(17,146 real changes made, 11,495 to missing)
(45,234 missing values generated)
(17,146 real changes made, 11,487 to missing)
(45,234 missing values generated)
(17,146 real changes made, 11,552 to missing)
(45,234 missing values generated)
(17,146 real changes made, 11,538 to missing)
(45,234 missing values generated)
(17,146 real changes made, 11,536 to missing)
(45,234 missing values generated)
(17,146 real changes made, 11,472 to missing)
(45,234 missing values generated)
(17,146 real changes made, 11,538 to missing)
(45,234 missing values generated)
(17,146 real changes made, 11,547 to missing)
(45,234 missing values generated)
(17,146 real changes made, 11,519 to missing)
(45,234 missing values generated)
(17,146 real changes made, 11,543 to missing)
(45,234 missing values generated)
(17,146 real changes made, 11,512 to missing)
(45,234 missing values generated)
(17,146 real changes made, 11,497 to missing)
(45,234 missing values generated)
(17,146 real changes made, 11,529 to missing)
(45,234 missing values generated)
(17,146 real changes made, 11,497 to missing)
(45,234 missing values generated)
(17,146 real changes made, 11,508 to missing)
(45,234 missing values generated)
(17,146 real changes made, 11,511 to missing)
(45,234 missing values generated)
(15,723 real changes made, 11,095 to missing)
(45,234 missing values generated)
(15,723 real changes made, 11,088 to missing)
(45,234 missing values generated)
(15,723 real changes made, 11,102 to missing)
(45,234 missing values generated)
(15,723 real changes made, 11,108 to missing)
(45,234 missing values generated)
(15,723 real changes made, 11,106 to missing)
(45,234 missing values generated)
(15,723 real changes made, 11,085 to missing)
(45,234 missing values generated)
(15,723 real changes made, 11,137 to missing)
(45,234 missing values generated)
(15,723 real changes made, 11,155 to missing)
(45,234 missing values generated)
(15,723 real changes made, 11,128 to missing)
(45,234 missing values generated)
(15,723 real changes made, 11,150 to missing)
(45,234 missing values generated)
(15,723 real changes made, 11,101 to missing)
(45,234 missing values generated)
(15,723 real changes made, 11,100 to missing)
(45,234 missing values generated)
(15,723 real changes made, 11,117 to missing)
(45,234 missing values generated)
(15,723 real changes made, 11,101 to missing)
(45,234 missing values generated)
(15,723 real changes made, 11,103 to missing)
(45,234 missing values generated)
(15,723 real changes made, 11,106 to missing)
(45,234 missing values generated)
(15,856 real changes made, 11,442 to missing)
(45,234 missing values generated)
(15,856 real changes made, 11,437 to missing)
(45,234 missing values generated)
(15,856 real changes made, 11,480 to missing)
(45,234 missing values generated)
(15,856 real changes made, 11,473 to missing)
(45,234 missing values generated)
(15,856 real changes made, 11,471 to missing)
(45,234 missing values generated)
(15,856 real changes made, 11,442 to missing)
(45,234 missing values generated)
(15,856 real changes made, 11,472 to missing)
(45,234 missing values generated)
(15,856 real changes made, 11,486 to missing)
(45,234 missing values generated)
(15,856 real changes made, 11,463 to missing)
(45,234 missing values generated)
(15,856 real changes made, 11,479 to missing)
(45,234 missing values generated)
(15,856 real changes made, 11,462 to missing)
(45,234 missing values generated)
(15,856 real changes made, 11,455 to missing)
(45,234 missing values generated)
(15,856 real changes made, 11,469 to missing)
(45,234 missing values generated)
(15,856 real changes made, 11,462 to missing)
(45,234 missing values generated)
(15,856 real changes made, 11,460 to missing)
(45,234 missing values generated)
(15,856 real changes made, 11,458 to missing)

. 
. * Chronic-stressor component items (specific items to create chronicstress variable).  Scored 1-4: 1=No didn't happen, 2=Yes not upsetting, 3=Yes somewhat, 4=Yes ve
> ry upsetting.
. * W8 & W10-W16
. label define stresslbl 1 "no, didn't happen" 2 "yes, not upsetting" ///
>     3 "yes, somewhat upsetting" 4 "yes, very upsetting", replace

. 
. local years 1992 1994 1996 1998 2000 2002 2004 2006 2008 2010 2012 2014 2016 2018 2020 2022

. 
. local strstub "stress_health stress_famhlth stress_famdrug stress_work stress_fin stress_house stress_reltn stress_assist"

. local strsrc  "lbhlthprb     lbfamhlthprb   lbfamdrugprb   lbworkprb   lbfinprb   lbhouseprb   lbrltnshprb  lbassistprb"

. local nstr : word count `strstub'

. 
. forvalues i = 8/16 {
  2.     local year : word `i' of `years'
  3. 
.     forvalues k = 1/`nstr' {
  4.         local s   : word `k' of `strstub'
  5.         local src : word `k' of `strsrc'
  6. 
.         gen `s'`year' = .
  7. 
.         * Chronic-stressor items are not available in W9/2008
.         if `i' == 9 continue
  8. 
.         capture confirm variable r`i'`src'
  9.         if !_rc replace `s'`year' = r`i'`src'
 10. 
.         label values `s'`year' stresslbl
 11.     }
 12. 
.     label var stress_health`year'  "Ongoing health problem (LB), `year'"
 13.     label var stress_famhlth`year' "Ongoing family health problem (LB), `year'"
 14.     label var stress_famdrug`year' "Ongoing family drug/alcohol problem (LB), `year'"
 15.     label var stress_work`year'    "Ongoing work problem (LB), `year'"
 16.     label var stress_fin`year'     "Ongoing financial strain (LB), `year'"
 17.     label var stress_house`year'   "Ongoing housing problem (LB), `year'"
 18.     label var stress_reltn`year'   "Ongoing relationship problem (LB), `year'"
 19.     label var stress_assist`year'  "Ongoing caregiving/assistance problem (LB), `year'"
 20. }
(45,234 missing values generated)
(18,469 real changes made, 10,975 to missing)
(45,234 missing values generated)
(18,469 real changes made, 11,081 to missing)
(45,234 missing values generated)
(18,469 real changes made, 11,013 to missing)
(45,234 missing values generated)
(18,469 real changes made, 11,214 to missing)
(45,234 missing values generated)
(18,469 real changes made, 11,037 to missing)
(45,234 missing values generated)
(18,469 real changes made, 11,047 to missing)
(45,234 missing values generated)
(18,469 real changes made, 11,044 to missing)
(45,234 missing values generated)
(18,469 real changes made, 11,065 to missing)
(45,234 missing values generated)
(45,234 missing values generated)
(45,234 missing values generated)
(45,234 missing values generated)
(45,234 missing values generated)
(45,234 missing values generated)
(45,234 missing values generated)
(45,234 missing values generated)
(45,234 missing values generated)
(22,034 real changes made, 13,895 to missing)
(45,234 missing values generated)
(22,034 real changes made, 14,018 to missing)
(45,234 missing values generated)
(22,034 real changes made, 13,954 to missing)
(45,234 missing values generated)
(22,034 real changes made, 14,157 to missing)
(45,234 missing values generated)
(22,034 real changes made, 13,975 to missing)
(45,234 missing values generated)
(22,034 real changes made, 13,988 to missing)
(45,234 missing values generated)
(22,034 real changes made, 13,990 to missing)
(45,234 missing values generated)
(22,034 real changes made, 13,986 to missing)
(45,234 missing values generated)
(20,554 real changes made, 13,389 to missing)
(45,234 missing values generated)
(20,554 real changes made, 13,472 to missing)
(45,234 missing values generated)
(20,554 real changes made, 13,422 to missing)
(45,234 missing values generated)
(20,554 real changes made, 13,501 to missing)
(45,234 missing values generated)
(20,554 real changes made, 13,405 to missing)
(45,234 missing values generated)
(20,554 real changes made, 13,414 to missing)
(45,234 missing values generated)
(20,554 real changes made, 13,420 to missing)
(45,234 missing values generated)
(20,554 real changes made, 13,431 to missing)
(45,234 missing values generated)
(18,747 real changes made, 11,398 to missing)
(45,234 missing values generated)
(18,747 real changes made, 11,517 to missing)
(45,234 missing values generated)
(18,747 real changes made, 11,457 to missing)
(45,234 missing values generated)
(18,747 real changes made, 11,694 to missing)
(45,234 missing values generated)
(18,747 real changes made, 11,467 to missing)
(45,234 missing values generated)
(18,747 real changes made, 11,496 to missing)
(45,234 missing values generated)
(18,747 real changes made, 11,460 to missing)
(45,234 missing values generated)
(18,747 real changes made, 11,453 to missing)
(45,234 missing values generated)
(20,912 real changes made, 14,728 to missing)
(45,234 missing values generated)
(20,912 real changes made, 14,838 to missing)
(45,234 missing values generated)
(20,912 real changes made, 14,767 to missing)
(45,234 missing values generated)
(20,912 real changes made, 15,009 to missing)
(45,234 missing values generated)
(20,912 real changes made, 14,778 to missing)
(45,234 missing values generated)
(20,912 real changes made, 14,778 to missing)
(45,234 missing values generated)
(20,912 real changes made, 14,775 to missing)
(45,234 missing values generated)
(20,912 real changes made, 14,768 to missing)
(45,234 missing values generated)
(17,146 real changes made, 11,600 to missing)
(45,234 missing values generated)
(17,146 real changes made, 11,655 to missing)
(45,234 missing values generated)
(17,146 real changes made, 11,611 to missing)
(45,234 missing values generated)
(17,146 real changes made, 11,809 to missing)
(45,234 missing values generated)
(17,146 real changes made, 11,628 to missing)
(45,234 missing values generated)
(17,146 real changes made, 11,635 to missing)
(45,234 missing values generated)
(17,146 real changes made, 11,628 to missing)
(45,234 missing values generated)
(17,146 real changes made, 11,626 to missing)
(45,234 missing values generated)
(15,723 real changes made, 11,125 to missing)
(45,234 missing values generated)
(15,723 real changes made, 11,185 to missing)
(45,234 missing values generated)
(15,723 real changes made, 11,142 to missing)
(45,234 missing values generated)
(15,723 real changes made, 11,298 to missing)
(45,234 missing values generated)
(15,723 real changes made, 11,162 to missing)
(45,234 missing values generated)
(15,723 real changes made, 11,161 to missing)
(45,234 missing values generated)
(15,723 real changes made, 11,162 to missing)
(45,234 missing values generated)
(15,723 real changes made, 11,164 to missing)
(45,234 missing values generated)
(15,856 real changes made, 11,510 to missing)
(45,234 missing values generated)
(15,856 real changes made, 11,571 to missing)
(45,234 missing values generated)
(15,856 real changes made, 11,532 to missing)
(45,234 missing values generated)
(15,856 real changes made, 11,657 to missing)
(45,234 missing values generated)
(15,856 real changes made, 11,542 to missing)
(45,234 missing values generated)
(15,856 real changes made, 11,544 to missing)
(45,234 missing values generated)
(15,856 real changes made, 11,537 to missing)
(45,234 missing values generated)
(15,856 real changes made, 11,536 to missing)

. tab r10lbhlthprb stress_health2010,m

r10lbhlthprb:w10 self |
       ongoing health |                            Ongoing health problem (LB), 2010
             problems | no, didn'  yes, not   yes, some  yes, very          .         .a         .m         .n |     Total
----------------------+----------------------------------------------------------------------------------------+----------
 1. no did not happen |     2,648          0          0          0          0          0          0          0 |     2,648 
2. yes but not upsett |         0      2,483          0          0          0          0          0          0 |     2,483 
3. yes somewhat upset |         0          0      2,196          0          0          0          0          0 |     2,196 
4. yes very upsetting |         0          0          0        812          0          0          0          0 |       812 
                    . |         0          0          0          0     23,200          0          0          0 |    23,200 
 .a=ineligible for lb |         0          0          0          0          0     10,799          0          0 |    10,799 
     .m=other missing |         0          0          0          0          0          0        193          0 |       193 
 .n=did not return lb |         0          0          0          0          0          0          0      2,903 |     2,903 
----------------------+----------------------------------------------------------------------------------------+----------
                Total |     2,648      2,483      2,196        812     23,200     10,799        193      2,903 |    45,234 

. 
. * REGION BORN
. * Binary (born in South vs not South), 0 = not South, 1 = South, missing = US/no division, not US or US territory, US territory, not US, and missing responses
. gen     bornsouth = .
(45,234 missing values generated)

. replace bornsouth = 0 if inlist(rabplace, 1, 2, 3, 4, 8, 9, 10, 11, 12, 13)
(29,718 real changes made)

. replace bornsouth = 1 if inlist(rabplace, 5, 6, 7)
(14,999 real changes made)

. label var bornsouth "Born in the South"

. label define bornsouth 0 "not South" 1 "South", replace

. label values bornsouth bornsouth

. tab     rabplace bornsouth, m

rabplace: r place of |        Born in the South
 birth (cens region) | not South      South          . |     Total
---------------------+---------------------------------+----------
       1.new england |     1,767          0          0 |     1,767 
      2.mid atlantic |     5,793          0          0 |     5,793 
        3.en central |     6,994          0          0 |     6,994 
        4.wn central |     3,552          0          0 |     3,552 
        5.s atlantic |         0      6,892          0 |     6,892 
        6.es central |         0      3,649          0 |     3,649 
        7.ws central |         0      4,458          0 |     4,458 
          8.mountain |     1,423          0          0 |     1,423 
           9.pacific |     2,706          0          0 |     2,706 
   10.us/na division |       961          0          0 |       961 
11.not us or us terr |       739          0          0 |       739 
     12.us territory |        87          0          0 |        87 
           13.not us |     5,696          0          0 |     5,696 
          .m=missing |         0          0        517 |       517 
---------------------+---------------------------------+----------
               Total |    29,718     14,999        517 |    45,234 

. 
. * 4 regions: 1 = Northeast: New England + Middle Atlantic, 2 = Midwest: East North Central + West North Central, 3 = South: South Atlantic + East South Central + We
> st South Central, 4 = West: Mountain + Pacific
. gen bornregion5 = .
(45,234 missing values generated)

. replace bornregion5 = 1 if inlist(rabplace, 1, 2)
(7,560 real changes made)

. replace bornregion5 = 2 if inlist(rabplace, 3, 4)
(10,546 real changes made)

. replace bornregion5 = 3 if inlist(rabplace, 5, 6, 7)
(14,999 real changes made)

. replace bornregion5 = 4 if inlist(rabplace, 8, 9)
(4,129 real changes made)

. replace bornregion5 = 5 if inlist(rabplace, 10, 11, 12, 13)
(7,483 real changes made)

. label var bornregion5 "4 cat. of region of birth"

. label define bornregion5 1 "Northeast" 2 "Midwest" 3 "South" 4 "West" 5 "Non-US", replace

. label values bornregion5 bornregion5

. tab     bornsouth bornregion5, m

   Born in |                     4 cat. of region of birth
 the South | Northeast    Midwest      South       West     Non-US          . |     Total
-----------+------------------------------------------------------------------+----------
 not South |     7,560     10,546          0      4,129      7,483          0 |    29,718 
     South |         0          0     14,999          0          0          0 |    14,999 
         . |         0          0          0          0          0        517 |       517 
-----------+------------------------------------------------------------------+----------
     Total |     7,560     10,546     14,999      4,129      7,483        517 |    45,234 

. fre     bornsouth bornregion5

bornsouth -- Born in the South
-----------------------------------------------------------------
                    |      Freq.    Percent      Valid       Cum.
--------------------+--------------------------------------------
Valid   0 not South |      29718      65.70      66.46      66.46
        1 South     |      14999      33.16      33.54     100.00
        Total       |      44717      98.86     100.00           
Missing .           |        517       1.14                      
Total               |      45234     100.00                      
-----------------------------------------------------------------

bornregion5 -- 4 cat. of region of birth
-----------------------------------------------------------------
                    |      Freq.    Percent      Valid       Cum.
--------------------+--------------------------------------------
Valid   1 Northeast |       7560      16.71      16.91      16.91
        2 Midwest   |      10546      23.31      23.58      40.49
        3 South     |      14999      33.16      33.54      74.03
        4 West      |       4129       9.13       9.23      83.27
        5 Non-US    |       7483      16.54      16.73     100.00
        Total       |      44717      98.86     100.00           
Missing .           |        517       1.14                      
Total               |      45234     100.00                      
-----------------------------------------------------------------

. 
. gen     bornUS = bornregion5
(517 missing values generated)

. lab var bornUS "Born in the US"

. recode  bornUS 1/4 = 1          5 = 0
(37,157 changes made to bornUS)

. lab def bornlab 0 "Not US" 1 "US"

. lab val bornUS bornlab

. tab     bornregion5 bornUS, m

 4 cat. of |
 region of |          Born in the US
     birth |    Not US         US          . |     Total
-----------+---------------------------------+----------
 Northeast |         0      7,560          0 |     7,560 
   Midwest |         0     10,546          0 |    10,546 
     South |         0     14,999          0 |    14,999 
      West |         0      4,129          0 |     4,129 
    Non-US |     7,483          0          0 |     7,483 
         . |         0          0        517 |       517 
-----------+---------------------------------+----------
     Total |     7,483     37,234        517 |    45,234 

. 
. 
. ********************************************************************************
. // 6. Religion Information
. ********************************************************************************
. * Respondent's reported religion is time-invariant.
. gen religion = rarelig
(629 missing values generated)

. label define relig 1 "Protestant" 2 "Catholic" 3 "Jewish" ///
>                    4 "None/no preference" 5 "Other"

. label values religion relig

. label var religion "Respondent's religion"

. tab religion rarelig, m

      Respondent's |                                   rarelig: r religion
          religion | 1.protest  2.catholi   3.jewish  4.none/no    5.other      .d=dk  .m=missin      .r=rf |     Total
-------------------+----------------------------------------------------------------------------------------+----------
        Protestant |    25,706          0          0          0          0          0          0          0 |    25,706 
          Catholic |         0     11,940          0          0          0          0          0          0 |    11,940 
            Jewish |         0          0        854          0          0          0          0          0 |       854 
None/no preference |         0          0          0      4,298          0          0          0          0 |     4,298 
             Other |         0          0          0          0      1,807          0          0          0 |     1,807 
                .d |         0          0          0          0          0         43          0          0 |        43 
                .m |         0          0          0          0          0          0        545          0 |       545 
                .r |         0          0          0          0          0          0          0         41 |        41 
-------------------+----------------------------------------------------------------------------------------+----------
             Total |    25,706     11,940        854      4,298      1,807         43        545         41 |    45,234 

. 
. gen religionB = .
(45,234 missing values generated)

. replace religionB = 0 if religion==4
(4,298 real changes made)

. replace religionB = 1 if inlist(religion,1,2,3,5)
(40,307 real changes made)

. replace religionB = religion if mi(religion) & religion!=.
(629 real changes made, 629 to missing)

. label define religionB 0 "none" 1 "has religion"

. label values religionB religionB

. label var religionB "Has a religion (binary)"

. tab religionB religion, m

       Has a |
    religion |                                  Respondent's religion
    (binary) | Protestan   Catholic     Jewish  None/no p      Other         .d         .m         .r |     Total
-------------+----------------------------------------------------------------------------------------+----------
        none |         0          0          0      4,298          0          0          0          0 |     4,298 
has religion |    25,706     11,940        854          0      1,807          0          0          0 |    40,307 
          .d |         0          0          0          0          0         43          0          0 |        43 
          .m |         0          0          0          0          0          0        545          0 |       545 
          .r |         0          0          0          0          0          0          0         41 |        41 
-------------+----------------------------------------------------------------------------------------+----------
       Total |    25,706     11,940        854      4,298      1,807         43        545         41 |    45,234 

. 
. local years 1992 1994 1996 1998 2000 2002 2004 2006 2008 2010 2012 2014 2016 2018 2020 2022

. forvalues i = 1/16 {
  2.     local year : word `i' of `years'
  3.     gen sreligion`year' = s`i'relig
  4.     label values sreligion`year' relig
  5.     label var sreligion`year' "Spouse's religion, `year'"
  6. }
(35,133 missing values generated)
(31,821 missing values generated)
(33,087 missing values generated)
(30,928 missing values generated)
(32,322 missing values generated)
(33,493 missing values generated)
(32,062 missing values generated)
(33,334 missing values generated)
(34,383 missing values generated)
(31,348 missing values generated)
(32,420 missing values generated)
(33,876 missing values generated)
(32,990 missing values generated)
(35,247 missing values generated)
(36,137 missing values generated)
(37,068 missing values generated)

. 
. 
. ********************************************************************************
. // A. only keeping cleaned variables 
. ********************************************************************************
. keep hhidpn rahhidpn cohort hhid_cluster ///
> woman hispanic race4cat race2 educ degree ///
> educ5cat collegeB religion religionB sampleweight strstratum hsstratum ///
> age1992 age1994 age1996 age1998 age2000 age2002 ///
> age2004 age2006 age2008 age2010 age2012 age2014 age2016 age2018 ///
> age2020 age2022 marstat1992 marstat1994 marstat1996 marstat1998 marstat2000 marstat2002 ///
> marstat2004 marstat2006 marstat2008 marstat2010 marstat2012 marstat2014 marstat2016 marstat2018 ///
> marstat2020 marstat2022 marstatB1992 marstatB1994 marstatB1996 marstatB1998 marstatB2000 marstatB2002 ///
> marstatB2004 marstatB2006 marstatB2008 marstatB2010 marstatB2012 marstatB2014 marstatB2016 marstatB2018 ///
> marstatB2020 marstatB2022 income1992 income1994 income1996 income1998 income2000 income2002 ///
> income2004 income2006 income2008 income2010 income2012 income2014 income2016 income2018 ///
> income2020 income2022 wealth1992 wealth1994 wealth1996 wealth1998 wealth2000 wealth2002 ///
> wealth2004 wealth2006 wealth2008 wealth2010 wealth2012 wealth2014 wealth2016 wealth2018 ///
> wealth2020 wealth2022 wthh1992 wthh1994 wthh1996 wthh1998 wthh2000 wthh2002 ///
> wthh2004 wthh2006 wthh2008 wthh2010 wthh2012 wthh2014 wthh2016 wthh2018 ///
> wthh2020 wthh2022 wtresp1992 wtresp1994 wtresp1996 wtresp1998 wtresp2000 wtresp2002 ///
> wtresp2004 wtresp2006 wtresp2008 wtresp2010 wtresp2012 wtresp2014 wtresp2016 wtresp2018 ///
> wtresp2020 wtresp2022 ///
> lbwgtr2006 lbwgtr2008 lbwgtr2010 lbwgtr2012 lbwgtr2014 lbwgtr2016 lbwgtr2018 lbwgtr2020 lbwgtr2022 ///
> slbwgtr2006 slbwgtr2008 slbwgtr2010 slbwgtr2012 slbwgtr2014 slbwgtr2016 slbwgtr2018 slbwgtr2020 slbwgtr2022 ///
> lbelig2006 lbelig2008 lbelig2010 lbelig2012 lbelig2014 lbelig2016 lbelig2018 lbelig2020 lbelig2022 ///
> slbelig2006 slbelig2008 slbelig2010 slbelig2012 slbelig2014 slbelig2016 slbelig2018 slbelig2020 slbelig2022 ///
> lbcomp2006 lbcomp2008 lbcomp2010 lbcomp2012 lbcomp2014 lbcomp2016 lbcomp2018 lbcomp2020 lbcomp2022 ///
> slbcomp2006 slbcomp2008 slbcomp2010 slbcomp2012 slbcomp2014 slbcomp2016 slbcomp2018 slbcomp2020 slbcomp2022 ///
> srhealth1992 srhealth1994 srhealth1996 ///
> srhealth1998 srhealth2000 srhealth2002 srhealth2004 srhealth2006 srhealth2008 srhealth2010 srhealth2012 ///
> srhealth2014 srhealth2016 srhealth2018 srhealth2020 srhealth2022 srhealthB1992 srhealthB1994 srhealthB1996 ///
> srhealthB1998 srhealthB2000 srhealthB2002 srhealthB2004 srhealthB2006 srhealthB2008 srhealthB2010 srhealthB2012 ///
> srhealthB2014 srhealthB2016 srhealthB2018 srhealthB2020 srhealthB2022 bmi1992 bmi1994 bmi1996 ///
> bmi1998 bmi2000 bmi2002 bmi2004 bmi2006 bmi2008 bmi2010 bmi2012 ///
> bmi2014 bmi2016 bmi2018 bmi2020 bmi2022 bmicat1992 bmicat1994 bmicat1996 ///
> bmicat1998 bmicat2000 bmicat2002 bmicat2004 bmicat2006 bmicat2008 bmicat2010 bmicat2012 ///
> bmicat2014 bmicat2016 bmicat2018 bmicat2020 bmicat2022 bmiB1992 bmiB1994 bmiB1996 ///
> bmiB1998 bmiB2000 bmiB2002 bmiB2004 bmiB2006 bmiB2008 bmiB2010 bmiB2012 ///
> bmiB2014 bmiB2016 bmiB2018 bmiB2020 bmiB2022 smokecat1992 smokecat1994 smokecat1996 ///
> smokecat1998 smokecat2000 smokecat2002 smokecat2004 smokecat2006 smokecat2008 smokecat2010 smokecat2012 ///
> smokecat2014 smokecat2016 smokecat2018 smokecat2020 smokecat2022 smokeB1992 smokeB1994 smokeB1996 ///
> smokeB1998 smokeB2000 smokeB2002 smokeB2004 smokeB2006 smokeB2008 smokeB2010 smokeB2012 ///
> smokeB2014 smokeB2016 smokeB2018 smokeB2020 smokeB2022 everdrink1992 everdrink1994 everdrink1996 ///
> everdrink1998 everdrink2000 everdrink2002 everdrink2004 everdrink2006 everdrink2008 everdrink2010 everdrink2012 ///
> everdrink2014 everdrink2016 everdrink2018 everdrink2020 everdrink2022 ///
> drinksday1992 drinksday1994 drinksday1996 drinksday1998 drinksday2000 drinksday2002 drinksday2004 drinksday2006 ///
> drinksday2008 drinksday2010 drinksday2012 drinksday2014 drinksday2016 drinksday2018 drinksday2020 drinksday2022 ///
> dayweekdrink1992 dayweekdrink1994 dayweekdrink1996 dayweekdrink1998 dayweekdrink2000 dayweekdrink2002 dayweekdrink2004 dayweekdrink2006 ///
> dayweekdrink2008 dayweekdrink2010 dayweekdrink2012 dayweekdrink2014 dayweekdrink2016 dayweekdrink2018 dayweekdrink2020 dayweekdrink2022 ///
> drinksweek1992 drinksweek1994 drinksweek1996 drinksweek1998 drinksweek2000 drinksweek2002 drinksweek2004 drinksweek2006 ///
> drinksweek2008 drinksweek2010 drinksweek2012 drinksweek2014 drinksweek2016 drinksweek2018 drinksweek2020 drinksweek2022 ///
> heavydrink1992 heavydrink1994 heavydrink1996 heavydrink1998 heavydrink2000 heavydrink2002 heavydrink2004 heavydrink2006 ///
> heavydrink2008 heavydrink2010 heavydrink2012 heavydrink2014 heavydrink2016 heavydrink2018 heavydrink2020 heavydrink2022 ///
> bingedrink1992 bingedrink1994 bingedrink1996 bingedrink1998 bingedrink2000 bingedrink2002 bingedrink2004 bingedrink2006 ///
> bingedrink2008 bingedrink2010 bingedrink2012 bingedrink2014 bingedrink2016 bingedrink2018 bingedrink2020 bingedrink2022 ///
> vigact3plus1992 vigact3plus1994 vigact3plus1996 vigact3plus1998 vigact3plus2000 vigact3plus2002 vigact3plus2004 vigact3plus2006 ///
> vigact3plus2008 vigact3plus2010 vigact3plus2012 vigact3plus2014 vigact3plus2016 vigact3plus2018 vigact3plus2020 vigact3plus2022 /// 
> lightact3plus1992 lightact3plus1994 lightact3plus1996 lightact3plus1998 lightact3plus2000 lightact3plus2002 lightact3plus2004 ///
> lightact3plus2006 lightact3plus2008 lightact3plus2010 lightact3plus2012 lightact3plus2014 lightact3plus2016 lightact3plus2018 ///
> lightact3plus2020 lightact3plus2022 vigact_freq1992 vigact_freq1994 ///
> vigact_freq1996 vigact_freq1998 vigact_freq2000 vigact_freq2002 vigact_freq2004 vigact_freq2006 vigact_freq2008 vigact_freq2010 ///
> vigact_freq2012 vigact_freq2014 vigact_freq2016 vigact_freq2018 vigact_freq2020 vigact_freq2022 mdact_freq1992 mdact_freq1994 ///
> mdact_freq1996 mdact_freq1998 mdact_freq2000 mdact_freq2002 mdact_freq2004 mdact_freq2006 mdact_freq2008 mdact_freq2010 ///
> mdact_freq2012 mdact_freq2014 mdact_freq2016 mdact_freq2018 mdact_freq2020 mdact_freq2022 ltact_freq1992 ltact_freq1994 ///
> ltact_freq1996 ltact_freq1998 ltact_freq2000 ltact_freq2002 ltact_freq2004 ltact_freq2006 ltact_freq2008 ltact_freq2010 ///
> ltact_freq2012 ltact_freq2014 ltact_freq2016 ltact_freq2018 ltact_freq2020 ltact_freq2022 vigact_weekly1992 vigact_weekly1994 ///
> vigact_weekly1996 vigact_weekly1998 vigact_weekly2000 vigact_weekly2002 vigact_weekly2004 vigact_weekly2006 vigact_weekly2008 vigact_weekly2010 ///
> vigact_weekly2012 vigact_weekly2014 vigact_weekly2016 vigact_weekly2018 vigact_weekly2020 vigact_weekly2022 mdact_weekly1992 mdact_weekly1994 ///
> mdact_weekly1996 mdact_weekly1998 mdact_weekly2000 mdact_weekly2002 mdact_weekly2004 mdact_weekly2006 mdact_weekly2008 mdact_weekly2010 ///
> mdact_weekly2012 mdact_weekly2014 mdact_weekly2016 mdact_weekly2018 mdact_weekly2020 mdact_weekly2022 ltact_weekly1992 ltact_weekly1994 ///
> ltact_weekly1996 ltact_weekly1998 ltact_weekly2000 ltact_weekly2002 ltact_weekly2004 ltact_weekly2006 ltact_weekly2008 ltact_weekly2010 ///
> ltact_weekly2012 ltact_weekly2014 ltact_weekly2016 ltact_weekly2018 ltact_weekly2020 ltact_weekly2022 ///
> cog1996 cog1998 cog2000 cog2002 cog2004 cog2006 cog2008 cog2010 cog2012 cog2014 ///
> cog2016 cog2018 cog2020 cogcat1996 cogcat1998 cogcat2000 cogcat2002 cogcat2004 ///
> cogcat2006 cogcat2008 cogcat2010 cogcat2012 cogcat2014 cogcat2016 cogcat2018 cogcat2020 ///
> cogB1996 cogB1998 cogB2000 cogB2002 cogB2004 cogB2006 cogB2008 cogB2010 ///
> cogB2012 cogB2014 cogB2016 cogB2018 cogB2020 cesd1994 cesd1996 cesd1998 ///
> cesd2000 cesd2002 cesd2004 cesd2006 cesd2008 cesd2010 cesd2012 cesd2014 ///
> cesd2016 cesd2018 cesd2020 cesd2022 cesd_mean1994 cesd_mean1996 cesd_mean1998 cesd_mean2000 ///
> cesd_mean2002 cesd_mean2004 cesd_mean2006 cesd_mean2008 cesd_mean2010 cesd_mean2012 cesd_mean2014 cesd_mean2016 ///
> cesd_mean2018 cesd_mean2020 cesd_mean2022 cesd4B1994 cesd4B1996 cesd4B1998 cesd4B2000 cesd4B2002 ///
> cesd4B2004 cesd4B2006 cesd4B2008 cesd4B2010 cesd4B2012 cesd4B2014 cesd4B2016 cesd4B2018 ///
> cesd4B2020 cesd4B2022 cesd_nmiss1994 cesd_nmiss1996 cesd_nmiss1998 cesd_nmiss2000 cesd_nmiss2002 cesd_nmiss2004 ///
> cesd_nmiss2006 cesd_nmiss2008 cesd_nmiss2010 cesd_nmiss2012 cesd_nmiss2014 cesd_nmiss2016 cesd_nmiss2018 cesd_nmiss2020 ///
> cesd_nmiss2022 lonely_cesd1994 lonely_cesd1996 lonely_cesd1998 lonely_cesd2000 lonely_cesd2002 lonely_cesd2004 lonely_cesd2006 ///
> lonely_cesd2008 lonely_cesd2010 lonely_cesd2012 lonely_cesd2014 lonely_cesd2016 lonely_cesd2018 lonely_cesd2020 lonely_cesd2022 ///
> iadl1994 iadl1996 iadl1998 iadl2000 iadl2002 iadl2004 iadl2006 iadl2008 ///
> iadl2010 iadl2012 iadl2014 iadl2016 iadl2018 iadl2020 iadl2022 iadlB1994 ///
> iadlB1996 iadlB1998 iadlB2000 iadlB2002 iadlB2004 iadlB2006 iadlB2008 iadlB2010 ///
> iadlB2012 iadlB2014 iadlB2016 iadlB2018 iadlB2020 iadlB2022 hypertension1992 hypertension1994 ///
> hypertension1996 hypertension1998 hypertension2000 hypertension2002 hypertension2004 hypertension2006 hypertension2008 hypertension2010 ///
> hypertension2012 hypertension2014 hypertension2016 hypertension2018 hypertension2020 hypertension2022 diabetes1992 diabetes1994 ///
> diabetes1996 diabetes1998 diabetes2000 diabetes2002 diabetes2004 diabetes2006 diabetes2008 diabetes2010 ///
> diabetes2012 diabetes2014 diabetes2016 diabetes2018 diabetes2020 diabetes2022 cancer1992 cancer1994 ///
> cancer1996 cancer1998 cancer2000 cancer2002 cancer2004 cancer2006 cancer2008 cancer2010 ///
> cancer2012 cancer2014 cancer2016 cancer2018 cancer2020 cancer2022 lungdz1992 lungdz1994 ///
> lungdz1996 lungdz1998 lungdz2000 lungdz2002 lungdz2004 lungdz2006 lungdz2008 lungdz2010 ///
> lungdz2012 lungdz2014 lungdz2016 lungdz2018 lungdz2020 lungdz2022 heartdz1992 heartdz1994 ///
> heartdz1996 heartdz1998 heartdz2000 heartdz2002 heartdz2004 heartdz2006 heartdz2008 heartdz2010 ///
> heartdz2012 heartdz2014 heartdz2016 heartdz2018 heartdz2020 heartdz2022 stroke1992 stroke1994 ///
> stroke1996 stroke1998 stroke2000 stroke2002 stroke2004 stroke2006 stroke2008 stroke2010 ///
> stroke2012 stroke2014 stroke2016 stroke2018 stroke2020 stroke2022 psych1992 psych1994 ///
> psych1996 psych1998 psych2000 psych2002 psych2004 psych2006 psych2008 psych2010 ///
> psych2012 psych2014 psych2016 psych2018 psych2020 psych2022 arthritis1992 arthritis1994 ///
> arthritis1996 arthritis1998 arthritis2000 arthritis2002 arthritis2004 arthritis2006 arthritis2008 arthritis2010 ///
> arthritis2012 arthritis2014 arthritis2016 arthritis2018 arthritis2020 arthritis2022 dzcount1992 dzcount1994 ///
> dzcount1996 dzcount1998 dzcount2000 dzcount2002 dzcount2004 dzcount2006 dzcount2008 dzcount2010 ///
> dzcount2012 dzcount2014 dzcount2016 dzcount2018 dzcount2020 dzcount2022 hspnit1992 hspnit1994 ///
> hspnit1996 hspnit1998 hspnit2000 hspnit2002 hspnit2004 hspnit2006 hspnit2008 hspnit2010 ///
> hspnit2012 hspnit2014 hspnit2016 hspnit2018 hspnit2020 hspnit2022 ndoctor1992 ndoctor1994 ///
> ndoctor1996 ndoctor1998 ndoctor2000 ndoctor2002 ndoctor2004 ndoctor2006 ndoctor2008 ndoctor2010 ///
> ndoctor2012 ndoctor2014 ndoctor2016 ndoctor2018 ndoctor2020 ndoctor2022 nhospstay1992 nhospstay1994 ///
> nhospstay1996 nhospstay1998 nhospstay2000 nhospstay2002 nhospstay2004 nhospstay2006 nhospstay2008 nhospstay2010 ///
> nhospstay2012 nhospstay2014 nhospstay2016 nhospstay2018 nhospstay2020 nhospstay2022 nnursstay1992 nnursstay1994 ///
> nnursstay1996 nnursstay1998 nnursstay2000 nnursstay2002 nnursstay2004 nnursstay2006 nnursstay2008 nnursstay2010 ///
> nnursstay2012 nnursstay2014 nnursstay2016 nnursstay2018 nnursstay2020 nnursstay2022 nnursnit1992 nnursnit1994 ///
> nnursnit1996 nnursnit1998 nnursnit2000 nnursnit2002 nnursnit2004 nnursnit2006 nnursnit2008 nnursnit2010 ///
> nnursnit2012 nnursnit2014 nnursnit2016 nnursnit2018 nnursnit2020 nnursnit2022 nmarry1992 nmarry1994 ///
> nmarry1996 nmarry1998 nmarry2000 nmarry2002 nmarry2004 nmarry2006 nmarry2008 nmarry2010 ///
> nmarry2012 nmarry2014 nmarry2016 nmarry2018 nmarry2020 nmarry2022 ndivorce1992 ndivorce1994 ///
> ndivorce1996 ndivorce1998 ndivorce2000 ndivorce2002 ndivorce2004 ndivorce2006 ndivorce2008 ndivorce2010 ///
> ndivorce2012 ndivorce2014 ndivorce2016 ndivorce2018 ndivorce2020 ndivorce2022 nwidow1992 nwidow1994 ///
> nwidow1996 nwidow1998 nwidow2000 nwidow2002 nwidow2004 nwidow2006 nwidow2008 nwidow2010 ///
> nwidow2012 nwidow2014 nwidow2016 nwidow2018 nwidow2020 nwidow2022 eyesight1992 eyesight1994 ///
> eyesight1996 eyesight1998 eyesight2000 eyesight2002 eyesight2004 eyesight2006 eyesight2008 eyesight2010 ///
> eyesight2012 eyesight2014 eyesight2016 eyesight2018 eyesight2020 eyesight2022 eyesightB1992 eyesightB1994 ///
> eyesightB1996 eyesightB1998 eyesightB2000 eyesightB2002 eyesightB2004 eyesightB2006 eyesightB2008 eyesightB2010 ///
> eyesightB2012 eyesightB2014 eyesightB2016 eyesightB2018 eyesightB2020 eyesightB2022 hearing1992 hearing1994 ///
> hearing1996 hearing1998 hearing2000 hearing2002 hearing2004 hearing2006 hearing2008 hearing2010 ///
> hearing2012 hearing2014 hearing2016 hearing2018 hearing2020 hearing2022 hearingB1992 hearingB1994 ///
> hearingB1996 hearingB1998 hearingB2000 hearingB2002 hearingB2004 hearingB2006 hearingB2008 hearingB2010 ///
> hearingB2012 hearingB2014 hearingB2016 hearingB2018 hearingB2020 hearingB2022 near_eyesight1992 near_eyesight1994 ///
> near_eyesight1996 near_eyesight1998 near_eyesight2000 near_eyesight2002 near_eyesight2004 near_eyesight2006 near_eyesight2008 near_eyesight2010 ///
> near_eyesight2012 near_eyesight2014 near_eyesight2016 near_eyesight2018 near_eyesight2020 near_eyesight2022 near_eyesightB1992 near_eyesightB1994 ///
> near_eyesightB1996 near_eyesightB1998 near_eyesightB2000 near_eyesightB2002 near_eyesightB2004 near_eyesightB2006 near_eyesightB2008 near_eyesightB2010 ///
> near_eyesightB2012 near_eyesightB2014 near_eyesightB2016 near_eyesightB2018 near_eyesightB2020 near_eyesightB2022 far_eyesight1992 far_eyesight1994 ///
> far_eyesight1996 far_eyesight1998 far_eyesight2000 far_eyesight2002 far_eyesight2004 far_eyesight2006 far_eyesight2008 far_eyesight2010 ///
> far_eyesight2012 far_eyesight2014 far_eyesight2016 far_eyesight2018 far_eyesight2020 far_eyesight2022 far_eyesightB1992 far_eyesightB1994 ///
> far_eyesightB1996 far_eyesightB1998 far_eyesightB2000 far_eyesightB2002 far_eyesightB2004 far_eyesightB2006 far_eyesightB2008 far_eyesightB2010 ///
> far_eyesightB2012 far_eyesightB2014 far_eyesightB2016 far_eyesightB2018 far_eyesightB2020 far_eyesightB2022 cataract1992 cataract1994 ///
> cataract1996 cataract1998 cataract2000 cataract2002 cataract2004 cataract2006 cataract2008 cataract2010 ///
> cataract2012 cataract2014 cataract2016 cataract2018 cataract2020 cataract2022 glaucoma1992 glaucoma1994 ///
> glaucoma1996 glaucoma1998 glaucoma2000 glaucoma2002 glaucoma2004 glaucoma2006 glaucoma2008 glaucoma2010 ///
> glaucoma2012 glaucoma2014 glaucoma2016 glaucoma2018 glaucoma2020 glaucoma2022 hearaid1992 hearaid1994 ///
> hearaid1996 hearaid1998 hearaid2000 hearaid2002 hearaid2004 hearaid2006 hearaid2008 hearaid2010 ///
> hearaid2012 hearaid2014 hearaid2016 hearaid2018 hearaid2020 hearaid2022 sleepfall1992 sleepfall1994 ///
> sleepfall1996 sleepfall1998 sleepfall2000 sleepfall2002 sleepfall2004 sleepfall2006 sleepfall2008 sleepfall2010 ///
> sleepfall2012 sleepfall2014 sleepfall2016 sleepfall2018 sleepfall2020 sleepfall2022 sleepfallB1992 sleepfallB1994 ///
> sleepfallB1996 sleepfallB1998 sleepfallB2000 sleepfallB2002 sleepfallB2004 sleepfallB2006 sleepfallB2008 sleepfallB2010 ///
> sleepfallB2012 sleepfallB2014 sleepfallB2016 sleepfallB2018 sleepfallB2020 sleepfallB2022 sleepwakn1992 sleepwakn1994 ///
> sleepwakn1996 sleepwakn1998 sleepwakn2000 sleepwakn2002 sleepwakn2004 sleepwakn2006 sleepwakn2008 sleepwakn2010 ///
> sleepwakn2012 sleepwakn2014 sleepwakn2016 sleepwakn2018 sleepwakn2020 sleepwakn2022 sleepwaknB1992 sleepwaknB1994 ///
> sleepwaknB1996 sleepwaknB1998 sleepwaknB2000 sleepwaknB2002 sleepwaknB2004 sleepwaknB2006 sleepwaknB2008 sleepwaknB2010 ///
> sleepwaknB2012 sleepwaknB2014 sleepwaknB2016 sleepwaknB2018 sleepwaknB2020 sleepwaknB2022 sleepwake1992 sleepwake1994 ///
> sleepwake1996 sleepwake1998 sleepwake2000 sleepwake2002 sleepwake2004 sleepwake2006 sleepwake2008 sleepwake2010 ///
> sleepwake2012 sleepwake2014 sleepwake2016 sleepwake2018 sleepwake2020 sleepwake2022 sleepwakeB1992 sleepwakeB1994 ///
> sleepwakeB1996 sleepwakeB1998 sleepwakeB2000 sleepwakeB2002 sleepwakeB2004 sleepwakeB2006 sleepwakeB2008 sleepwakeB2010 ///
> sleepwakeB2012 sleepwakeB2014 sleepwakeB2016 sleepwakeB2018 sleepwakeB2020 sleepwakeB2022 sleeptrouble1992 sleeptrouble1994 ///
> sleeptrouble1996 sleeptrouble1998 sleeptrouble2000 sleeptrouble2002 sleeptrouble2004 sleeptrouble2006 sleeptrouble2008 sleeptrouble2010 ///
> sleeptrouble2012 sleeptrouble2014 sleeptrouble2016 sleeptrouble2018 sleeptrouble2020 sleeptrouble2022 dboralmed1992 dboralmed1994 ///
> stress_health2006 stress_health2008 stress_health2010 stress_health2012 stress_health2014 stress_health2016 stress_health2018 stress_health2020 stress_health2022 //
> /
> stress_famhlth2006 stress_famhlth2008 stress_famhlth2010 stress_famhlth2012 stress_famhlth2014 stress_famhlth2016 stress_famhlth2018 stress_famhlth2020 stress_famhl
> th2022 ///
> stress_famdrug2006 stress_famdrug2008 stress_famdrug2010 stress_famdrug2012 stress_famdrug2014 stress_famdrug2016 stress_famdrug2018 stress_famdrug2020 stress_famdr
> ug2022 ///
> stress_work2006 stress_work2008 stress_work2010 stress_work2012 stress_work2014 stress_work2016 stress_work2018 stress_work2020 stress_work2022 ///
> stress_fin2006 stress_fin2008 stress_fin2010 stress_fin2012 stress_fin2014 stress_fin2016 stress_fin2018 stress_fin2020 stress_fin2022 ///
> stress_house2006 stress_house2008 stress_house2010 stress_house2012 stress_house2014 stress_house2016 stress_house2018 stress_house2020 stress_house2022 ///
> stress_reltn2006 stress_reltn2008 stress_reltn2010 stress_reltn2012 stress_reltn2014 stress_reltn2016 stress_reltn2018 stress_reltn2020 stress_reltn2022 ///
> stress_assist2006 stress_assist2008 stress_assist2010 stress_assist2012 stress_assist2014 stress_assist2016 stress_assist2018 stress_assist2020 stress_assist2022 //
> /
> dboralmed1996 dboralmed1998 dboralmed2000 dboralmed2002 dboralmed2004 dboralmed2006 dboralmed2008 dboralmed2010 ///
> dboralmed2012 dboralmed2014 dboralmed2016 dboralmed2018 dboralmed2020 dboralmed2022 dbinsulin1992 dbinsulin1994 ///
> dbinsulin1996 dbinsulin1998 dbinsulin2000 dbinsulin2002 dbinsulin2004 dbinsulin2006 dbinsulin2008 dbinsulin2010 ///
> dbinsulin2012 dbinsulin2014 dbinsulin2016 dbinsulin2018 dbinsulin2020 dbinsulin2022 dbdiagyr1992 dbdiagyr1994 ///
> dbdiagyr1996 dbdiagyr1998 dbdiagyr2000 dbdiagyr2002 dbdiagyr2004 dbdiagyr2006 dbdiagyr2008 dbdiagyr2010 ///
> dbdiagyr2012 dbdiagyr2014 dbdiagyr2016 dbdiagyr2018 dbdiagyr2020 dbdiagyr2022 dbstage1992 dbstage1994 ///
> dbstage1996 dbstage1998 dbstage2000 dbstage2002 dbstage2004 dbstage2006 dbstage2008 dbstage2010 ///
> dbstage2012 dbstage2014 dbstage2016 dbstage2018 dbstage2020 dbstage2022 livmom1992 livmom1994 ///
> livmom1996 livmom1998 livmom2000 livmom2002 livmom2004 livmom2006 livmom2008 livmom2010 ///
> livmom2012 livmom2014 livmom2016 livmom2018 livmom2020 livmom2022 livdad1992 livdad1994 ///
> livdad1996 livdad1998 livdad2000 livdad2002 livdad2004 livdad2006 livdad2008 livdad2010 ///
> livdad2012 livdad2014 livdad2016 livdad2018 livdad2020 livdad2022 nlivpar1992 nlivpar1994 ///
> nlivpar1996 nlivpar1998 nlivpar2000 nlivpar2002 nlivpar2004 nlivpar2006 nlivpar2008 nlivpar2010 ///
> nlivpar2012 nlivpar2014 nlivpar2016 nlivpar2018 nlivpar2020 nlivpar2022 nchild1992 nchild1994 ///
> nchild1996 nchild1998 nchild2000 nchild2002 nchild2004 nchild2006 nchild2008 nchild2010 ///
> nchild2012 nchild2014 nchild2016 nchild2018 nchild2020 nchild2022 nlivbro1992 nlivbro1994 ///
> nlivbro1996 nlivbro1998 nlivbro2000 nlivbro2002 nlivbro2004 nlivbro2006 nlivbro2008 nlivbro2010 ///
> nlivbro2012 nlivbro2014 nlivbro2016 nlivbro2018 nlivbro2020 nlivbro2022 nlivsis1992 nlivsis1994 ///
> nlivsis1996 nlivsis1998 nlivsis2000 nlivsis2002 nlivsis2004 nlivsis2006 nlivsis2008 nlivsis2010 ///
> nlivsis2012 nlivsis2014 nlivsis2016 nlivsis2018 nlivsis2020 nlivsis2022 nlivsib1992 nlivsib1994 ///
> nlivsib1996 nlivsib1998 nlivsib2000 nlivsib2002 nlivsib2004 nlivsib2006 nlivsib2008 nlivsib2010 ///
> nlivsib2012 nlivsib2014 nlivsib2016 nlivsib2018 nlivsib2020 nlivsib2022 lonely32006 lonely32008 ///
> lonely32010 lonely32012 lonely32014 lonely32016 lonely32018 lonely32020 lonely32022 lonely112006 ///
> lonely112008 lonely112010 lonely112012 lonely112014 lonely112016 lonely112018 lonely112020 lonely112022 ///
> chronicstress2006 chronicstress2008 chronicstress2010 chronicstress2012 chronicstress2014 chronicstress2016 chronicstress2018 chronicstress2020 ///
> chronicstress2022 posaffect2006 posaffect2008 posaffect2010 posaffect2012 posaffect2014 posaffect2016 posaffect2018 ///
> posaffect2020 posaffect2022 negaffect2006 negaffect2008 negaffect2010 negaffect2012 negaffect2014 negaffect2016 ///
> negaffect2018 negaffect2020 negaffect2022 lifesat2006 lifesat2008 lifesat2010 lifesat2012 lifesat2014 ///
> lifesat2016 lifesat2018 lifesat2020 lifesat2022 satfin2006 satfin2008 satfin2010 satfin2012 ///
> satfin2014 satfin2016 satfin2018 satfin2020 satfin2022 satfam2006 satfam2008 satfam2010 ///
> satfam2012 satfam2014 satfam2016 satfam2018 satfam2020 satfam2022 sathlth2006 sathlth2008 ///
> sathlth2010 sathlth2012 sathlth2014 sathlth2016 sathlth2018 sathlth2020 sathlth2022 satleis2006 ///
> satleis2008 satleis2010 satleis2012 satleis2014 satleis2016 satleis2018 satleis2020 satleis2022 ///
> big5neur2006 big5neur2008 big5neur2010 big5neur2012 big5neur2014 big5neur2016 big5neur2018 big5neur2020 ///
> big5neur2022 big5ext2006 big5ext2008 big5ext2010 big5ext2012 big5ext2014 big5ext2016 big5ext2018 ///
> big5ext2020 big5ext2022 big5open2006 big5open2008 big5open2010 big5open2012 big5open2014 big5open2016 ///
> big5open2018 big5open2020 big5open2022 big5agr2006 big5agr2008 big5agr2010 big5agr2012 big5agr2014 ///
> big5agr2016 big5agr2018 big5agr2020 big5agr2022 big5con52006 big5con52008 big5con52010 big5con52012 ///
> big5con52014 big5con52016 big5con52018 big5con52020 big5con52022 big5con102006 big5con102008 big5con102010 ///
> big5con102012 big5con102014 big5con102016 big5con102018 big5con102020 big5con102022 sreligion1992 sreligion1994 ///
> sreligion1996 sreligion1998 sreligion2000 sreligion2002 sreligion2004 sreligion2006 sreligion2008 sreligion2010 ///
> sreligion2012 sreligion2014 sreligion2016 sreligion2018 sreligion2020 sreligion2022 ///
> bornsouth bornregion5 bornUS

. 
. ********************************************************************************
. // B. reshaping to longitudinal (person-wave form)
. ********************************************************************************
. reshape long age marstat marstatB income wealth wthh wtresp lbwgtr ///
>         lbelig lbcomp slbwgtr slbelig slbcomp srhealth srhealthB ///
>         bmi bmicat bmiB smokecat smokeB everdrink drinksday dayweekdrink ///
>         drinksweek heavydrink bingedrink vigact3plus lightact3plus ///
>         vigact_freq mdact_freq ltact_freq vigact_weekly mdact_weekly ///
>         ltact_weekly cog cogcat cogB cesd cesd_mean cesd4B cesd_nmiss lonely_cesd ///
>         iadl iadlB hypertension diabetes cancer lungdz heartdz stroke psych arthritis ///
>         dzcount hspnit ndoctor nhospstay nnursstay nnursnit nmarry ndivorce nwidow eyesight ///
>         eyesightB hearing hearingB near_eyesight near_eyesightB ///
>         far_eyesight far_eyesightB cataract glaucoma hearaid ///
>         sleepfall sleepfallB sleepwakn sleepwaknB sleepwake ///
>         sleepwakeB sleeptrouble dboralmed dbinsulin dbdiagyr ///
>         stress_health stress_famhlth stress_famdrug stress_work ///
>         stress_fin stress_house stress_reltn stress_assist ///
>         dbstage livmom livdad nlivpar nchild nlivbro nlivsis ///
>         nlivsib lonely3 lonely11 ///
>         chronicstress posaffect negaffect lifesat satfin satfam ///
>         sathlth satleis big5neur big5ext ///
>         big5open big5agr big5con5 big5con10 sreligion, i(hhidpn) j(year) favor(memory)
(j = 1992 1994 1996 1998 2000 2002 2004 2006 2008 2010 2012 2014 2016 2018 2020 2022)
(variable lbwgtr1992 not found)
(variable lbelig1992 not found)
(variable lbcomp1992 not found)
(variable slbwgtr1992 not found)
(variable slbelig1992 not found)
(variable slbcomp1992 not found)
(variable cog1992 not found)
(variable cogcat1992 not found)
(variable cogB1992 not found)
(variable cesd1992 not found)
(variable cesd_mean1992 not found)
(variable cesd4B1992 not found)
(variable cesd_nmiss1992 not found)
(variable lonely_cesd1992 not found)
(variable iadl1992 not found)
(variable iadlB1992 not found)
(variable stress_health1992 not found)
(variable stress_famhlth1992 not found)
(variable stress_famdrug1992 not found)
(variable stress_work1992 not found)
(variable stress_fin1992 not found)
(variable stress_house1992 not found)
(variable stress_reltn1992 not found)
(variable stress_assist1992 not found)
(variable lonely31992 not found)
(variable lonely111992 not found)
(variable chronicstress1992 not found)
(variable posaffect1992 not found)
(variable negaffect1992 not found)
(variable lifesat1992 not found)
(variable satfin1992 not found)
(variable satfam1992 not found)
(variable sathlth1992 not found)
(variable satleis1992 not found)
(variable big5neur1992 not found)
(variable big5ext1992 not found)
(variable big5open1992 not found)
(variable big5agr1992 not found)
(variable big5con51992 not found)
(variable big5con101992 not found)
(variable lbwgtr1994 not found)
(variable lbelig1994 not found)
(variable lbcomp1994 not found)
(variable slbwgtr1994 not found)
(variable slbelig1994 not found)
(variable slbcomp1994 not found)
(variable cog1994 not found)
(variable cogcat1994 not found)
(variable cogB1994 not found)
(variable stress_health1994 not found)
(variable stress_famhlth1994 not found)
(variable stress_famdrug1994 not found)
(variable stress_work1994 not found)
(variable stress_fin1994 not found)
(variable stress_house1994 not found)
(variable stress_reltn1994 not found)
(variable stress_assist1994 not found)
(variable lonely31994 not found)
(variable lonely111994 not found)
(variable chronicstress1994 not found)
(variable posaffect1994 not found)
(variable negaffect1994 not found)
(variable lifesat1994 not found)
(variable satfin1994 not found)
(variable satfam1994 not found)
(variable sathlth1994 not found)
(variable satleis1994 not found)
(variable big5neur1994 not found)
(variable big5ext1994 not found)
(variable big5open1994 not found)
(variable big5agr1994 not found)
(variable big5con51994 not found)
(variable big5con101994 not found)
(variable lbwgtr1996 not found)
(variable lbelig1996 not found)
(variable lbcomp1996 not found)
(variable slbwgtr1996 not found)
(variable slbelig1996 not found)
(variable slbcomp1996 not found)
(variable stress_health1996 not found)
(variable stress_famhlth1996 not found)
(variable stress_famdrug1996 not found)
(variable stress_work1996 not found)
(variable stress_fin1996 not found)
(variable stress_house1996 not found)
(variable stress_reltn1996 not found)
(variable stress_assist1996 not found)
(variable lonely31996 not found)
(variable lonely111996 not found)
(variable chronicstress1996 not found)
(variable posaffect1996 not found)
(variable negaffect1996 not found)
(variable lifesat1996 not found)
(variable satfin1996 not found)
(variable satfam1996 not found)
(variable sathlth1996 not found)
(variable satleis1996 not found)
(variable big5neur1996 not found)
(variable big5ext1996 not found)
(variable big5open1996 not found)
(variable big5agr1996 not found)
(variable big5con51996 not found)
(variable big5con101996 not found)
(variable lbwgtr1998 not found)
(variable lbelig1998 not found)
(variable lbcomp1998 not found)
(variable slbwgtr1998 not found)
(variable slbelig1998 not found)
(variable slbcomp1998 not found)
(variable stress_health1998 not found)
(variable stress_famhlth1998 not found)
(variable stress_famdrug1998 not found)
(variable stress_work1998 not found)
(variable stress_fin1998 not found)
(variable stress_house1998 not found)
(variable stress_reltn1998 not found)
(variable stress_assist1998 not found)
(variable lonely31998 not found)
(variable lonely111998 not found)
(variable chronicstress1998 not found)
(variable posaffect1998 not found)
(variable negaffect1998 not found)
(variable lifesat1998 not found)
(variable satfin1998 not found)
(variable satfam1998 not found)
(variable sathlth1998 not found)
(variable satleis1998 not found)
(variable big5neur1998 not found)
(variable big5ext1998 not found)
(variable big5open1998 not found)
(variable big5agr1998 not found)
(variable big5con51998 not found)
(variable big5con101998 not found)
(variable lbwgtr2000 not found)
(variable lbelig2000 not found)
(variable lbcomp2000 not found)
(variable slbwgtr2000 not found)
(variable slbelig2000 not found)
(variable slbcomp2000 not found)
(variable stress_health2000 not found)
(variable stress_famhlth2000 not found)
(variable stress_famdrug2000 not found)
(variable stress_work2000 not found)
(variable stress_fin2000 not found)
(variable stress_house2000 not found)
(variable stress_reltn2000 not found)
(variable stress_assist2000 not found)
(variable lonely32000 not found)
(variable lonely112000 not found)
(variable chronicstress2000 not found)
(variable posaffect2000 not found)
(variable negaffect2000 not found)
(variable lifesat2000 not found)
(variable satfin2000 not found)
(variable satfam2000 not found)
(variable sathlth2000 not found)
(variable satleis2000 not found)
(variable big5neur2000 not found)
(variable big5ext2000 not found)
(variable big5open2000 not found)
(variable big5agr2000 not found)
(variable big5con52000 not found)
(variable big5con102000 not found)
(variable lbwgtr2002 not found)
(variable lbelig2002 not found)
(variable lbcomp2002 not found)
(variable slbwgtr2002 not found)
(variable slbelig2002 not found)
(variable slbcomp2002 not found)
(variable stress_health2002 not found)
(variable stress_famhlth2002 not found)
(variable stress_famdrug2002 not found)
(variable stress_work2002 not found)
(variable stress_fin2002 not found)
(variable stress_house2002 not found)
(variable stress_reltn2002 not found)
(variable stress_assist2002 not found)
(variable lonely32002 not found)
(variable lonely112002 not found)
(variable chronicstress2002 not found)
(variable posaffect2002 not found)
(variable negaffect2002 not found)
(variable lifesat2002 not found)
(variable satfin2002 not found)
(variable satfam2002 not found)
(variable sathlth2002 not found)
(variable satleis2002 not found)
(variable big5neur2002 not found)
(variable big5ext2002 not found)
(variable big5open2002 not found)
(variable big5agr2002 not found)
(variable big5con52002 not found)
(variable big5con102002 not found)
(variable lbwgtr2004 not found)
(variable lbelig2004 not found)
(variable lbcomp2004 not found)
(variable slbwgtr2004 not found)
(variable slbelig2004 not found)
(variable slbcomp2004 not found)
(variable stress_health2004 not found)
(variable stress_famhlth2004 not found)
(variable stress_famdrug2004 not found)
(variable stress_work2004 not found)
(variable stress_fin2004 not found)
(variable stress_house2004 not found)
(variable stress_reltn2004 not found)
(variable stress_assist2004 not found)
(variable lonely32004 not found)
(variable lonely112004 not found)
(variable chronicstress2004 not found)
(variable posaffect2004 not found)
(variable negaffect2004 not found)
(variable lifesat2004 not found)
(variable satfin2004 not found)
(variable satfam2004 not found)
(variable sathlth2004 not found)
(variable satleis2004 not found)
(variable big5neur2004 not found)
(variable big5ext2004 not found)
(variable big5open2004 not found)
(variable big5agr2004 not found)
(variable big5con52004 not found)
(variable big5con102004 not found)
(variable cog2022 not found)
(variable cogcat2022 not found)
(variable cogB2022 not found)

Data                               Wide   ->   Long
-----------------------------------------------------------------------------
Number of observations           45,234   ->   723,744     
Number of variables               1,634   ->   136         
j variable (16 values)                    ->   year
xij variables:
            age1992 age1994 ... age2022   ->   age
marstat1992 marstat1994 ... marstat2022   ->   marstat
marstatB1992 marstatB1994 ... marstatB2022->   marstatB
   income1992 income1994 ... income2022   ->   income
   wealth1992 wealth1994 ... wealth2022   ->   wealth
         wthh1992 wthh1994 ... wthh2022   ->   wthh
   wtresp1992 wtresp1994 ... wtresp2022   ->   wtresp
   lbwgtr1992 lbwgtr1994 ... lbwgtr2022   ->   lbwgtr
   lbelig1992 lbelig1994 ... lbelig2022   ->   lbelig
   lbcomp1992 lbcomp1994 ... lbcomp2022   ->   lbcomp
slbwgtr1992 slbwgtr1994 ... slbwgtr2022   ->   slbwgtr
slbelig1992 slbelig1994 ... slbelig2022   ->   slbelig
slbcomp1992 slbcomp1994 ... slbcomp2022   ->   slbcomp
srhealth1992 srhealth1994 ... srhealth2022->   srhealth
srhealthB1992 srhealthB1994 ... srhealthB2022->srhealthB
            bmi1992 bmi1994 ... bmi2022   ->   bmi
   bmicat1992 bmicat1994 ... bmicat2022   ->   bmicat
         bmiB1992 bmiB1994 ... bmiB2022   ->   bmiB
smokecat1992 smokecat1994 ... smokecat2022->   smokecat
   smokeB1992 smokeB1994 ... smokeB2022   ->   smokeB
everdrink1992 everdrink1994 ... everdrink2022->everdrink
drinksday1992 drinksday1994 ... drinksday2022->drinksday
dayweekdrink1992 dayweekdrink1994 ... dayweekdrink2022->dayweekdrink
drinksweek1992 drinksweek1994 ... drinksweek2022->drinksweek
heavydrink1992 heavydrink1994 ... heavydrink2022->heavydrink
bingedrink1992 bingedrink1994 ... bingedrink2022->bingedrink
vigact3plus1992 vigact3plus1994 ... vigact3plus2022->vigact3plus
lightact3plus1992 lightact3plus1994 ... lightact3plus2022->lightact3plus
vigact_freq1992 vigact_freq1994 ... vigact_freq2022->vigact_freq
mdact_freq1992 mdact_freq1994 ... mdact_freq2022->mdact_freq
ltact_freq1992 ltact_freq1994 ... ltact_freq2022->ltact_freq
vigact_weekly1992 vigact_weekly1994 ... vigact_weekly2022->vigact_weekly
mdact_weekly1992 mdact_weekly1994 ... mdact_weekly2022->mdact_weekly
ltact_weekly1992 ltact_weekly1994 ... ltact_weekly2022->ltact_weekly
            cog1992 cog1994 ... cog2022   ->   cog
   cogcat1992 cogcat1994 ... cogcat2022   ->   cogcat
         cogB1992 cogB1994 ... cogB2022   ->   cogB
         cesd1992 cesd1994 ... cesd2022   ->   cesd
cesd_mean1992 cesd_mean1994 ... cesd_mean2022->cesd_mean
   cesd4B1992 cesd4B1994 ... cesd4B2022   ->   cesd4B
cesd_nmiss1992 cesd_nmiss1994 ... cesd_nmiss2022->cesd_nmiss
lonely_cesd1992 lonely_cesd1994 ... lonely_cesd2022->lonely_cesd
         iadl1992 iadl1994 ... iadl2022   ->   iadl
      iadlB1992 iadlB1994 ... iadlB2022   ->   iadlB
hypertension1992 hypertension1994 ... hypertension2022->hypertension
diabetes1992 diabetes1994 ... diabetes2022->   diabetes
   cancer1992 cancer1994 ... cancer2022   ->   cancer
   lungdz1992 lungdz1994 ... lungdz2022   ->   lungdz
heartdz1992 heartdz1994 ... heartdz2022   ->   heartdz
   stroke1992 stroke1994 ... stroke2022   ->   stroke
      psych1992 psych1994 ... psych2022   ->   psych
arthritis1992 arthritis1994 ... arthritis2022->arthritis
dzcount1992 dzcount1994 ... dzcount2022   ->   dzcount
   hspnit1992 hspnit1994 ... hspnit2022   ->   hspnit
ndoctor1992 ndoctor1994 ... ndoctor2022   ->   ndoctor
nhospstay1992 nhospstay1994 ... nhospstay2022->nhospstay
nnursstay1992 nnursstay1994 ... nnursstay2022->nnursstay
nnursnit1992 nnursnit1994 ... nnursnit2022->   nnursnit
   nmarry1992 nmarry1994 ... nmarry2022   ->   nmarry
ndivorce1992 ndivorce1994 ... ndivorce2022->   ndivorce
   nwidow1992 nwidow1994 ... nwidow2022   ->   nwidow
eyesight1992 eyesight1994 ... eyesight2022->   eyesight
eyesightB1992 eyesightB1994 ... eyesightB2022->eyesightB
hearing1992 hearing1994 ... hearing2022   ->   hearing
hearingB1992 hearingB1994 ... hearingB2022->   hearingB
near_eyesight1992 near_eyesight1994 ... near_eyesight2022->near_eyesight
near_eyesightB1992 near_eyesightB1994 ... near_eyesightB2022->near_eyesightB
far_eyesight1992 far_eyesight1994 ... far_eyesight2022->far_eyesight
far_eyesightB1992 far_eyesightB1994 ... far_eyesightB2022->far_eyesightB
cataract1992 cataract1994 ... cataract2022->   cataract
glaucoma1992 glaucoma1994 ... glaucoma2022->   glaucoma
hearaid1992 hearaid1994 ... hearaid2022   ->   hearaid
sleepfall1992 sleepfall1994 ... sleepfall2022->sleepfall
sleepfallB1992 sleepfallB1994 ... sleepfallB2022->sleepfallB
sleepwakn1992 sleepwakn1994 ... sleepwakn2022->sleepwakn
sleepwaknB1992 sleepwaknB1994 ... sleepwaknB2022->sleepwaknB
sleepwake1992 sleepwake1994 ... sleepwake2022->sleepwake
sleepwakeB1992 sleepwakeB1994 ... sleepwakeB2022->sleepwakeB
sleeptrouble1992 sleeptrouble1994 ... sleeptrouble2022->sleeptrouble
dboralmed1992 dboralmed1994 ... dboralmed2022->dboralmed
dbinsulin1992 dbinsulin1994 ... dbinsulin2022->dbinsulin
dbdiagyr1992 dbdiagyr1994 ... dbdiagyr2022->   dbdiagyr
stress_health1992 stress_health1994 ... stress_health2022->stress_health
stress_famhlth1992 stress_famhlth1994 ... stress_famhlth2022->stress_famhlth
stress_famdrug1992 stress_famdrug1994 ... stress_famdrug2022->stress_famdrug
stress_work1992 stress_work1994 ... stress_work2022->stress_work
stress_fin1992 stress_fin1994 ... stress_fin2022->stress_fin
stress_house1992 stress_house1994 ... stress_house2022->stress_house
stress_reltn1992 stress_reltn1994 ... stress_reltn2022->stress_reltn
stress_assist1992 stress_assist1994 ... stress_assist2022->stress_assist
dbstage1992 dbstage1994 ... dbstage2022   ->   dbstage
   livmom1992 livmom1994 ... livmom2022   ->   livmom
   livdad1992 livdad1994 ... livdad2022   ->   livdad
nlivpar1992 nlivpar1994 ... nlivpar2022   ->   nlivpar
   nchild1992 nchild1994 ... nchild2022   ->   nchild
nlivbro1992 nlivbro1994 ... nlivbro2022   ->   nlivbro
nlivsis1992 nlivsis1994 ... nlivsis2022   ->   nlivsis
nlivsib1992 nlivsib1994 ... nlivsib2022   ->   nlivsib
lonely31992 lonely31994 ... lonely32022   ->   lonely3
lonely111992 lonely111994 ... lonely112022->   lonely11
chronicstress1992 chronicstress1994 ... chronicstress2022->chronicstress
posaffect1992 posaffect1994 ... posaffect2022->posaffect
negaffect1992 negaffect1994 ... negaffect2022->negaffect
lifesat1992 lifesat1994 ... lifesat2022   ->   lifesat
   satfin1992 satfin1994 ... satfin2022   ->   satfin
   satfam1992 satfam1994 ... satfam2022   ->   satfam
sathlth1992 sathlth1994 ... sathlth2022   ->   sathlth
satleis1992 satleis1994 ... satleis2022   ->   satleis
big5neur1992 big5neur1994 ... big5neur2022->   big5neur
big5ext1992 big5ext1994 ... big5ext2022   ->   big5ext
big5open1992 big5open1994 ... big5open2022->   big5open
big5agr1992 big5agr1994 ... big5agr2022   ->   big5agr
big5con51992 big5con51994 ... big5con52022->   big5con5
big5con101992 big5con101994 ... big5con102022->big5con10
sreligion1992 sreligion1994 ... sreligion2022->sreligion
-----------------------------------------------------------------------------

. 
. * wave index -- robust, no macro needed (years map evenly: wave=(year-1990)/2)
. gen wave = (year - 1990)/2

. label var wave "HRS wave (1-16)"

. label var year "Interview year"

. order hhidpn year wave

. 
. ***************************************************************************************
. * B2. Merge in Leave-Behind social-interaction variables (built in hrs_lb.do)
. ***************************************************************************************
. * hrs_lb_long.dta is person-wave (hhidpn + year), already recoded/reverse-coded
. * (W8/2006 onward, rotating half-sample).  Variables are documented in hrs_lb.do.
. merge 1:1 hhidpn year using "- Data/hrs_lb.dta", keep(master match) nogen
(label yesno already defined)

    Result                      Number of obs
    -----------------------------------------
    Not matched                       557,173
        from master                   557,173  
        from using                          0  

    Matched                           166,571  
    -----------------------------------------

. replace inlb = 0 if missing(inlb)        // 0 = not in LB subsample this wave
(557,173 real changes made)

. rename (*_r) (*)

. 
. ***************************************************************************************
. * C. Winsorize some variables at the 1st and 99th percentiles
. ***************************************************************************************
. clonevar        income_w = income
(427,545 missing values generated)

. label var       income_w "Household income in 1000s, winsorized"

. sum             income, d

                           income
-------------------------------------------------------------
      Percentiles      Smallest
 1%            0              0
 5%         6010              0
10%         9264              0       Obs             296,199
25%        17652              0       Sum of wgt.     296,199

50%        36000                      Mean           61768.67
                        Largest       Std. dev.      176430.9
75%        70788       1.36e+07
90%       128640       2.54e+07       Variance       3.11e+10
95%       185140       2.54e+07       Skewness       162.5653
99%     405007.4       6.00e+07       Kurtosis       48363.13

. recode          income_w        `r(min)' / `r(p1)' = `r(p1)' ///
>                                         `r(p99)' / `r(max)' = `r(p99)'
(2,961 changes made to income_w)

. replace         income_w = income_w / 1000
(292,425 real changes made)

. 
. clonevar        wealth_w = wealth
(427,545 missing values generated)

. label var       wealth_w "Household wealth in 1000s, winsorized"

. sum             wealth, d

                           wealth
-------------------------------------------------------------
      Percentiles      Smallest
 1%       -34950       -4583000
 5%         -150       -4583000
10%            1       -3624527       Obs             296,199
25%        30000       -3624527       Sum of wgt.     296,199

50%       139000                      Mean           407130.3
                        Largest       Std. dev.       1251676
75%       403000       9.07e+07
90%       960000       1.00e+08       Variance       1.57e+12
95%      1573000       1.17e+08       Skewness       66.36645
99%      4016000       3.09e+08       Kurtosis       13266.13

. recode          wealth_w        `r(min)' / `r(p1)' = `r(p1)' ///
>                                         `r(p99)' / `r(max)' = `r(p99)'                                  
(5,921 changes made to wealth_w)

. replace         wealth_w = wealth_w / 1000
(281,715 real changes made)

. 
. sum             hspnit, d

                           hspnit
-------------------------------------------------------------
      Percentiles      Smallest
 1%            0              0
 5%            0              0
10%            0              0       Obs             280,464
25%            0              0       Sum of wgt.     280,464

50%            0                      Mean           2.300607
                        Largest       Std. dev.      11.03838
75%            0            763
90%            6            970       Variance       121.8459
95%           11            996       Skewness       25.93722
99%           35            996       Kurtosis       1403.583

. recode          hspnit  `r(p99)' / `r(max)' = `r(p99)'  
(2,669 changes made to hspnit)

. 
. sum             ndoctor, d

                           ndoctor
-------------------------------------------------------------
      Percentiles      Smallest
 1%            0              0
 5%            0              0
10%            1              0       Obs             268,164
25%            2              0       Sum of wgt.     268,164

50%            6                      Mean           9.703849
                        Largest       Std. dev.      19.40725
75%           10            900
90%           20            900       Variance       376.6413
95%           30            900       Skewness       16.26179
99%           72            900       Kurtosis       498.5411

. recode          ndoctor         `r(p99)' / `r(max)' = `r(p99)'  
(2,576 changes made to ndoctor)

. 
. sum             nhospstay, d

                          nhospstay
-------------------------------------------------------------
      Percentiles      Smallest
 1%            0              0
 5%            0              0
10%            0              0       Obs             281,451
25%            0              0       Sum of wgt.     281,451

50%            0                      Mean           .4732049
                        Largest       Std. dev.      1.468173
75%            1            100
90%            2            100       Variance       2.155533
95%            2            100       Skewness       21.84165
99%            5            120       Kurtosis       1121.826

. recode          nhospstay       `r(p99)' / `r(max)' = `r(p99)'  
(2,280 changes made to nhospstay)

. 
. sum             nnursnit, d

                          nnursnit
-------------------------------------------------------------
      Percentiles      Smallest
 1%            0              0
 5%            0              0
10%            0              0       Obs             281,725
25%            0              0       Sum of wgt.     281,725

50%            0                      Mean           9.243038
                        Largest       Std. dev.      79.03437
75%            0           3349
90%            0           3986       Variance       6246.431
95%            0           3987       Skewness       12.24459
99%          450           5325       Kurtosis       260.6064

. recode          nnursnit        `r(p99)' / `r(max)' = `r(p99)'
(2,804 changes made to nnursnit)

. 
. 
. 
. ********************************************************************************
. // D. Descriptive labels 
. ********************************************************************************
. label var hhid_cluster                     "Numeric household cluster ID"

. label var hhidpn                   "HHID + person number (merge key)"

. label var rahhidpn                                 "String version of hhidpn"

. label var sampleweight                     "Sampling weight"

. label var strstratum                       "std error stratum"

. label var hsstratum                        "stratum half-sample code"

. label var year                     "Interview year"

. label var wave                     "HRS wave"

. label var cohort                   "Birth-year cohort"

. label var woman                    "Gender"

. label var hispanic                 "Hispanic"

. label var race4cat                 "Race/ethnicity, 4 cat"

. label var race2                    "White vs. racial minority"

. label var educ                     "Years of education"

. label var degree                   "Highest degree"

. label var educ5cat                 "Education, 5 cat"

. label var collegeB                 "Bachelor's degree or higher"

. label var religion                 "Respondent's religion"

. label var religionB                "Has a religion"

. label var sampleweight             "1992 baseline sampling weight"

. label var strstratum               "Sampling error stratum"

. label var hsstratum                "Sampling error computation unit / PSU"

. label var wthh                     "Household analysis weight"

. label var wtresp                   "Person-level analysis weight"

. label var lbwgtr                   "Weight for leave-behind psychosocial Qs"

. label var lbelig                   "Eligible for leave-behind psychosocial"

. label var lbcomp                   "Completed leave-behind psychosocial"

. label var age                      "Age at beginning of interview month"

. label var marstat                  "Marital status, 4 cat"

. label var marstatB                 "Currently married"

. label var income                   "Household income"

. label var wealth                   "Household net wealth"

. label var srhealth                 "Self-rated health"

. label var srhealthB                "Binary self-rated health"

. label var bmi                      "Body mass index"

. label var bmicat                   "Body mass index, 3 cat"

. label var bmiB                     "Overweight or obese"

. label var smokecat                 "Smoking status, 3 cat"

. label var smokeB                   "Current smoker"

. label var everdrink                "Drinks any alcohol"

. label var drinksday                "# alcoholic drinks per drinking day"

. label var dayweekdrink             "# days per week drinking"

. label var drinksweek               "# alcoholic drinks per week"

. label var heavydrink               "Heavy drinker: men 15+/wk, women 8+/wk"

. label var bingedrink               "Binge drinker: men 5+/day, women 4+/day"

. label var vigact3plus              "Vigorous activity 3+/week (W1-W6)"

. label var lightact3plus            "Light activity 3+/week (W1-W2)"

. label var vigact_freq              "Vigorous activity frequency"

. label var mdact_freq               "Moderate activity frequency"

. label var ltact_freq               "Light activity frequency"

. label var vigact_weekly            "Vigorous activity at least weekly"

. label var mdact_weekly             "Moderate activity at least weekly"

. label var ltact_weekly             "Light activity at least weekly"

. label var cog                      "Cognitive function"

. label var cogcat                   "Cognitive function, 3 cat"

. label var cogB                     "Dementia-range cognition"

. label var cesd                     "CES-D depressive symptoms"

. label var cesd_mean                "CES-D mean, 0-1"

. label var cesd4B                   "Elevated depressive symptoms, CES-D>=4"

. label var cesd_nmiss               "# missing CES-D items"

. label var lonely_cesd              "CES-D felt-lonely item"

. label var iadl                     "IADL limitations, count 0-5"

. label var iadlB                    "Any IADL limitation"

. label var hypertension             "Has hypertension this wave"

. label var diabetes                 "Has diabetes this wave"

. label var cancer                   "Has cancer this wave"

. label var lungdz                   "Has lung disease this wave"

. label var heartdz                  "Has heart disease this wave"

. label var stroke                   "Ever had stroke by this wave"

. label var psych                    "Has psychiatric problem this wave"

. label var arthritis                "Has arthritis this wave"

. label var dzcount                  "Disease count(. if 4+ items missing)"

. label var hspnit                   "# nights in hospital (W1 12mo vs W2+ since-last-ivw)"

. label var ndoctor                  "# doctor visits (W1 12mo vs W2+ since-last-ivw)"

. label var nhospstay                "# hospital stays (W1 vs W2+ window differs)"

. label var nnursstay                "# nursing-home stays"

. label var nnursnit                 "# nursing-home nights"

. label var nmarry                   "# marriages (cumulative)"

. label var ndivorce                 "# times divorced (cumulative)"

. label var nwidow                   "# times widowed (cumulative)"

. label var eyesight                 "Self-rated eyesight"

. label var eyesightB                "Good+ eyesight (binary)"

. label var hearing                  "Self-rated hearing"

. label var hearingB                 "Good+ hearing (binary)"

. label var near_eyesight            "Self-rated near vision"

. label var near_eyesightB           "Good+ near vision (W3+)"

. label var far_eyesight             "Self-rated distance vision"

. label var far_eyesightB            "Good+ distance vision"

. label var cataract                 "Had cataract surgery"

. label var glaucoma                 "Glaucoma treatment"

. label var hearaid                  "Uses hearing aid"

. label var sleepfall                "Trouble falling asleep"

. label var sleepfallB               "Frequent trouble falling asleep"

. label var sleepwakn                "Trouble waking during night"

. label var sleepwaknB               "Frequent night waking"

. label var sleepwake                "Trouble waking too early"

. label var sleepwakeB               "Trouble early waking"

. label var sleeptrouble             "Sleep-problem count"

. label var dboralmed                "Taking oral meds for diabetes (diabetics only)"

. label var dbinsulin                "Taking insulin for diabetes (diabetics only)"

. label var dbdiagyr                 "Year diabetes first diagnosed"

. label var dbstage                  "Diabetes stage"

. label var livmom                   "Mother alive this wave"

. label var livdad                   "Father alive this wave"

. label var nlivpar                  "# living parents"

. label var nchild                   "# living (in-contact) children"

. label var nlivbro                  "# living brothers"

. label var nlivsis                  "# living sisters"

. label var nlivsib                  "# living siblings"

. label var lonely3                  "Loneliness, 3-item scale (LB)"

. label var lonely11                 "Loneliness, 11-item scale (LB)"

. label var chronicstress            "Ongoing chronic stress scale (LB)"

. label var posaffect                "Positive affect (LB)"

. label var negaffect                "Negative affect (LB)"

. label var lifesat                  "Life satisfaction (LB)"

. label var satfin                   "Satisfaction: finances (LB)"

. label var satfam                   "Satisfaction: family (LB)"

. label var sathlth                  "Satisfaction: health (LB)"

. label var satleis                  "Satisfaction: leisure (LB)"

. label var big5neur                 "Big Five neuroticism (LB)"

. label var big5ext                  "Big Five extraversion (LB)"

. label var big5open                 "Big Five openness (LB)"

. label var big5agr                  "Big Five agreeableness (LB)"

. label var big5con5                 "Big Five conscientiousness, 5-item (LB)"

. label var big5con10                "Big Five conscientiousness, 10-item (LB) [CONFIRM]"

. label var sreligion                "Spouse's religion"

. label var stress_health                    "Ongoing health problem (LB)"

. label var stress_famhlth                   "Ongoing family health problem (LB)"

. label var stress_famdrug                   "Ongoing family drug/alcohol problem (LB)"

. label var stress_work                      "Ongoing work problem (LB)"

. label var stress_fin                       "Ongoing financial strain (LB)"

. label var stress_house                     "Ongoing housing problem (LB)"

. label var stress_reltn                     "Ongoing relationship problem (LB)"

. label var stress_assist                    "Ongoing caregiving/assistance problem (LB)"

. label var slbwgtr                                       "Spouse LB psychosocial weight"

. label var slbelig                                       "Spouse eligible for LB psychosocial"

. label var slbcomp                                       "Spouse completed LB psychosocial"

. 
. * Leave-Behind social-interaction items, not from RAND
. label var inlb                "In LB subsample this wave"

. * -- Spouse / partner --
. label var livespouse          "Lives with spouse/partner"

. label var understand_sp       "Spouse understands your feelings (LB,merge)"

. label var rely_sp             "Can rely on spouse (LB,merge)"

. label var open_sp             "Can open up to spouse (LB,merge)"

. label var demands_sp          "Spouse makes too many demands (LB,merge)"

. label var criticize_sp        "Spouse criticizes you (LB,merge)"

. label var letdown_sp          "Spouse lets you down (LB,merge)"

. label var nerves_sp           "Spouse gets on your nerves (LB,merge)"

. label var close_sp            "Closeness with spouse/partner (LB,merge)"

. label var enjoy_sp            "Time with spouse enjoyable (2014+,LB,merge)"

. label var dothingstogether_sp "Do things together w/ spouse (2014+,LB,merge)"

. * -- Children --
. label var anychild            "Has any living children,LB,merge"

. label var understand_c        "Children understand your feelings (LB,merge)"

. label var rely_c              "Can rely on children (LB,merge)"

. label var open_c              "Can open up to children (LB,merge)"

. label var demands_c           "Children make too many demands (LB,merge)"

. label var criticize_c         "Children criticize you (LB,merge)"

. label var letdown_c           "Children let you down (LB,merge)"

. label var nerves_c            "Children get on your nerves (LB,merge)"

. label var meetup_c            "Meet up w/ children (LB,merge)"

. label var phone_c             "Phone/text children (LB,merge)"

. label var email_c             "Email/write children (LB,merge)"

. label var socialmedia_c       "Social media w/ children (2014+,LB,merge)"

. label var close_c             "# children w/ close relationship (LB,merge)"

. * -- Other family / relatives --
. label var anyrelatives        "Has any living relatives,LB,merge"

. label var understand_rel      "Relatives understand your feelings (LB,merge)"

. label var rely_rel            "Can rely on relatives (LB,merge)"

. label var open_rel            "Can open up to relatives (LB,merge)"

. label var demands_rel         "Relatives make too many demands (LB,merge)"

. label var criticize_rel       "Relatives criticize you (LB,merge)"

. label var letdown_rel         "Relatives let you down (LB,merge)"

. label var nerves_rel          "Relatives get on your nerves (LB,merge)"

. label var meetup_rel          "Meet up w/ relatives (LB,merge)"

. label var phone_rel           "Phone/text relatives (LB,merge)"

. label var email_rel           "Email/write relatives (LB,merge)"

. label var socialmedia_rel     "Social media w/ relatives (2014+,LB,merge)"

. label var close_rel           "# other family w/ close relationship (LB,merge)"

. label var livenear_rel        "Any relatives in neighborhood (2014+,LB,merge)"

. * -- Friends --
. label var anyfriend           "Has any friends,LB,merge"

. label var understand_fri      "Friends understand your feelings (LB,merge)"

. label var rely_fri            "Can rely on friends (LB,merge)"

. label var open_fri            "Can open up to friends (LB,merge)"

. label var demands_fri         "Friends make too many demands (LB,merge)"

. label var criticize_fri       "Friends criticize you (LB,merge)"

. label var letdown_fri         "Friends let you down (LB,merge)"

. label var nerves_fri          "Friends get on your nerves (LB,merge)"

. label var meetup_fri          "Meet up w/ friends (LB,merge)"

. label var phone_fri           "Phone/text friends (LB,merge)"

. label var email_fri           "Email/write friends (LB,merge)"

. label var socialmedia_fri     "Social media w/ friends (2014+, LB,merge)"

. label var close_fri           "# friends w/ close relationship (LB,merge)"

. label var livenear_fri        "Any friends in neighborhood (2014+,LB,merge)"

. 
. *Additional labelling
. lab val         heavydrink bingedrink vigact3plus lightact3plus livmom livdad ///
>                         cogB hypertension diabetes cancer lungdz heartdz stroke ///
>                         psych arthritis yesno

. 
. lab define      satlab  1 "Not al all" 2 "Not very" 3 "Somewhat" ///
>                                         4 "Very" 5 "Completely"

. lab val         satfin satfam sathlth satleis satlab

. 
. lab define      coglab 0 "low" 1 "medium" 2 "high"

. lab val         cogcat coglab

. 
. 
. *****************************************************************************
. // Drop person-waves with no interview age
. *****************************************************************************
. drop if missing(age) 
(427,547 observations deleted)

. fre year //only people who have data for that survey year are included. 

year -- Interview year
-----------------------------------------------------------
              |      Freq.    Percent      Valid       Cum.
--------------+--------------------------------------------
Valid   1992  |      12651       4.27       4.27       4.27
        1994  |      19641       6.63       6.63      10.90
        1996  |      17991       6.07       6.07      16.98
        1998  |      21384       7.22       7.22      24.20
        2000  |      19578       6.61       6.61      30.81
        2002  |      18165       6.13       6.13      36.94
        2004  |      20129       6.80       6.80      43.73
        2006  |      18469       6.24       6.24      49.97
        2008  |      17217       5.81       5.81      55.78
        2010  |      22034       7.44       7.44      63.22
        2012  |      20554       6.94       6.94      70.16
        2014  |      18747       6.33       6.33      76.49
        2016  |      20912       7.06       7.06      83.55
        2018  |      17146       5.79       5.79      89.34
        2020  |      15723       5.31       5.31      94.65
        2022  |      15856       5.35       5.35     100.00
        Total |     296197     100.00     100.00           
-----------------------------------------------------------

. 
. tab year, missing

  Interview |
       year |      Freq.     Percent        Cum.
------------+-----------------------------------
       1992 |     12,651        4.27        4.27
       1994 |     19,641        6.63       10.90
       1996 |     17,991        6.07       16.98
       1998 |     21,384        7.22       24.20
       2000 |     19,578        6.61       30.81
       2002 |     18,165        6.13       36.94
       2004 |     20,129        6.80       43.73
       2006 |     18,469        6.24       49.97
       2008 |     17,217        5.81       55.78
       2010 |     22,034        7.44       63.22
       2012 |     20,554        6.94       70.16
       2014 |     18,747        6.33       76.49
       2016 |     20,912        7.06       83.55
       2018 |     17,146        5.79       89.34
       2020 |     15,723        5.31       94.65
       2022 |     15,856        5.35      100.00
------------+-----------------------------------
      Total |    296,197      100.00

. tab wave, missing

   HRS wave |      Freq.     Percent        Cum.
------------+-----------------------------------
          1 |     12,651        4.27        4.27
          2 |     19,641        6.63       10.90
          3 |     17,991        6.07       16.98
          4 |     21,384        7.22       24.20
          5 |     19,578        6.61       30.81
          6 |     18,165        6.13       36.94
          7 |     20,129        6.80       43.73
          8 |     18,469        6.24       49.97
          9 |     17,217        5.81       55.78
         10 |     22,034        7.44       63.22
         11 |     20,554        6.94       70.16
         12 |     18,747        6.33       76.49
         13 |     20,912        7.06       83.55
         14 |     17,146        5.79       89.34
         15 |     15,723        5.31       94.65
         16 |     15,856        5.35      100.00
------------+-----------------------------------
      Total |    296,197      100.00

. 
. * Compare across waves -- quick scan of every variable by wave
. ds, has(type numeric)
hhidpn        hispanic      everdrink     lonely_cesd   ndivorce      sleepwakeB    lifesat       stress_ass~t  rely_sp       letdown_rel   phone_rel
year          race4cat      drinksday     iadl          nwidow        sleeptrouble  satfin        bornsouth     open_sp       nerves_rel    email_rel
wave          race2         dayweekdrink  iadlB         eyesight      dboralmed     satfam        bornregion5   demands_sp    understand~i  socialmedi~l
hhid_cluster  marstat       drinksweek    hypertension  hearing       dbinsulin     sathlth       bornUS        criticize_sp  rely_fri      meetup_fri
age           marstatB      heavydrink    diabetes      near_eyesi~t  dbdiagyr      satleis       religion      letdown_sp    open_fri      phone_fri
cohort        educ          bingedrink    cancer        far_eyesight  dbstage       big5neur      religionB     nerves_sp     demands_fri   email_fri
sampleweight  degree        vigact3plus   lungdz        eyesightB     livmom        big5ext       sreligion     understand_c  criticize_~i  socialmedi~i
strstratum    educ5cat      lightact3p~s  heartdz       hearingB      livdad        big5open      cog           rely_c        letdown_fri   enjoy_sp
hsstratum     collegeB      vigact_freq   stroke        near_eyesi~B  nlivpar       big5agr       cogcat        open_c        nerves_fri    dothingsto~p
wthh          income        mdact_freq    psych         far_eyesig~B  nchild        big5con5      cogB          demands_c     close_sp      income_w
wtresp        wealth        ltact_freq    arthritis     cataract      nlivbro       big5con10     inlb          criticize_c   close_c       wealth_w
lbwgtr        srhealth      vigact_wee~y  dzcount       glaucoma      nlivsis       stress_hea~h  livespouse    letdown_c     close_rel
slbwgtr       srhealthB     mdact_weekly  hspnit        hearaid       nlivsib       stress_fam~h  anychild      nerves_c      close_fri
lbelig        bmi           ltact_weekly  ndoctor       sleepfall     lonely3       stress_fam~g  anyrelatives  understand~l  meetup_c
lbcomp        bmicat        cesd          nhospstay     sleepfallB    lonely11      stress_work   anyfriend     rely_rel      phone_c
slbelig       bmiB          cesd_mean     nnursstay     sleepwakn     chronicstr~s  stress_fin    livenear_rel  open_rel      email_c
slbcomp       smokecat      cesd4B        nnursnit      sleepwaknB    posaffect     stress_house  livenear_fri  demands_rel   socialmedi~c
woman         smokeB        cesd_nmiss    nmarry        sleepwake     negaffect     stress_reltn  understand~p  criticize_~l  meetup_rel

. local numvars `r(varlist)'

. local idvars hhidpn hhid_cluster rahhidpn sampleweight strstratum hsstratum wave year cohort

. local numvars : list numvars - idvars

. capture noisily tabstat `numvars', by(wave) statistics(n mean sd min max)

Summary statistics: N, Mean, SD, Min, Max
Group variable: wave (HRS wave)

    wave |       age      wthh    wtresp    lbwgtr   slbwgtr    lbelig    lbcomp   slbelig   slbcomp     woman  hispanic  race4cat     race2   marstat  marstatB
---------+------------------------------------------------------------------------------------------------------------------------------------------------------
       1 |     12651     12651     12651         0         0         0         0         0         0     12651     12641     12641     12641     12651     12651
         |   55.2569  2408.529  1939.083         .         .         .         .         .         .  .5362422  .0930306  .4153152  .2786172  .2938898  .8124259
         |  5.674428  1052.169  1378.633         .         .         .         .         .         .  .4987045  .2904868  .7482889  .4483364  .6909533  .3903871
         |        23         0         0         .         .         .         .         .         .         0         0         0         0         0         0
         |        85      7380      7710         .         .         .         .         .         .         1         1         3         1         3         1
---------+------------------------------------------------------------------------------------------------------------------------------------------------------
       2 |     19641     19641     19641         0         0         0         0         0         0     19641     19619     19619     19619     19641     19641
         |  65.13411  2710.411  2346.228         .         .         .         .         .         .  .5811822  .0750803  .3520057  .2415516  .5559798  .6936001
         |  11.43521  1200.664  1503.509         .         .         .         .         .         .   .493378  .2635276  .6959918  .4280347  .8966645  .4610096
         |        23         0         0         .         .         .         .         .         .         0         0         0         0         0         0
         |       103     10003     10956         .         .         .         .         .         .         1         1         3         1         3         1
---------+------------------------------------------------------------------------------------------------------------------------------------------------------
       3 |     17991     17991     17991         0         0         0         0         0         0     17991     17978     17978     17978     17928     17928
         |  66.35512  2792.743   2367.79         .         .         .         .         .         .  .5842921   .076983  .3513739  .2393481  .5655399  .6875837
         |  11.13627  1315.275  1604.283         .         .         .         .         .         .  .4928573  .2665719  .6978767  .4266974  .8971481  .4634915
         |        22         0         0         .         .         .         .         .         .         0         0         0         0         0         0
         |       105     11557     13795         .         .         .         .         .         .         1         1         3         1         3         1
---------+------------------------------------------------------------------------------------------------------------------------------------------------------
       4 |     21384     21384     21384         0         0         0         0         0         0     21384     21375     21374     21374     21360     21360
         |    65.935  3238.118  3189.055         .         .         .         .         .         .  .5810419  .0773801  .3531393  .2363619  .5735955  .6795412
         |  11.11551  1911.598  1972.984         .         .         .         .         .         .     .4934  .2671999  .7080988  .4248569  .8985818  .4666639
         |        25         0         0         .         .         .         .         .         .         0         0         0         0         0         0
         |       105     13512     16153         .         .         .         .         .         .         1         1         3         1         3         1
---------+------------------------------------------------------------------------------------------------------------------------------------------------------
       5 |     19578     19578     19578         0         0         0         0         0         0     19578     19574     19573     19573     19558     19558
         |  67.12677  3386.736  3288.721         .         .         .         .         .         .  .5857084  .0792889  .3571246  .2367547  .5980673   .666786
         |  10.84368   2125.01  2149.888         .         .         .         .         .         .  .4926119   .270196   .715143  .4251013  .9086576  .4713744
         |        23         0         0         .         .         .         .         .         .         0         0         0         0         0         0
         |       107     25973     27408         .         .         .         .         .         .         1         1         3         1         3         1
---------+------------------------------------------------------------------------------------------------------------------------------------------------------
       6 |     18165     18165     18165         0         0         0         0         0         0     18165     18162     18161     18161     18150     18150
         |   68.3662  3562.302  3415.766         .         .         .         .         .         .  .5895403  .0810483  .3602775  .2379274  .6213223  .6533884
         |  10.50128  2222.334  2241.677         .         .         .         .         .         .  .4919307  .2729169  .7186818  .4258262  .9151069  .4759038
         |        25         0         0         .         .         .         .         .         .         0         0         0         0         0         0
         |       109     13193     19101         .         .         .         .         .         .         1         1         3         1         3         1
---------+------------------------------------------------------------------------------------------------------------------------------------------------------
       7 |     20129     20129     20129         0         0         0         0         0         0     20129     20128     20126     20126     20114     20114
         |  66.56699  3918.317  3985.392         .         .         .         .         .         .  .5850763  .0958366  .4064891  .2615522   .595257  .6638162
         |   11.4979  2580.827  2834.744         .         .         .         .         .         .  .4927211  .2943744  .7617408  .4394909  .9065627  .4724144
         |        24         0         0         .         .         .         .         .         .         0         0         0         0         0         0
         |       107     13146     16170         .         .         .         .         .         .         1         1         3         1         3         1
---------+------------------------------------------------------------------------------------------------------------------------------------------------------
       8 |     18469     18469     18469      9571      6204     18469      8705     11735      5718     18469     18469     18468     18468     18467     18467
         |  67.98814  4093.869  4154.276   8174.54  8347.292  .4700309  .8879954  .4856412  .9080098  .5892577  .0926417  .3958198  .2555231  .6146098  .6526236
         |  11.10315  2801.059  3019.875  7219.995  7280.284  .4991146  .3153902  .4998151  .2890374  .4919819  .2899376  .7532733  .4361666  .9113226  .4761495
         |        25         0         0         0         0         0         0         0         0         0         0         0         0         0         0
         |       104     14375     17035     35349     35349         1         1         1         1         1         1         3         1         3         1
---------+------------------------------------------------------------------------------------------------------------------------------------------------------
       9 |     17217     17217     17217      8295      5038     17217      8307     10646      5045     17217     17216     17215     17215     17215     17215
         |  69.20154  4158.923  4220.436   8933.09  9188.274  .4818493  .8514506  .4732294  .8782953  .5920311  .0961315  .4044148   .260761  .6364217  .6396166
         |  10.76317  2870.622  3113.388  7888.429  8128.538   .499685  .3556652  .4993063  .3269768  .4914716  .2947801  .7587629  .4390625  .9182124  .4801256
         |        25         0         0         0         0         0         0         0         0         0         0         0         0         0         0
         |       106     13209     16558     31063     31063         1         1         1         1         1         1         3         1         3         1
---------+------------------------------------------------------------------------------------------------------------------------------------------------------
      10 |     22034     22034     22034     11213      6931     22032     11235     13513      6940     22034     22009     22003     22003     22028     22028
         |  65.65667  4215.085  4304.301  8581.039  8854.474  .5089415   .741611  .5129135  .7690202  .5816012  .1346267  .5562878  .3567241  .6211186   .646223
         |  11.97068  3447.816   3734.48  8935.615  9026.612  .4999314  .4377684  .4998517  .4214899  .4933075  .3413322  .8431439  .4790433  .9316267  .4781519
         |        18         0         0         0         0         0         0         0         0         0         0         0         0         0         0
         |       109     17462     19408     39713     39713         1         1         1         1         1         1         3         1         3         1
---------+------------------------------------------------------------------------------------------------------------------------------------------------------
      11 |     20554     20554     20554     10079      6045     20554     10080     12484      6045     20554     20527     20521     20521     20538     20538
         |  66.84675  4338.548  4412.706  9134.658  9442.872  .4903668  .7353175  .4842198  .7672457  .5845091  .1375262  .5657619  .3606549  .6387185  .6368196
         |  11.59724  3654.939  3923.569  9956.386  10075.51  .4999194  .4411859  .4997709  .4226219  .4928185  .3444104  .8505675  .4802022  .9380502  .4809279
         |        20         0         0         0         0         0         0         0         0         0         0         0         0         0         0
         |       103     17875     19866     43733     40201         1         1         1         1         1         1         3         1         3         1
---------+------------------------------------------------------------------------------------------------------------------------------------------------------
      12 |     18747     18747     18747      9549      5678     18747      9554     11012      5679     18747     18723     18718     18718     18728     18728
         |  67.90425  4502.049  4614.813  9059.996  9556.095  .5093615  .7893029  .5156193  .8161648   .589321  .1410565  .5795491  .3687894  .6677168  .6205681
         |  11.26738  3827.623  4147.645  9282.763  9524.205  .4999257   .407825  .4997787  .3873838  .4919702  .3480891  .8572608  .4824896  .9465674  .4852586
         |        18         0         0         0         0         0         0         0         0         0         0         0         0         0         0
         |       104     18460     20368     43873     43873         1         1         1         1         1         1         3         1         3         1
---------+------------------------------------------------------------------------------------------------------------------------------------------------------
      13 |     20912     20912     20912      9575      5269     20912     10252     11779      5738     20912     20875     20867     20867     20880     20880
         |  65.69778  4790.356  5185.755   11325.8  12531.35  .4895754  .6213422  .4866287  .6587661  .5856446  .1644072  .6891264  .4258398  .6708812  .6172414
         |  11.79574  4453.596   5136.16  15148.14  15728.46  .4999033  .4850763  .4998424  .4741651  .4926222  .3706535  .9163301  .4944815  .9604043  .4860718
         |        21         0         0         0         0         0         0         0         0         0         0         0         0         0         0
         |       107     22500     48732     82800     82800         1         1         1         1         1         1         3         1         3         1
---------+------------------------------------------------------------------------------------------------------------------------------------------------------
      14 |     17146     17146     17146      8295      4506     17146      8807      9358      4872     17146     17119     17111     17111     17120     17120
         |  66.99084  5618.962  6044.185  12493.51  14023.67  .5135892  .6515272  .5206241  .6972496  .5899335  .1663064  .6923616  .4302495   .685514  .6110981
         |  11.40136  5276.834  5982.998   15352.7  16164.95  .4998299  .4765137  .4996012  .4594953  .4918598  .3723664  .9126871  .4951254  .9687207  .4875152
         |        22         0         0         0         0         0         0         0         0         0         0         0         0         0         0
         |       104     25879     57895     81298     81298         1         1         1         1         1         1         3         1         3         1
---------+------------------------------------------------------------------------------------------------------------------------------------------------------
      15 |     15723     15723     15723      6993      3587     15723      7444      8477      3901     15723     15696     15689     15689     15685     15685
         |  68.08872  5950.904  6263.135  14081.99  16450.63  .4734465  .6297689  .4601864   .687516  .5936526  .1706167  .7031678  .4349544  .6930826  .6070131
         |  10.84904  5530.789  6223.165  17853.69  18742.43  .4993103  .4828989  .4984418  .4635653  .4911665  .3761857  .9179999  .4957668  .9704411  .4884295
         |        24         0         0         0         0         0         0         0         0         0         0         0         0         0         0
         |       104     28222     52528     85019     85019         1         1         1         1         1         1         3         1         3         1
---------+------------------------------------------------------------------------------------------------------------------------------------------------------
      16 |     15856     13128     13128      6418      3295     15856      8784      7867      4433     15856     15342     15332     15332     15816     15816
         |  67.67445  6724.165  7035.278  14392.95  16967.53  .5476791  .5070583  .5562476  .5571848  .5930247  .1934559  .7759588  .4871511  .7331184  .5876328
         |  10.99813   6310.76  7161.596  19706.06  20950.71  .4977372  .4999786  .4968577  .4967752  .4912857  .3950201  .9201864  .4998512  .9952938  .4922762
         |        27         0         0         0         0         0         0         0         0         0         0         0         0         0         0
         |       106     32121     65537     82969     82969         1         1         1         1         1         1         3         1         3         1
---------+------------------------------------------------------------------------------------------------------------------------------------------------------
   Total |    296197    293469    293469     79988     46553    166656     83168     96871     48371    296197    295453    295396    295396    295879    295879
         |  66.45907  4106.407  4131.332   10377.4  11061.03  .4979719  .7134715  .4983122  .7558661  .5845468  .1162892  .4937812  .3173266  .6144302  .6528311
         |  11.37249  3594.855  4030.504  12739.63  13057.12  .4999974   .452142  .4999997  .4295769  .4928008   .320572  .8142579  .4654365  .9246433  .4760708
         |        18         0         0         0         0         0         0         0         0         0         0         0         0         0         0
         |       109     32121     65537     85019     85019         1         1         1         1         1         1         3         1         3         1
----------------------------------------------------------------------------------------------------------------------------------------------------------------

    wave |      educ    degree  educ5cat  collegeB    income    wealth  srhealth  srheal~B       bmi    bmicat      bmiB  smokecat    smokeB  everdr~k  drinks~y
---------+------------------------------------------------------------------------------------------------------------------------------------------------------
       1 |     12651     12651     12651     12651     12651     12651     12651     12651     12651     12651     12651     12651     12651     12651         0
         |  12.01818  2.233183  1.101731  .1669433  47556.39  215847.5  3.416094  .7771718  27.09859  .8781124  .6424789  .9060153  .2716781  .6050905         .
         |  3.268315   1.88336  .9807665    .37294  50817.83  451885.5  1.205183  .4161604  5.180042  .7604892   .479289  .7928162  .4448424  .4888506         .
         |         0         0         0         0         0   -720000         1         0      12.8         0         0         0         0         0         .
         |        17         7         3         1   1300000   9609766         5         1     102.7         2         1         2         1         1         .
---------+------------------------------------------------------------------------------------------------------------------------------------------------------
       2 |     19629     19641     19641     19629     19641     19641     19631     19631     19433     19433     19433     19566     19566     19636         0
         |  11.53176  2.014205  .9877297  .1447348  41504.15  212689.8  3.187102  .7149407  26.45301  .7939073  .5917254  .7747112  .1862414  .5042779         .
         |  3.532632  1.875219  .9718032  .3518422  73813.02  434249.1  1.191876  .4514542  4.989054  .7536653  .4915271  .7396246  .3893113  .4999944         .
         |         0         0         0         0         0  -4583000         1         0      12.6         0         0         0         0         0         .
         |        17         8         4         1   3254517  1.52e+07         5         1      92.2         2         1         2         1         1         .
---------+------------------------------------------------------------------------------------------------------------------------------------------------------
       3 |     17985     17991     17991     17985     17991     17991     17984     17984     17773     17773     17773     17380     17380     17986     17899
         |  11.63759  2.063421  1.011339  .1496803   45991.7  273100.2  3.209686  .7230872  26.53072   .803691  .5932032  .7501151  .1708861  .4615256  .6359014
         |  3.485256  1.877734  .9739146  .3567677  70958.17  691851.9  1.176431  .4474855  5.108029  .7607759  .4912502  .7274923  .3764202  .4985314  1.361807
         |         0         0         0         0         0 -825900.7         1         0      10.8         0         0         0         0         0         0
         |        17         8         4         1   3067647  4.13e+07         5         1      75.5         2         1         2         1         1        30
---------+------------------------------------------------------------------------------------------------------------------------------------------------------
       4 |     21380     21384     21384     21380     21384     21384     21378     21378     21099     21099     21099     21172     21172     21379     21317
         |  11.90454  2.212963  1.088524  .1697381  50766.85  308810.6  3.077603  .6848629  26.82502  .8471492  .6169013  .7582656  .1682883  .4711633  .6049632
         |  3.412448  1.904739  .9957451  .3754113  112017.1   1088167  1.177081  .4645813  5.241683  .7681219  .4861536  .7210409  .3741309  .4991794   1.34366
         |         0         0         0         0         0  -3624527         1         0       9.6         0         0         0         0         0         0
         |        17         8         4         1   8017657  8.65e+07         5         1      74.5         2         1         2         1         1        30
---------+------------------------------------------------------------------------------------------------------------------------------------------------------
       5 |     19578     19578     19578     19578     19578     19578     19570     19570     19289     19289     19289     19387     19387     19574     19528
         |  11.98948  2.264327  1.114618  .1772908  52726.72  350852.5  3.163158  .7167603  27.03853  .8726217  .6319664  .7400836  .1531439  .4499336  .5384576
         |  3.403106  1.912542  1.002087  .3819244    100756  937781.3  1.156028  .4505833  5.369692  .7697366   .482283  .7061681  .3601354  .4974997  1.245653
         |         0         0         0         0         0   -355000         1         0      11.5         0         0         0         0         0         0
         |        17         7         3         1   5537080  5.38e+07         5         1      75.5         2         1         2         1         1        30
---------+------------------------------------------------------------------------------------------------------------------------------------------------------
       6 |     18160     18165     18165     18160     18165     18165     18154     18154     17818     17818     17818     17986     17986     18161     18128
         |  12.08568  2.318525  1.142582  .1828744  52376.23  372680.3  3.122397  .7088245  27.17238  .8916826   .636884   .723952  .1407762  .4461759  .5855031
         |  3.367031  1.913872  1.004195  .3865742  92109.83   1075954  1.132933  .4543167  5.438748  .7785986  .4809114  .6938477  .3478002  .4971082  1.229308
         |         0         0         0         0         0   -265995         1         0       9.5         0         0         0         0         0         0
         |        17         8         4         1   7395354  9.07e+07         5         1      70.9         2         1         2         1         1        23
---------+------------------------------------------------------------------------------------------------------------------------------------------------------
       7 |     20103     20129     20129     20125     20129     20129     20112     20112     19750     19750     19750     19951     19951     20125     20078
         |   12.3114  2.458095  1.212231  .2005963  60240.48    423575  3.116895  .7020187  27.45251  .9199494  .6480506  .7259786  .1509699  .4855155  .6888634
         |  3.325273  1.923297   1.01742  .4004565  101171.1   1125217  1.141829  .4573826  5.672739  .7857934  .4775904  .7077418  .3580285  .4998026  1.433025
         |         0         0         0         0         0  -2245500         1         0       9.6         0         0         0         0         0         0
         |        17         8         4         1   3536774  4.22e+07         5         1      71.3         2         1         2         1         1        30
---------+------------------------------------------------------------------------------------------------------------------------------------------------------
       8 |     18440     18469     18469     18465     18469     18469     18444     18444     18175     18175     18175     18309     18309     18462     18424
         |  12.38156  2.490281  1.230819   .205524  64584.71  502600.8   3.11619  .7002819  27.84348  .9755158  .6767538  .7094325   .138238  .4965876  .6486105
         |  3.278637  1.922467  1.019546  .4040949  317110.8   1261882  1.131921  .4581468  5.849746  .7883165  .4677287  .6947233  .3451591  .5000019  1.318907
         |         0         0         0         0         0  -2199392         1         0      10.6         0         0         0         0         0         0
         |        17         8         4         1  2.54e+07  4.35e+07         5         1      82.7         2         1         2         1         1        30
---------+------------------------------------------------------------------------------------------------------------------------------------------------------
       9 |     17187     17217     17217     17213     17217     17217     17203     17203     16983     16983     16983     17070     17070     17215     17194
         |  12.44516   2.52878  1.250741   .210829  67375.63  507641.7  3.063361  .6943556  27.98686  .9935818  .6846258  .6993556  .1308729   .488237  .6591834
         |  3.264826  1.923943   1.02202  .4079091  471896.8   1225570  1.109328  .4606932  5.904772  .7901429  .4646784  .6870449  .3372712  .4998761  1.318054
         |         0         0         0         0         0  -1064000         1         0      10.6         0         0         0         0         0         0
         |        17         8         4         1  6.00e+07  4.16e+07         5         1      74.4         2         1         2         1         1        17
---------+------------------------------------------------------------------------------------------------------------------------------------------------------
      10 |     21938     22034     22034     22030     22034     22034     22023     22023     21602     21602     21602     21901     21901     22031     21984
         |  12.59235  2.610012  1.297086  .2178847  62948.29  394004.8  3.106434  .7029923  28.50306  1.053745  .7086844  .7215196  .1562942  .5581226  .8335608
         |  3.234829  1.891725  1.020537   .412818  97743.43  993179.3  1.109575  .4569503  6.196846  .7959378  .4543791  .7166177  .3631424  .4966215  1.595324
         |         0         0         0         0         0  -2760000         1         0         7         0         0         0         0         0         0
         |        17         8         4         1   5438860  5.09e+07         5         1      79.1         2         1         2         1         1        30
---------+------------------------------------------------------------------------------------------------------------------------------------------------------
      11 |     20458     20554     20554     20550     20554     20554     20533     20533     20244     20244     20244     20436     20436     20549     20491
         |  12.63882  2.639292  1.312445  .2219951  64835.65  392026.7  3.104222  .7059855  28.50107   1.05162  .7065303  .7064005  .1454296  .5360358  .7873701
         |  3.223762  1.887944  1.021243   .415598  100251.4  999078.1  1.098964  .4556096  6.233967  .7974499   .455363  .7058913  .3525421  .4987119  1.489815
         |         0         0         0         0         0  -1495000         1         0       8.9         0         0         0         0         0         0
         |        17         8         4         1   3663276  4.35e+07         5         1        83         2         1         2         1         1        30
---------+------------------------------------------------------------------------------------------------------------------------------------------------------
      12 |     18660     18747     18747     18742     18747     18747     18731     18731     18442     18442     18442     18638     18638     18743     18648
         |  12.69753  2.673761  1.329173  .2266034     68281  445508.3   3.05232  .6935027  28.57326  1.061219   .713209  .6883249  .1310226  .5354532  .7761154
         |  3.208753  1.887206  1.023142   .418645  140545.3   2466892  1.068571   .461051  6.213938  .7944101  .4522754  .6903655  .3374342  .4987548  1.412967
         |         0         0         0         0         0  -2729000         1         0        11         0         0         0         0         0         0
         |        17         8         4         1  1.09e+07  3.09e+08         5         1      76.6         2         1         2         1         1        18
---------+------------------------------------------------------------------------------------------------------------------------------------------------------
      13 |     20824     20912     20912     20907     20912     20912     20888     20888     20578     20578     20578     20818     20818     20897     20828
         |  12.77632  2.745935  1.371174  .2380064   74199.4  437439.2  3.048257  .6890559   28.9582  1.105355  .7336962  .6890672  .1466519  .5807054  .9060399
         |  3.261072  1.880729    1.0295  .4258733  159340.5   1171542  1.066321   .462891  6.357569  .7917661  .4420357  .7124478  .3537671  .4934555  1.637492
         |         0         0         0         0         0  -1098000         1         0      10.3         0         0         0         0         0         0
         |        17         8         4         1  1.00e+07  3.41e+07         5         1      92.8         2         1         2         1         1        25
---------+------------------------------------------------------------------------------------------------------------------------------------------------------
      14 |     17078     17146     17146     17143     17146     17146     17135     17135     16903     16903     16903     17075     17075     17131     17087
         |  12.85537  2.807069  1.404409  .2499563  77479.54    522928  3.066881  .7023636  29.06142  1.114063  .7376205   .669634  .1316545  .5620221  .8569673
         |  3.268908  1.885738  1.036793  .4330001  167681.1   1888558  1.050198  .4572321  6.441109  .7911057  .4399408  .6961046  .3381246  .4961528   1.52992
         |         0         0         0         0         0  -1642000         1         0      10.2         0         0         0         0         0         0
         |        17         8         4         1   7406316  1.17e+08         5         1     103.6         2         1         2         1         1        25
---------+------------------------------------------------------------------------------------------------------------------------------------------------------
      15 |     15651     15723     15723     15719     15723     15723     15704     15704     15497     15497     15497     15551     15551     15710     15647
         |  12.96141  2.881257  1.443363   .261976  77135.04  555346.5  3.087048  .7135762  29.01353  1.117184  .7401433  .6465822  .1190277  .5810312  .8723078
         |  3.240959  1.883236  1.039798  .4397236  133360.6   1245895  1.019332  .4521042  6.367602  .7894337    .43857  .6830806  .3238315   .493406  1.642558
         |         0         0         0         0         0  -2442000         1         0       8.1         0         0         0         0         0         0
         |        17         8         4         1   5731600  2.74e+07         5         1      70.3         2         1         2         1         1        30
---------+------------------------------------------------------------------------------------------------------------------------------------------------------
      16 |     15282     15458     15458     15373     15856     15856     15836     15836     15573     15573     15573     13450     13450     15824     15752
         |  13.01989  2.953552  1.485186  .2747674  83516.68  633345.3  3.052728   .698535  29.13167  1.121813  .7378797  .5330112   .105948  .5965622  .9044566
         |  3.268336  1.926962  1.066438  .4464115  148661.5   1390283  1.034149  .4589087  6.528472  .7945163  .4398019  .6788523  .3077824  .4906026  1.569405
         |         0         0         0         0         0  -1076000         1         0       9.4         0         0         0         0         0         0
         |        17         8         4         1   4732365  2.85e+07         5         1     100.4         2         1         2         1         1        15
---------+------------------------------------------------------------------------------------------------------------------------------------------------------
   Total |    295004    295799    295799    295650    296197    296197    295977    295977    291810    291810    291810    291341    291341    296074    263005
         |  12.35682  2.488541  1.233723  .2054422  61769.06  407133.1  3.118881  .7063083   27.8733   .973822  .6742127  .7158656  .1520761  .5196775  .7333093
         |  3.348428  1.918284  1.024204  .4040251  176431.5   1251680  1.121463  .4554532  5.911866  .7903882  .4686691  .7124296  .3590952  .4996135  1.448603
         |         0         0         0         0         0  -4583000         1         0         7         0         0         0         0         0         0
         |        17         8         4         1  6.00e+07  3.09e+08         5         1     103.6         2         1         2         1         1        30
----------------------------------------------------------------------------------------------------------------------------------------------------------------

    wave |  daywee~k  drinks~k  heavyd~k  binged~k  vigact~s  lighta~s  vigact~q  mdact_~q  ltact_~q  vigact~y  mdact_~y  ltact_~y      cesd  cesd_m~n    cesd4B
---------+------------------------------------------------------------------------------------------------------------------------------------------------------
       1 |         0         0         0         0     12651     12651         0         0         0         0         0         0         0         0         0
         |         .         .         .         .  .1938977  .5224093         .         .         .         .         .         .         .         .         .
         |         .         .         .         .  .3953653  .4995173         .         .         .         .         .         .         .         .         .
         |         .         .         .         .         0         0         .         .         .         .         .         .         .         .         .
         |         .         .         .         .         1         1         .         .         .         .         .         .         .         .         .
---------+------------------------------------------------------------------------------------------------------------------------------------------------------
       2 |         0         0         0         0     11081     11149         0         0         0         0         0         0     18065     18065     18065
         |         .         .         .         .  .2159552  .6840075         .         .         .         .         .         .  1.464046  .1830058  .1526156
         |         .         .         .         .   .411502  .4649308         .         .         .         .         .         .  2.000012  .2500016  .3596265
         |         .         .         .         .         0         0         .         .         .         .         .         .         0         0         0
         |         .         .         .         .         1         1         .         .         .         .         .         .         8         1         1
---------+------------------------------------------------------------------------------------------------------------------------------------------------------
       3 |     17925     17899     17899     17899     17982         0         0         0         0         0         0         0     16347     16347     16347
         |  1.020363  2.239511  .0498352  .0220124  .4243132         .         .         .         .         .         .         .  1.355233  .1694042  .1370282
         |  1.999269  6.525598  .2176104  .1467278  .4942521         .         .         .         .         .         .         .  1.896827  .2371034  .3438876
         |         0         0         0         0         0         .         .         .         .         .         .         .         0         0         0
         |         7       210         1         1         1         .         .         .         .         .         .         .         8         1         1
---------+------------------------------------------------------------------------------------------------------------------------------------------------------
       4 |     21379     21317     21317     21317     21373         0         0         0         0         0         0         0     19329     19329     19329
         |  1.013565  2.241075  .0499132  .0207815  .4227764         .         .         .         .         .         .         .  1.616276  .2020345  .1633814
         |  2.030339  6.571717  .2177708  .1426556  .4940121         .         .         .         .         .         .         .  1.946471  .2433088  .3697229
         |         0         0         0         0         0         .         .         .         .         .         .         .         0         0         0
         |         7       210         1         1         1         .         .         .         .         .         .         .         8         1         1
---------+------------------------------------------------------------------------------------------------------------------------------------------------------
       5 |     19560     19528     19528     19528     19572         0         0         0         0         0         0         0     17508     17508     17508
         |  .9431493  1.990731  .0446538  .0168988  .4192213         .         .         .         .         .         .         .  1.577565  .1971956  .1584419
         |  1.980073  5.875674  .2065479  .1288957  .4934443         .         .         .         .         .         .         .  1.934196  .2417745  .3651652
         |         0         0         0         0         0         .         .         .         .         .         .         .         0         0         0
         |         7       182         1         1         1         .         .         .         .         .         .         .         8         1         1
---------+------------------------------------------------------------------------------------------------------------------------------------------------------
       6 |     18129     18108     18108     18128     18158         0         0         0         0         0         0         0     16125     16125     16125
         |  .9981246  2.112934  .0500884  .0191417  .4005948         .         .         .         .         .         .         .  1.535008   .191876  .1603101
         |  1.995996  5.829095  .2181333  .1370266  .4900325         .         .         .         .         .         .         .  1.976159  .2470198  .3669048
         |         0         0         0         0         0         .         .         .         .         .         .         .         0         0         0
         |         7       161         1         1         1         .         .         .         .         .         .         .         8         1         1
---------+------------------------------------------------------------------------------------------------------------------------------------------------------
       7 |     20090     20058     20058     20078         0         0     20109     20116     20118     20109     20116     20118     18283     18283     18283
         |   1.07994  2.412753  .0568352  .0245044         .         .  4.070516   2.98787  2.686152  .3055348  .6732452  .8065414  1.501121  .1876402  .1524914
         |  2.042088  6.711759  .2315332  .1546129         .         .  1.302856  1.304213  1.106461   .460645  .4690384  .3950191  1.986426  .2483032  .3595064
         |         0         0         0         0         .         .         1         1         1         0         0         0         0         0         0
         |         7       210         1         1         .         .         5         5         5         1         1         1         8         1         1
---------+------------------------------------------------------------------------------------------------------------------------------------------------------
       8 |     18438     18407     18407     18424         0         0     18445     18454     18459     18445     18454     18459     17198     17198     17198
         |  1.088459  2.336557  .0559026   .021168         .         .  4.082678  2.924569  2.615147  .3012198  .6771974  .8038897  1.536458  .1920572  .1589138
         |  2.057332  6.294987  .2297399  .1439482         .         .  1.317659  1.370328  1.179014  .4588005  .4675606  .3970637  2.012559  .2515699  .3656063
         |         0         0         0         0         .         .         1         1         1         0         0         0         0         0         0
         |         7       189         1         1         .         .         5         5         5         1         1         1         8         1         1
---------+------------------------------------------------------------------------------------------------------------------------------------------------------
       9 |     17198     17186     17186     17194         0         0     17207     17208     17206     17207     17208     17206     16075     16075     16075
         |  1.091987  2.360468  .0562667  .0220426         .         .  4.071715  2.961646  2.641055  .3033649  .6645165  .7992561  1.448212  .1810264   .143577
         |  2.055412  6.293269  .2304428  .1468263         .         .  1.311381  1.364024  1.194756  .4597248  .4721729  .4005685  1.975645  .2469557  .3506712
         |         0         0         0         0         .         .         1         1         1         0         0         0         0         0         0
         |         7       119         1         1         .         .         5         5         5         1         1         1         8         1         1
---------+------------------------------------------------------------------------------------------------------------------------------------------------------
      10 |     21986     21953     21953     21984         0         0     21985     22001     22009     21985     22001     22009     20647     20647     20647
         |  1.114573  2.639411  .0650481  .0357988         .         .  3.955015  3.059952  2.729474  .3430066  .6432435  .7861329  1.531942  .1914927  .1563908
         |  1.970425  6.700572  .2466163  .1857923         .         .   1.32498  1.322806  1.155001  .4747245   .479053  .4100434  2.036748  .2545935  .3632342
         |         0         0         0         0         .         .         1         1         1         0         0         0         0         0         0
         |         7       168         1         1         .         .         5         5         5         1         1         1         8         1         1
---------+------------------------------------------------------------------------------------------------------------------------------------------------------
      11 |     20496     20456     20456     20491         0         0     20489     20520     20518     20489     20520     20518     19400     19400     19400
         |    1.0887  2.443537  .0596402  .0294276         .         .  3.937625  3.025146  2.739595  .3526282  .6530214  .7847256  1.543969  .1929961  .1589691
         |  1.938714  5.988365  .2368248  .1690058         .         .  1.320037  1.312905    1.1552  .4777999  .4760205  .4110226   2.05146  .2564326  .3656567
         |         0         0         0         0         .         .         1         1         1         0         0         0         0         0         0
         |         7       105         1         1         .         .         5         5         5         1         1         1         8         1         1
---------+------------------------------------------------------------------------------------------------------------------------------------------------------
      12 |     18657     18603     18603     18648         0         0     18667     18689     18720     18667     18689     18720     17696     17696     17696
         |  1.103714  2.445036  .0603666  .0280995         .         .  3.942519  3.072021  2.770833  .3467617  .6367382  .7762821  1.521756  .1902195  .1570976
         |  1.947013  5.958916  .2381712  .1652616         .         .  1.323317  1.328105  1.158539  .4759518  .4809522  .4167463  2.048516  .2560645  .3639031
         |         0         0         0         0         .         .         1         1         1         0         0         0         0         0         0
         |         7       126         1         1         .         .         5         5         5         1         1         1         8         1         1
---------+------------------------------------------------------------------------------------------------------------------------------------------------------
      13 |     20835     20784     20784     20828         0         0     20808     20830     20851     20808     20830     20851     19965     19965     19965
         |  1.135637  2.744034  .0680331    .03889         .         .  3.934544  2.997072  2.690183  .3498654  .6593855  .7976596   1.53694  .1921175   .157726
         |  1.926716  6.722574  .2518088  .1933373         .         .  1.320487  1.307215  1.137513  .4769387  .4739273  .4017543  2.025187  .2531484   .364493
         |         0         0         0         0         .         .         1         1         1         0         0         0         0         0         0
         |         7       175         1         1         .         .         5         5         5         1         1         1         8         1         1
---------+------------------------------------------------------------------------------------------------------------------------------------------------------
      14 |     17097     17058     17058     17087         0         0     17091     17118     17111     17091     17118     17111     16479     16479     16479
         |  1.123998  2.609919  .0667722  .0348803         .         .  3.923234  2.966293  2.659809  .3467322  .6545157   .789083  1.503732  .1879665  .1509194
         |  1.912803  6.104081  .2496344   .183482         .         .   1.35019  1.360042  1.183333  .4759435  .4755398  .4079715  2.012395  .2515494  .3579811
         |         0         0         0         0         .         .         1         1         1         0         0         0         0         0         0
         |         7       126         1         1         .         .         5         5         5         1         1         1         8         1         1
---------+------------------------------------------------------------------------------------------------------------------------------------------------------
      15 |     15643     15597     15597     15647         0         0     15614     15659     15650     15614     15659     15650     14998     14998     14998
         |  1.176117  2.799769  .0716163   .034767         .         .  3.940182  2.936394  2.630735  .3455873  .6609617  .8008307  1.545673  .1932091  .1615549
         |  1.989549  7.323225  .2578598  .1831951         .         .  1.331355  1.358487  1.169921  .4755746   .473398  .3993884  2.043636  .2554545  .3680542
         |         0         0         0         0         .         .         1         1         1         0         0         0         0         0         0
         |         7       210         1         1         .         .         5         5         5         1         1         1         8         1         1
---------+------------------------------------------------------------------------------------------------------------------------------------------------------
      16 |     15693     15636     15636     15752         0         0     15789     15795     15802     15789     15795     15802     15263     15263     15263
         |  1.126426  2.690778  .0693911  .0380269         .         .  3.956109  2.950174  2.602645  .3337133  .6526116  .7988229  1.536461  .1920576  .1601258
         |  1.891277  6.484657  .2541262  .1912673         .         .  1.355781  1.377605  1.189101  .4715536  .4761555  .4008928  2.017312   .252164  .3667347
         |         0         0         0         0         .         .         1         1         1         0         0         0         0         0         0
         |         7       105         1         1         .         .         5         5         5         1         1         1         8         1         1
---------+------------------------------------------------------------------------------------------------------------------------------------------------------
   Total |    263126    262590    262590    263005    100817     23800    186204    186390    186444    186204    186390    186444    263378    263378    263378
         |  1.077092   2.42839  .0586351  .0275204  .3669123  .5981092  3.981397  2.991759  2.680762  .3331293  .6573529  .7940293  1.518631  .1898289  .1554382
         |  1.983448  6.397715   .234941  .1635944  .4819647  .4902904  1.326351  1.339169  1.162442  .4713336  .4745959  .4044102   1.99958  .2499474  .3623226
         |         0         0         0         0         0         0         1         1         1         0         0         0         0         0         0
         |         7       210         1         1         1         1         5         5         5         1         1         1         8         1         1
----------------------------------------------------------------------------------------------------------------------------------------------------------------

    wave |  cesd_n~s  lonely~d      iadl     iadlB  hypert~n  diabetes    cancer    lungdz   heartdz    stroke     psych  arthri~s   dzcount    hspnit   ndoctor
---------+------------------------------------------------------------------------------------------------------------------------------------------------------
       1 |         0         0         0         0     12651     12651     12651     12651     12651     12651     12651     12651     12651         0         0
         |         .         .         .         .  .3847127  .1097937  .0554897  .0804679  .1316101  .0264801  .1081337  .3771243  1.273812         .         .
         |         .         .         .         .  .4865465  .3126448  .2289426   .272027  .3380798  .1605645  .3105615  .4846856  1.215301         .         .
         |         .         .         .         .         0         0         0         0         0         0         0         0         0         .         .
         |         .         .         .         .         1         1         1         1         1         1         1         1         7         .         .
---------+------------------------------------------------------------------------------------------------------------------------------------------------------
       2 |     19641     18064      8221      8221     15364     18428     19050     18753     19631     19641     18442     15390     19353     19592     19410
         |  .6490505  .1566098   .461866  .2159105  .3036319  .0743977  .0668241    .06255  .1635169  .0576345  .0733109  .1976608  .8830672  1.714399  5.897836
         |  2.171139  .3634426  1.085253  .4114775  .4598405   .262424  .2497238  .2421582   .369846   .233057  .2606532  .3982478  1.148637  5.359765  8.271765
         |         0         0         0         0         0         0         0         0         0         0         0         0         0         0         0
         |         8         1         5         1         1         1         1         1         1         1         1         1         7        35        72
---------+------------------------------------------------------------------------------------------------------------------------------------------------------
       3 |     17991     16342     17951     17951     17473     17814     17890     17722     17720     17991     17556     17598     17983     17865     17551
         |  .7358679  .1590993  .3380313   .156203  .4750758  .1392163  .1050866  .0988037  .2324492  .0682564  .1405218   .517161    1.7417  2.154772  8.679221
         |   2.30526  .3657798   .958028  .3630578  .4993927  .3461819  .3066736  .2984068  .4224058  .2521923  .3475374  .4997196  1.364607  5.934517  10.19703
         |         0         0         0         0         0         0         0         0         0         0         0         0         0         0         0
         |         8         1         5         1         1         1         1         1         1         1         1         1         8        35        72
---------+------------------------------------------------------------------------------------------------------------------------------------------------------
       4 |     21384     19322     21353     21353     21044     21267     21311     21171     20675     21384     21084     21029     21377     21261     20920
         |   .773382   .178967  .3318972  .1515478  .4727238  .1430855   .109474  .0912569  .2083192  .0713618  .1421931  .5353084  1.746737  2.148206  9.517878
         |  2.359753  .3833346  .9570401  .3585904  .4992673  .3501683  .3122403  .2879809  .4061161  .2574342  .3492564  .4987636  1.370652  5.838739  11.67715
         |         0         0         0         0         0         0         0         0         0         0         0         0         0         0         0
         |         8         1         5         1         1         1         1         1         1         1         1         1         8        35        72
---------+------------------------------------------------------------------------------------------------------------------------------------------------------
       5 |     19578     17502     19552     19552     19565     19570     19563     19565     19570     19578     19569     19563     19573     19465     19051
         |  .8491674  .1840932  .3411927  .1510843  .4942499  .1538068  .1198691  .0921032   .223812  .0793237  .1471715  .5689311  1.878506  2.008477  9.355047
         |  2.461032  .3875713  .9825052  .3581402  .4999797  .3607727  .3248168   .289179  .4168082  .2702503  .3542859  .4952384  1.402224  5.649637  11.11382
         |         0         0         0         0         0         0         0         0         0         0         0         0         0         0         0
         |         8         1         5         1         1         1         1         1         1         1         1         1         8        35        72
---------+------------------------------------------------------------------------------------------------------------------------------------------------------
       6 |     18165     16108     18158     18158     18147     18157     18158     18155     18153     18165     18155     18139     18161     17998     17451
         |  .9071841  .1816489  .3666703  .1600397  .5298947  .1759101  .1347615  .0970532  .2508676  .0856592  .1580281  .5981035  2.028688  2.211912  10.05954
         |  2.525945  .3855668  1.021192  .3666529  .4991193  .3807542  .3414781  .2960383  .4335244  .2798679  .3647774  .4902948  1.423993  5.922823  11.84735
         |         0         0         0         0         0         0         0         0         0         0         0         0         0         0         0
         |         8         1         5         1         1         1         1         1         1         1         1         1         8        35        72
---------+------------------------------------------------------------------------------------------------------------------------------------------------------
       7 |     20129     18271     20116     20116     20100     20108     20113     20116     20108     20129     20098     20104     20123     19957     19428
         |  .7435044   .174922  .3384868  .1569397  .5308955  .1797295  .1308109   .094651  .2383131   .080779  .1605135  .5710804  1.984644  1.994638  9.763383
         |  2.309631  .3799108   .961559   .363753   .499057  .3839715  .3372018  .2927396  .4260622  .2725022  .3670907  .4949341  1.454889   5.58484  11.92442
         |         0         0         0         0         0         0         0         0         0         0         0         0         0         0         0
         |         8         1         5         1         1         1         1         1         1         1         1         1         8        35        72
---------+------------------------------------------------------------------------------------------------------------------------------------------------------
       8 |     18469     17183     18460     18460     18437     18449     18452     18448     18449     18469     18447     18450     18461     18325     17623
         |  .5607234  .1771518  .3656013  .1641387  .5714596  .2015827  .1438326  .1014202  .2548648  .0877145  .1750962  .5985366   2.13255  2.076835  9.914827
         |  2.027416  .3818083  1.008216  .3704114  .4948806  .4011931  .3509295  .3018925   .435797   .282887  .3800597  .4902077  1.466946  5.647208  11.55563
         |         0         0         0         0         0         0         0         0         0         0         0         0         0         0         0
         |         8         1         5         1         1         1         1         1         1         1         1         1         8        35        72
---------+------------------------------------------------------------------------------------------------------------------------------------------------------
       9 |     17217     16064     17207     17207     17191     17199     17205     17206     17199     17217     17199     17190     17213     17047     16191
         |  .5380728  .1609188  .3744988  .1661533  .6051422  .2194314  .1551874  .1089736  .2625153  .0943835  .1805338  .6161722  2.239993  2.045052  9.978815
         |   1.99187  .3674675  1.023232   .372229  .4888343  .4138734  .3620938  .3116152  .4400139  .2923699  .3846426  .4863309  1.482205   5.52971   11.7274
         |         0         0         0         0         0         0         0         0         0         0         0         0         0         0         0
         |         8         1         5         1         1         1         1         1         1         1         1         1         8        35        72
---------+------------------------------------------------------------------------------------------------------------------------------------------------------
      10 |     22034     20631     21895     21895     21987     22013     22014     22017     22013     22034     21998     21992     22031     21590     20817
         |  .5151584  .1706655  .3783055  .1750628  .5853914   .229001  .1381394   .100059   .230909  .0833258  .1825166  .5458803  2.092097  2.028902  9.875294
         |  1.944627  .3762255  1.003454  .3800295  .4926656  .4201995   .345054  .3000855  .4214239  .2763803  .3862785  .4979019  1.512756  5.544116  12.59536
         |         0         0         0         0         0         0         0         0         0         0         0         0         0         0         0
         |         8         1         5         1         1         1         1         1         1         1         1         1         8        35        72
---------+------------------------------------------------------------------------------------------------------------------------------------------------------
      11 |     20554     19383     20536     20536     20515     20536     20538     20544     20535     20554     20523     20527     20550     20318     19501
         |     .4639  .1738637  .3847877  .1729159   .606873  .2403584  .1476775  .1033879  .2415388  .0902014  .1895922  .5687144  2.185791  1.793041  9.027434
         |  1.844509   .379002  1.026966  .3781837  .4884565  .4273115  .3547886  .3044722  .4280266  .2864771  .3919878  .4952679  1.526043   5.24082  11.91125
         |         0         0         0         0         0         0         0         0         0         0         0         0         0         0         0
         |         8         1         5         1         1         1         1         1         1         1         1         1         8        35        72
---------+------------------------------------------------------------------------------------------------------------------------------------------------------
      12 |     18747     17677     18730     18730     18716     18732     18730     18729     18723     18747     18717     18712     18741     18511     17166
         |  .4627407  .1724274  .4027229  .1847838  .6243321  .2529362  .1549386  .1059854  .2508679   .093935  .1955976    .58882  2.264874  1.695694  8.880054
         |  1.843769  .3777622  1.041897  .3881324  .4843078  .4347063  .3618558  .3078271  .4335242  .2917461  .3966706  .4920609  1.528756  5.043478  11.54269
         |         0         0         0         0         0         0         0         0         0         0         0         0         0         0         0
         |         8         1         5         1         1         1         1         1         1         1         1         1         8        35        72
---------+------------------------------------------------------------------------------------------------------------------------------------------------------
      13 |     20912     19944     20874     20874     20864     20886     20894     20887     20887     20912     20886     20877     20907     20597     19048
         |  .3772953  .1743883  .3638019   .174188  .5935583  .2594082  .1427204  .1017379  .2248767  .0873183  .2000383  .5422714  2.148897   1.74574  9.069089
         |  1.667226  .3794525   .973842  .3792801  .4911806  .4383204  .3497959  .3023106  .4175111  .2823077  .4000383  .4982219  1.544943  5.198775  11.67946
         |         0         0         0         0         0         0         0         0         0         0         0         0         0         0         0
         |         8         1         5         1         1         1         1         1         1         1         1         1         8        35        72
---------+------------------------------------------------------------------------------------------------------------------------------------------------------
      14 |     17146     16457     17114     17114     17001     17005     17127     17116     17053     17146     17033     17091     17145     16916     15940
         |  .3301061  .1644285  .3472596  .1691598  .6160814   .275566    .15134  .1077939  .2367912  .0903418  .2098867  .5810661  2.256576  1.573717  8.533187
         |   1.55396  .3706752  .9406895  .3749039  .4863528  .4468122  .3583904   .310129  .4251255  .2866791  .4072395   .493399  1.537149  4.844585  11.31629
         |         0         0         0         0         0         0         0         0         0         0         0         0         0         0         0
         |         8         1         5         1         1         1         1         1         1         1         1         1         8        35        72
---------+------------------------------------------------------------------------------------------------------------------------------------------------------
      15 |     15723     14970     15646     15646     15562     15583     15710     15684     15602     15723     15595     15629     15720     15456     13844
         |  .3923551  .1810287  .3297968  .1590183  .6283254  .2830007  .1572884  .1097297  .2380464  .0906316  .2130811   .593704   2.29771  1.412008  8.011052
         |  1.684816  .3850548   .925138  .3657048  .4832676  .4504712   .364084  .3125625  .4259013  .2870936  .4094976  .4911568  1.529503  4.535223  10.57614
         |         0         0         0         0         0         0         0         0         0         0         0         0         0         0         0
         |         8         1         5         1         1         1         1         1         1         1         1         1         8        35        72
---------+------------------------------------------------------------------------------------------------------------------------------------------------------
      16 |     15856     15239     15787     15787     15712     15783     15820     15804     15772     15856     15746     15806     15850     15565     14222
         |  .3206988  .1762583  .3476278  .1693165  .6299007  .3010201  .1558154  .1013667  .2380801  .0928986  .2190398  .5764899  2.302902  1.630067   8.71305
         |   1.52594  .3810523  .9404618  .3750431  .4828464   .458716  .3626917  .3018233  .4259219  .2902994  .4136088  .4941303  1.532963  5.034894  11.73479
         |         0         0         0         0         0         0         0         0         0         0         0         0         0         0         0
         |         8         1         5         1         1         1         1         1         1         1         1         1         8        35        72
---------+------------------------------------------------------------------------------------------------------------------------------------------------------
   Total |    283546    263157    271600    271600    290329    294181    295226    294568    294741    296197    293699    290748    295839    280463    268163
         |  .5804349  .1724408  .3615464  .1666348  .5449542   .202508   .130141  .0974071  .2279561  .0807739  .1688361  .5420708  1.970775  1.892537  9.036716
         |  2.057897  .3777638  .9885735  .3726501  .4979759  .4018694   .336459  .2965117  .4195148  .2724881  .3746077  .4982278  1.494991   5.43038  11.41523
         |         0         0         0         0         0         0         0         0         0         0         0         0         0         0         0
         |         8         1         5         1         1         1         1         1         1         1         1         1         8        35        72
----------------------------------------------------------------------------------------------------------------------------------------------------------------

    wave |  nhosps~y  nnurss~y  nnursnit    nmarry  ndivorce    nwidow  eyesight   hearing  near_e~t  far_ey~t  eyesig~B  hearingB  near_e~B  far_ey~B  cataract
---------+------------------------------------------------------------------------------------------------------------------------------------------------------
       1 |         0         0         0     12613     12651     12651     12649     12651         0         0     12649     12651         0         0         0
         |         .         .         .  1.325141  .3971228   .092878  3.707012  3.705004         .         .   .868369  .8596158         .         .         .
         |         .         .         .  .7099938  .6648044  .3009692  1.079911  1.089115         .         .  .3381025  .3473989         .         .         .
         |         .         .         .         0         0         0         1         1         .         .         0         0         .         .         .
         |         .         .         .        13         4         3         5         5         .         .         1         1         .         .         .
---------+------------------------------------------------------------------------------------------------------------------------------------------------------
       2 |     19623     19635     19629     19573     19641     19641     19543     19624         0         0     19543     19624         0         0      8215
         |  .3060184  .0110517  .3284426  1.300363  .2505473  .2177588  3.410633  3.446596         .         .  .8071432  .8098757         .         .  .2710895
         |  .7615974  .3896257  7.426776  .6752147  .5626737  .4190989  1.099019  1.096571         .         .  .3945517  .3924091         .         .  .4445492
         |         0         0         0         0         0         0         1         1         .         .         0         0         .         .         0
         |         5        50       450        13         4         3         5         5         .         .         1         1         .         .         1
---------+------------------------------------------------------------------------------------------------------------------------------------------------------
       3 |     17925     17941     17926     17931     17991     17991     17878     17977     17874     17875     17878     17977     17874     17875      7603
         |  .4158438  .0338889  4.851612  1.311695  .2680229  .2322828   3.08888  3.419759  3.224404   3.42193  .7462803  .8039161  .7915408  .8535385  .1129817
         |  .9007392  .2531183  41.44518  .6809878  .5776836   .430771  1.021987  1.110608   1.08041  1.044704  .4351512  .3970438  .4062182  .3535782  .3165913
         |         0         0         0         0         0         0         1         1         1         1         0         0         0         0         0
         |         5        11       450        13         5         3         5         5         5         5         1         1         1         1         1
---------+------------------------------------------------------------------------------------------------------------------------------------------------------
       4 |     21321     21333     21328     21323     21384     21384     21271     21369     21254     21253     21271     21369     21254     21253     10783
         |  .4396604  .0433132   6.71657   1.31595   .312991  .2381687  3.160124  3.406289  3.282206  3.465299  .7663485   .798072  .8106239   .860208   .131967
         |  .9191169  .6211315  50.28859  .6916647  .6173743  .4404386  1.024767  1.123516  1.064948  1.033271  .4231629  .4014482  .3918163  .3467793  .3384706
         |         0         0         0         0         0         0         1         1         1         1         0         0         0         0         0
         |         5        73       450        13         5         3         5         5         5         5         1         1         1         1         1
---------+------------------------------------------------------------------------------------------------------------------------------------------------------
       5 |     19521     19538     19524     19519     19578     19578     19457     19560     19433     19440     19457     19560     19433     19440     10019
         |  .4179601  .0427372  7.875435  1.325324  .3264889   .254929  3.160559  3.380164  3.261823  3.389455  .7782803  .7959611  .8163948  .8503601   .109991
         |  .8833287  .2558938  54.96175   .697741  .6279279  .4525077  1.004114  1.096432  1.029111  1.014947  .4154142  .4030078  .3871719  .3567273  .3128942
         |         0         0         0         0         0         0         1         1         1         1         0         0         0         0         0
         |         5        10       450        13         5         3         5         5         5         5         1         1         1         1         1
---------+------------------------------------------------------------------------------------------------------------------------------------------------------
       6 |     18078     18107     18096     18107     18165     18165     18042     18148     18025     18028     18042     18148     18025     18028     10379
         |  .4600066  .0573811  8.465683  1.341525  .3471511  .2720066  3.179415  3.343233  3.265742   3.39239  .7872187  .7875248   .819251  .8540049    .10897
         |  .9341482  .5713908    56.975  .7089402  .6467128  .4648522  .9992579  1.098223   1.02572  1.009255  .4092856  .4090705  .3848207  .3531111  .3116166
         |         0         0         0         0         0         0         1         1         1         1         0         0         0         0         0
         |         5        58       450         8         5         3         5         5         5         5         1         1         1         1         1
---------+------------------------------------------------------------------------------------------------------------------------------------------------------
       7 |     20021     20077     20069     20066     20129     20129     20028     20108     20005     20014     20028     20108     20005     20014     10175
         |  .4367914  .0535937  8.011062  1.356573  .3988276  .2458642   3.16462  3.357022  3.257986  3.410713  .7741162  .7857072  .8178955   .859998  .1076167
         |   .914782  .6932463  55.48494  .7346644  .6883157  .4512292  1.014605  1.120038   1.04051  1.014312  .4181734  .4103411  .3859403  .3469978  .3099109
         |         0         0         0         0         0         0         1         1         1         1         0         0         0         0         0
         |         5        71       450         8         5         3         5         5         5         5         1         1         1         1         1
---------+------------------------------------------------------------------------------------------------------------------------------------------------------
       8 |     18384     18426     18411     18409     18469     18469     18352     18444     18340     18342     18352     18444     18340     18342     10048
         |  .4594756  .0636058  8.685786  1.371123  .4144242  .2639558   3.15704  3.294459  3.244438  3.380384  .7750654  .7736391  .8197383  .8613564  .1103702
         |  .9322304  .4875355  57.20418   .746733  .7026512  .4677269  1.003275  1.101767  1.013061  .9928335  .4175506  .4184867  .3844158  .3455836  .3133663
         |         0         0         0         0         0         0         1         1         1         1         0         0         0         0         0
         |         5        30       450         8         5         3         5         5         5         5         1         1         1         1         1
---------+------------------------------------------------------------------------------------------------------------------------------------------------------
       9 |     17127     17165     17147     17159     17217     17217     17127     17206     17105     17104     17127     17206     17105     17104      9667
         |  .4758568  .0717157  9.265819  1.385862  .4354417  .2757739  3.173002   3.33407   3.26998  3.419902  .7753255  .7799024  .8181234  .8644177   .116996
         |  .9475861  .9244572  59.08592  .7573785  .7196659  .4759935  1.005137  1.117397  1.023212  1.002839    .41738  .4143243  .3857541  .3423545  .3214321
         |         0         0         0         0         0         0         1         1         1         1         0         0         0         0         0
         |         5        95       450         8         5         3         5         5         5         5         1         1         1         1         1
---------+------------------------------------------------------------------------------------------------------------------------------------------------------
      10 |     21675     21709     21695     21955     22034     22034     21931     22016     21926     21917     21931     22016     21926     21917      8980
         |  .5014072  .0805196  7.808619  1.361239  .4859762  .2222928  3.128813  3.383585  3.225531  3.438244  .7576034  .7949673  .7965885  .8598348  .1416481
         |  1.014718  1.374121  53.64355  .7784568  .7460745  .4430643  1.012802  1.104892  1.057692  1.018125  .4285427  .4037347  .4025452  .3471662  .3487083
         |         0         0         0         0         0         0         1         1         1         1         0         0         0         0         0
         |         5        95       450         8         5         3         5         5         5         5         1         1         1         1         1
---------+------------------------------------------------------------------------------------------------------------------------------------------------------
      11 |     20397     20407     20404     20491     20554     20554     20422     20540     20430     20433     20422     20540     20430     20433      8317
         |   .445997  .0838438  8.163252  1.376263  .5070546  .2319743  3.096856  3.328773  3.177729  3.391817  .7458623  .7806232  .7838962    .85127  .1196345
         |  .9594077  1.524242   55.2079  .7896665  .7644703  .4534448   1.01075  1.100633  1.052345  1.005348   .435386  .4138345  .4115959  .3558308  .3245531
         |         0         0         0         0         0         0         1         1         1         1         0         0         0         0         0
         |         5        95       450         8         6         4         5         5         5         5         1         1         1         1         1
---------+------------------------------------------------------------------------------------------------------------------------------------------------------
      12 |     18601     18612     18634     18687     18747     18747     18651     18722     18652     18655     18651     18722     18652     18655      7795
         |  .4348691   .087363  8.684931  1.388398  .5233371  .2454793  3.053938  3.318449   3.16588  3.356419  .7316498  .7804722  .7803453  .8411686  .1272611
         |  .9425812   1.39601   56.9091  .8016027  .7773101   .466429  1.000529  1.093009  1.038345  1.004257  .4431127  .4139378  .4140238  .3655286  .3332866
         |         0         0         0         0         0         0         1         1         1         1         0         0         0         0         0
         |         5        95       450         8         6         4         5         5         5         5         1         1         1         1         1
---------+------------------------------------------------------------------------------------------------------------------------------------------------------
      13 |     20672     20723     20708     20834     20912     20912     20794     20885     20819     20812     20794     20885     20819     20812      7146
         |  .4595588   .088549  5.784866  1.356821  .5425115  .2089231  3.056795  3.362365  3.162352  3.395012  .7316053  .7916687  .7708343  .8456179  .1270641
         |  1.001721  1.754893  46.04333  .8145757  .7833634  .4382491  1.005585   1.09253  1.063487  1.021644  .4431348  .4061247  .4203061  .3613233  .3330681
         |         0         0         0         0         0         0         1         1         1         1         0         0         0         0         0
         |         5       100       450         8         6         3         5         5         5         5         1         1         1         1         1
---------+------------------------------------------------------------------------------------------------------------------------------------------------------
      14 |     16965     16991     16980     17084     17146     17146     17108     17125     17115     17122     17108     17125     17115     17122      6155
         |  .4147362  .0750397  4.401472  1.368005  .5537735  .2169602  3.049275  3.330686   3.17435  3.393003  .7301263  .7907737  .7704937  .8420161  .1171405
         |  .9305624  1.549446  39.17768  .8169512  .7843215  .4455089  1.008686  1.063954  1.063699  1.029115   .443907  .4067681  .4205276  .3647365  .3216138
         |         0         0         0         0         0         0         1         1         1         1         0         0         0         0         0
         |         5       100       450         8         6         3         5         5         5         5         1         1         1         1         1
---------+------------------------------------------------------------------------------------------------------------------------------------------------------
      15 |     15517     15524     15537     15665     15723     15723     15646     15693     15675     15663     15646     15693     15675     15663      6770
         |  .3764903  .0457356  3.534659  1.382509  .5722826  .2203778  3.064745  3.379277  3.190813  3.406244    .73955   .808832   .784051  .8490072  .1172821
         |  .8734926   .866296  35.79446  .8196704   .793715  .4492705  .9918625   1.04891  1.032899  1.007191  .4388942  .3932336  .4114922  .3580533  .3217799
         |         0         0         0         0         0         0         1         1         1         1         0         0         0         0         0
         |         5       100       450         7         5         3         5         5         5         5         1         1         1         1         1
---------+------------------------------------------------------------------------------------------------------------------------------------------------------
      16 |     15623     15625     15636     15802     15856     15856     15789     15829     15810     15804     15789     15829     15810     15804      6704
         |  .4067721   .050496  3.111474   1.35774  .5780777  .2102674  3.060865  3.384231  3.196774  3.399076  .7331053  .8057363  .7792536  .8401038  .1361874
         |  .9375577  1.202254  33.91698  .8295954  .7919231  .4402465  1.009158  1.065136  1.056349  1.024537  .4423509  .3956453  .4147629  .3665214   .343013
         |         0         0         0         0         0         0         1         1         1         1         0         0         0         0         0
         |         5       100       450         7         5         3         5         5         5         5         1         1         1         1         1
---------+------------------------------------------------------------------------------------------------------------------------------------------------------
   Total |    281450    281813    281724    295218    296197    296197    294688    295897    262463    262462    294688    295897    262463    262462    128756
         |  .4314692  .0595998  6.457018   1.35131  .4297208  .2308734  3.160417  3.379723  3.222069  3.405144  .7638485  .7951855  .7973695  .8526339  .1294852
         |   .927723  1.052011  49.12845  .7549653  .7139923  .4452645  1.028074  1.099551  1.047307  1.016414   .424717  .4035667  .4019602  .3544712  .3357375
         |         0         0         0         0         0         0         1         1         1         1         0         0         0         0         0
         |         5       100       450        13         6         4         5         5         5         5         1         1         1         1         1
----------------------------------------------------------------------------------------------------------------------------------------------------------------

    wave |  glaucoma   hearaid  sleepf~l  sleepf~B  sleepw~n  sleep~nB  sleepw~e  sleep~eB  sleept~e  dboral~d  dbinsu~n  dbdiagyr   dbstage    livmom    livdad
---------+------------------------------------------------------------------------------------------------------------------------------------------------------
       1 |         0     12651         0         0         0         0         0         0         0      1389      1389      1389         0     12484     12329
         |         .  .0208679         .         .         .         .         .         .         .  .4658027  .2598992  1982.802         .  .4351971  .1873631
         |         .  .1429478         .         .         .         .         .         .         .  .4990088   .438737   9.16871         .  .4958027  .3902186
         |         .         0         .         .         .         .         .         .         .         0         0      1932         .         0         0
         |         .         1         .         .         .         .         .         .         .         1         1      1993         .         1         1
---------+------------------------------------------------------------------------------------------------------------------------------------------------------
       2 |         0     19638         0         0         0         0         0         0         0      1365      1364         0         0     19504     19478
         |         .  .0658927         .         .         .         .         .         .         .  .6058608  .2595308         .         .  .2382075  .0931821
         |         .  .2481007         .         .         .         .         .         .         .  .4888441   .438538         .         .  .4259977  .2906948
         |         .         0         .         .         .         .         .         .         .         0         0         .         .         0         0
         |         .         1         .         .         .         .         .         .         .         1         1         .         .         1         1
---------+------------------------------------------------------------------------------------------------------------------------------------------------------
       3 |      7592     17987         0         0         0         0         0         0         0      2478      2478         0         0     17829     17852
         |  .1070864   .070273         .         .         .         .         .         .         .  .5403551  .3002421         .         .   .211902  .0769662
         |  .3092434  .2556136         .         .         .         .         .         .         .  .4984694  .4584557         .         .  .4086672  .2665452
         |         0         0         .         .         .         .         .         .         .         0         0         .         .         0         0
         |         1         1         .         .         .         .         .         .         .         1         1         .         .         1         1
---------+------------------------------------------------------------------------------------------------------------------------------------------------------
       4 |     10477     20310         0         0         0         0         0         0         0      3040      3043         0         0     21168     21138
         |  .0513506  .0268341         .         .         .         .         .         .         .  .6098684  .2734144         .         .  .2210884  .0891286
         |  .2207223  .1616023         .         .         .         .         .         .         .  .4878598   .445785         .         .  .4149897   .284936
         |         0         0         .         .         .         .         .         .         .         0         0         .         .         0         0
         |         1         1         .         .         .         .         .         .         .         1         1         .         .         1         1
---------+------------------------------------------------------------------------------------------------------------------------------------------------------
       5 |     10243     19099         0         0         0         0         0         0         0      3010      3007         0         0     19321     19456
         |  .0679488  .0558668         .         .         .         .         .         .         .  .6727575  .2603924         .         .  .1928472  .0775596
         |  .2516704  .2296703         .         .         .         .         .         .         .  .4692846  .4389217         .         .  .3945443  .2674842
         |         0         0         .         .         .         .         .         .         .         0         0         .         .         0         0
         |         1         1         .         .         .         .         .         .         .         1         1         .         .         1         1
---------+------------------------------------------------------------------------------------------------------------------------------------------------------
       6 |     10320     17350     18127     18127     18078     18078     18077     18077     18140      3192      3192         0         0     17923     18065
         |  .0643411  .0455331  1.525018  .1201523  1.851477  .2393517  1.534823  .1204846  .4786659  .7033208  .2261905         .         .  .1695029  .0644893
         |  .2453714  .2084763  .6997897  .3251485  .7779466  .4266996  .6998454  .3255364   .801851  .4568655  .4184294         .         .  .3752059  .2456294
         |         0         0         1         0         1         0         1         0         0         0         0         .         .         0         0
         |         1         1         3         1         3         1         3         1         3         1         1         .         .         1         1
---------+------------------------------------------------------------------------------------------------------------------------------------------------------
       7 |     10116     18869     20086     20086     20041     20041     20035     20035     20104      3612      3613      2394         0     19902     20006
         |  .0438909  .0244846  1.554615  .1384049   1.86318  .2621127  1.561817  .1343649  .5334759  .7187154  .2219762  1991.071         .  .2175661  .0978207
         |  .2048624  .1545522  .7237769   .345333   .801472  .4397946  .7175891  .3410524  .8458069  .4496883  .4156327  11.46622         .  .4126011  .2970794
         |         0         0         1         0         1         0         1         0         0         0         0      1919         .         0         0
         |         1         1         3         1         3         1         3         1         3         1         1      2004         .         1         1
---------+------------------------------------------------------------------------------------------------------------------------------------------------------
       8 |     10244     17105     18434     18434     18391     18391     18374     18374     18446      3717      3717      2796         0     18258     18369
         |  .0406091  .0246127  1.576218  .1394163  1.860366  .2600729  1.567051  .1379667  .5360512  .7277374  .2262577  1994.074         .  .1905466  .0822582
         |  .1973926  .1549461  .7232232  .3463898  .8001978   .438686   .722126  .3448744  .8464531  .4451842  .4184642  11.74671         .   .392743  .2747651
         |         0         0         1         0         1         0         1         0         0         0         0      1919         .         0         0
         |         1         1         3         1         3         1         3         1         3         1         1      2007         .         1         1
---------+------------------------------------------------------------------------------------------------------------------------------------------------------
       9 |     10114     15783       143       143       143       143       143       143       143      3767      3772      3023         0     17025     17121
         |  .0429108  .0254071  1.615385  .1748252   1.72028  .1958042  1.552448  .1258741  .4965035  .7308203  .2346235  1996.458         .  .1698091  .0707903
         |  .2026661  .1573631  .7684178  .3811525  .7728272  .3982133  .7088805  .3328734  .8464851  .4435924  .4238195  11.41794         .   .375476  .2564817
         |         0         0         1         0         1         0         1         0         0         0         0      1932         .         0         0
         |         1         1         3         1         3         1         3         1         3         1         1      2009         .         1         1
---------+------------------------------------------------------------------------------------------------------------------------------------------------------
      10 |      9671     20655     21986     21986     21913     21913     21941     21941     22013      4931      4928      4343         0     21788     21793
         |  .0473581  .0291939   1.63454  .1493678  1.849952  .2434628  1.611595  .1391459  .5302321  .7260191  .2321429  1999.593         .  .2587663  .1293993
         |  .2124146  .1683538  .7284632  .3564587  .7838923  .4291819  .7182353  .3461066  .8540911  .4460445  .4222425  10.62191         .   .437967  .3356491
         |         0         0         1         0         1         0         1         0         0         0         0      1932         .         0         0
         |         1         1         3         1         3         1         3         1         3         1         1      2011         .         1         1
---------+------------------------------------------------------------------------------------------------------------------------------------------------------
      11 |      9362     18930       516       516       513       513       515       515       517      4801      4801      4505         0     20372     20426
         |  .0471053  .0235077  1.618217  .1492248  1.777778  .2202729  1.594175  .1320388  .4990329  .7273485  .2532806  2001.082         .  .2352739  .1123078
         |  .2118754  .1515132   .731787  .3566557  .7839537  .4148352  .7114715  .3388621  .8595671  .4453695  .4349355   10.4301         .  .4241803  .3157525
         |         0         0         1         0         1         0         1         0         0         0         0      1932         .         0         0
         |         1         1         3         1         3         1         3         1         3         1         1      2013         .         1         1
---------+------------------------------------------------------------------------------------------------------------------------------------------------------
      12 |      8932     17119     18672     18672     18617     18617     18666     18666     18733      4619      4619      4471         0     18527     18599
         |  .0434393  .0255856  1.654991  .1572408  1.864049  .2475157  1.621183  .1391835  .5413975  .7209353  .2507036  2002.387         .  .2127706  .0989301
         |  .2038553  .1579001   .735179  .3640374  .7826447  .4315805  .7167352  .3461472  .8569205   .448588  .4334651  10.34127         .  .4092778  .2985761
         |         0         0         1         0         1         0         1         0         0         0         0      1926         .         0         0
         |         1         1         3         1         3         1         3         1         3         1         1      2014         .         1         1
---------+------------------------------------------------------------------------------------------------------------------------------------------------------
      13 |      8574     19387     20831     20831     20785     20785     20837     20837     20898      5335      4508      4941      5347     20763     20745
         |  .0527175  .0254294  1.672603   .169843  1.841568  .2317056   1.62653  .1484859  .5478036   .699344  .2921473  2003.157  1.590612  .2691808  .1416245
         |   .223482  .1574295  .7482787  .3755038  .7725094  .4219321  .7286889  .3555895  .8997387  .4585863  .4548001  10.15656  1.246233  .4435448   .348673
         |         0         0         1         0         1         0         1         0         0         0         0      1926         1         0         0
         |         1         1         3         1         3         1         3         1         3         1         1      2018        10         1         1
---------+------------------------------------------------------------------------------------------------------------------------------------------------------
      14 |      7613     15621     17087     17087     17069     17069     17098     17098     17136      4616      3330      4236      4845     17026     17037
         |  .0434783  .0245183  1.666589  .1562591  1.846798   .225145  1.625102  .1380278  .5177988  .6977903  .2369369  2003.988  1.731063  .2429226  .1226155
         |  .2039445  .1546566  .7312987  .3631115  .7616134    .41769  .7144473  .3449393  .8723142  .4592654  .4252671   10.0025  1.464737  .4288613  .3280049
         |         0         0         1         0         1         0         1         0         0         0         0      1940         1         0         0
         |         1         1         3         1         3         1         3         1         3         1         1      2019        10         1         1
---------+------------------------------------------------------------------------------------------------------------------------------------------------------
      15 |      8299     14567     15643     15643     15596     15596     15646     15646     15712      4393      3496      3907      4527     15606     15631
         |  .0920593  .0445528  1.685291  .1603273   1.83919  .2187099  1.622459  .1302569  .5064282  .6947416  .2728833  2004.958  1.758339  .2149814   .101657
         |   .289127  .2063268  .7323635  .3669211  .7565758  .4133846  .7039526  .3365967  .8626417  .4605692  .4455051  9.907124  1.490849  .4108226  .3022063
         |         0         0         1         0         1         0         1         0         0         0         0      1954         1         0         0
         |         1         1         3         1         3         1         3         1         3         1         1      2021        10         1         1
---------+------------------------------------------------------------------------------------------------------------------------------------------------------
      16 |      7919     14518     15779     15779     15748     15748     15788     15788     15842      4739      3969      3921      4848     15733     15693
         |  .0566991  .0352666  1.701122  .1738386  1.869888  .2358395  1.637446  .1439701  .5510668  .6959274  .2897455  2006.451  1.815594  .2244963  .1094756
         |  .2312813  .1844592  .7465003  .3789827  .7647868  .4245358  .7204732  .3510705  .8958513  .4600621  .4537014  10.36292  1.673168  .4172634  .3122449
         |         0         0         1         0         1         0         1         0         0         0         0      1950         1         0         0
         |         1         1         3         1         3         1         3         1         3         1         1      2023        10         1         1
---------+------------------------------------------------------------------------------------------------------------------------------------------------------
   Total |    129476    279589    167304    167304    166894    166894    167120    167120    167684     59004     55226     39926     19567    293229    293738
         |  .0562884  .0358777  1.627905  .1512755  1.853602  .2410572  1.600096  .1370692  .5274624   .689699  .2544454  2000.461  1.719937  .2284426  .1022169
         |  .2304787  .1859854  .7322531  .3583183  .7791559  .4277262  .7170232  .3439214  .8599036  .4626207  .4355529  11.78301  1.473214    .41983  .3029339
         |         0         0         1         0         1         0         1         0         0         0         0      1919         1         0         0
         |         1         1         3         1         3         1         3         1         3         1         1      2023        10         1         1
----------------------------------------------------------------------------------------------------------------------------------------------------------------

    wave |   nlivpar    nchild   nlivbro   nlivsis   nlivsib   lonely3  lonely11  chroni~s  posaff~t  negaff~t   lifesat    satfin    satfam   sathlth   satleis
---------+------------------------------------------------------------------------------------------------------------------------------------------------------
       1 |     12315     12553     11945     11942     11942         0         0         0         0         0         0         0         0         0         0
         |  .6216809  3.357763  1.451235  1.580975  3.032155         .         .         .         .         .         .         .         .         .         .
         |  .6915116  2.095442  1.491487   1.59875   2.51407         .         .         .         .         .         .         .         .         .         .
         |         0         0         0         0         0         .         .         .         .         .         .         .         .         .         .
         |         2        11        13        11        19         .         .         .         .         .         .         .         .         .         .
---------+------------------------------------------------------------------------------------------------------------------------------------------------------
       2 |     19426     19491     19281     19278     19268         0         0         0         0         0         0         0         0         0         0
         |  .3307938  3.131753  1.207717  1.418768  2.626323         .         .         .         .         .         .         .         .         .         .
         |  .5796337  2.158944  1.386641  1.506265  2.364197         .         .         .         .         .         .         .         .         .         .
         |         0         0         0         0         0         .         .         .         .         .         .         .         .         .         .
         |         2        11        12        11        17         .         .         .         .         .         .         .         .         .         .
---------+------------------------------------------------------------------------------------------------------------------------------------------------------
       3 |     17745     17960     17932     17938     17910         0         0         0         0         0         0         0         0         0         0
         |  .2887574  3.174833  1.188657  1.388784  2.577443         .         .         .         .         .         .         .         .         .         .
         |  .5436538   2.15904  1.383733  1.495093  2.359173         .         .         .         .         .         .         .         .         .         .
         |         0         0         0         0         0         .         .         .         .         .         .         .         .         .         .
         |         2        11        13        11        17         .         .         .         .         .         .         .         .         .         .
---------+------------------------------------------------------------------------------------------------------------------------------------------------------
       4 |     21061     21315     21074     21031     20892         0         0         0         0         0         0         0         0         0         0
         |  .3091971  3.187708  1.228338  1.421616    2.6547         .         .         .         .         .         .         .         .         .         .
         |  .5646482  2.144975   1.40332  1.501474  2.389655         .         .         .         .         .         .         .         .         .         .
         |         0         0         0         0         0         .         .         .         .         .         .         .         .         .         .
         |         2        11        14        14        25         .         .         .         .         .         .         .         .         .         .
---------+------------------------------------------------------------------------------------------------------------------------------------------------------
       5 |     19255     19538     19446     19451     19355         0         0         0         0         0         0         0         0         0         0
         |  .2706829  3.238458  1.220354  1.407485  2.625368         .         .         .         .         .         .         .         .         .         .
         |    .53569  2.159078  1.393863  1.486257  2.363746         .         .         .         .         .         .         .         .         .         .
         |         0         0         0         0         0         .         .         .         .         .         .         .         .         .         .
         |         2        11        13        11        20         .         .         .         .         .         .         .         .         .         .
---------+------------------------------------------------------------------------------------------------------------------------------------------------------
       6 |     17872     18144     18146     18142     18133         0         0         0         0         0         0         0         0         0         0
         |  .2347807  3.278935  1.193872  1.384191  2.577676         .         .         .         .         .         .         .         .         .         .
         |  .5028518  2.162491  1.388215  1.498179  2.369351         .         .         .         .         .         .         .         .         .         .
         |         0         0         0         0         0         .         .         .         .         .         .         .         .         .         .
         |         2        11        14        14        21         .         .         .         .         .         .         .         .         .         .
---------+------------------------------------------------------------------------------------------------------------------------------------------------------
       7 |     19825     20071     19895     19887     19663         0         0         0         0         0         0         0         0         0         0
         |  .3160151  3.181555  1.268108  1.439483  2.697299         .         .         .         .         .         .         .         .         .         .
         |  .5841758  2.115504  1.417762  1.518482   2.42533         .         .         .         .         .         .         .         .         .         .
         |         0         0         0         0         0         .         .         .         .         .         .         .         .         .         .
         |         2        11        12        12        18         .         .         .         .         .         .         .         .         .         .
---------+------------------------------------------------------------------------------------------------------------------------------------------------------
       8 |     18195     18426     18444     18453     18433      7601         0      7567         0         0      7594      7567         0         0         0
         |  .2734817  3.207641  1.229451   1.41034  2.638908  1.494124         .  .3694991         .         .  4.364193  3.219506         .         .         .
         |  .5484724  2.097819  1.415803  1.515383  2.400636  .5478311         .  .8196374         .         .  1.222985   1.08302         .         .         .
         |         0         0         0         0         0         1         .         0         .         .         1         1         .         .         .
         |         2        11        14        15        20         3         .         8         .         .         6         5         .         .         .
---------+------------------------------------------------------------------------------------------------------------------------------------------------------
       9 |     16962     17180     17020     17012     16821      6912      6942         0      6929      6938      6953      6932      6913      6934      6904
         |  .2411272  3.239988  1.264982  1.447037  2.701861  1.486015  1.523867         .  3.558648  1.753997  4.920085  3.435084   4.06278  3.358667  3.872248
         |  .5171312  2.106534  1.427096  1.531349  2.438029  .5416588  .4302009         .  .8058646  .6307324  1.529749  1.148213  .9122965  1.062519  .9421422
         |         0         0         0         0         0         1         1         .         1         1         1         1         1         1         1
         |         2        11        14        15        20         3         3         .         5         5         7         5         5         5         5
---------+------------------------------------------------------------------------------------------------------------------------------------------------------
      10 |     21625     21944     22016     22007     22009      8186      8205      8191      8178      8181      8254      8170      8152      8192      8148
         |  .3876069  3.115293   1.46766  1.626664  3.093825  1.483549  1.525053   .386766  3.535226  1.774106  4.838791  3.278825  4.001595  3.309204  3.809033
         |  .6411511  2.053208  1.526375   1.62887  2.593028  .5437184  .4372771  .8513959  .8105122  .6441046  1.572105  1.163195  .9356015  1.066681  .9491073
         |         0         0         0         0         0         1         1         0         1         1         1         1         1         1         1
         |         2        11        14        15        21         3         3         8         5         5         7         5         5         5         5
---------+------------------------------------------------------------------------------------------------------------------------------------------------------
      11 |     20278     20511     20541     20542     20544      7294      7309      7227      7240      7244      7252      7244      7225      7255      7242
         |  .3478154  3.144703  1.491505   1.64945  3.140528  1.493853   1.52845  .3931092  3.533838  1.778624  4.754652   3.31571  3.981592  3.279669  3.794946
         |  .6115659  2.063362  1.536378  1.642427  2.606252  .5465624  .4370345  .8580529  .8244023  .6636001  1.569568  1.147242   .940988   1.06266  .9538802
         |         0         0         0         0         0         1         1         0         1         1         1         1         1         1         1
         |         2        11        14        15        21         3         3         7         5         5         7         5         5         5         5
---------+------------------------------------------------------------------------------------------------------------------------------------------------------
      12 |     18420     18724     18682     18678     18667      7439      7451      7402      7436      7448      7465      7365      7365      7392      7361
         |  .3114007  3.147832   1.51745  1.678606  3.195425  1.478156  1.544404  .3938125  3.521745  1.762943  4.965713  3.325594  3.945689   3.25947  3.754925
         |  .5830647  2.058883  1.549373  1.654465  2.625599   .545135  .4432799   .887469  .8231858  .6450549  1.526153  1.140415  .9578484  1.040665  .9552404
         |         0         0         0         0         0         1         1         0         1         1         1         1         1         1         1
         |         2        11        14        15        21         3         3         8         5         5         7         5         5         5         5
---------+------------------------------------------------------------------------------------------------------------------------------------------------------
      13 |     20641     20836     20889     20887     20891      6244      6261      6237      6244      6251      6306      6199      6198      6217      6203
         |   .411075  3.013726  1.582077   1.73371   3.31516  1.489964  1.546082  .4324194  3.564909  1.772391  4.974175  3.231005  3.861891  3.241113  3.620667
         |  .6566235  2.023406  1.550928  1.662989   2.62478  .5452105   .442642  .9492211  .8090435  .6534682  1.512889  1.139312  .9634082  1.028516  .9511132
         |         0         0         0         0         0         1         1         0         1         1         1         1         1         1         1
         |         2        11        15        15        21         3         3         8         5         5         7         5         5         5         5
---------+------------------------------------------------------------------------------------------------------------------------------------------------------
      14 |     16944     17129     17138     17140     17138      5651      5659      5594      5608      5610      5674      5608      5599      5627      5603
         |  .3657932  3.017748  1.608706  1.762194  3.371047   1.47732  1.543323  .3639614  3.598932   1.74778   5.02886  3.338623  3.897124  3.261596  3.691594
         |  .6237926  2.030371  1.565105  1.686163  2.654301   .547356  .4475209  .8643954  .8139233  .6375781  1.510581  1.144769  .9829507    1.0434  .9605828
         |         0         0         0         0         0         1         1         0         1         1         1         1         1         1         1
         |         2        11        15        15        23         3         3         8         5         5         7         5         5         5         5
---------+------------------------------------------------------------------------------------------------------------------------------------------------------
      15 |     15542     15697     15707     15707     15709      4628      4635      4621      4615      4617      4638      4586      4568      4595      4573
         |  .3167546  2.964388  1.626918  1.779079  3.405627  1.510732   1.54515  .3016663  3.558025  1.799843  5.022258  3.510031  3.911559  3.295756  3.636125
         |  .5817516    2.0039  1.568134  1.699346   2.67189  .5542232  .4398542  .7694769  .8118349  .6416875  1.476141  1.100217  .9687779   1.02037   .982626
         |         0         0         0         0         0         1         1         0         1         1         1         1         1         1         1
         |         2        11        15        15        23         3         3         8         5         5         7         5         5         5         5
---------+------------------------------------------------------------------------------------------------------------------------------------------------------
      16 |     15619     15700     15800     15798     15811      4414      4419      4376      4383      4385      4414      4384      4370      4393      4377
         |  .3335681  2.898917  1.634241  1.785986   3.41819  1.484141  1.555028  .3359232  3.590233  1.743135  5.050049  3.465557  3.915561  3.300023  3.707334
         |    .59966  1.993438  1.577287  1.688644  2.661732  .5464894   .448392  .8236772   .813193  .6288373  1.493961  1.103042  .9785806  1.000065  .9563239
         |         0         0         0         0         0         1         1         0         1         1         1         1         1         1         1
         |         2        11        15        15        24         3         3         8         5         5         7         5         5         5         5
---------+------------------------------------------------------------------------------------------------------------------------------------------------------
   Total |    291725    295219    293956    293893    293186     58369     50881     51215     50633     50674     58550     58055     50390     50605     50411
         |   .330599  3.143023  1.380965  1.552973  2.933138  1.488102  1.537267  .3771747  3.553809  1.766897   4.85611  3.333322  3.954535  3.288805  3.747019
         |  .5914582  2.094259   1.48347  1.588971  2.524674  .5461429  .4402889  .8583096  .8146258  .6443268  1.508227  1.136109  .9540312  1.045201   .958396
         |         0         0         0         0         0         1         1         0         1         1         1         1         1         1         1
         |         2        11        15        15        25         3         3         8         5         5         7         5         5         5         5
----------------------------------------------------------------------------------------------------------------------------------------------------------------

    wave |  big5neur   big5ext  big5open   big5agr  big5con5  big5c~10  str~alth  str~hlth  stress~g  stress~k  stres~in  stress~e  stres~tn  stress~t  bornso~h
---------+------------------------------------------------------------------------------------------------------------------------------------------------------
       1 |         0         0         0         0         0         0         0         0         0         0         0         0         0         0     12650
         |         .         .         .         .         .         .         .         .         .         .         .         .         .         .  .3833202
         |         .         .         .         .         .         .         .         .         .         .         .         .         .         .  .4862145
         |         .         .         .         .         .         .         .         .         .         .         .         .         .         .         0
         |         .         .         .         .         .         .         .         .         .         .         .         .         .         .         1
---------+------------------------------------------------------------------------------------------------------------------------------------------------------
       2 |         0         0         0         0         0         0         0         0         0         0         0         0         0         0     19608
         |         .         .         .         .         .         .         .         .         .         .         .         .         .         .  .3680131
         |         .         .         .         .         .         .         .         .         .         .         .         .         .         .  .4822772
         |         .         .         .         .         .         .         .         .         .         .         .         .         .         .         0
         |         .         .         .         .         .         .         .         .         .         .         .         .         .         .         1
---------+------------------------------------------------------------------------------------------------------------------------------------------------------
       3 |         0         0         0         0         0         0         0         0         0         0         0         0         0         0     17965
         |         .         .         .         .         .         .         .         .         .         .         .         .         .         .  .3635402
         |         .         .         .         .         .         .         .         .         .         .         .         .         .         .  .4810318
         |         .         .         .         .         .         .         .         .         .         .         .         .         .         .         0
         |         .         .         .         .         .         .         .         .         .         .         .         .         .         .         1
---------+------------------------------------------------------------------------------------------------------------------------------------------------------
       4 |         0         0         0         0         0         0         0         0         0         0         0         0         0         0     21361
         |         .         .         .         .         .         .         .         .         .         .         .         .         .         .  .3572866
         |         .         .         .         .         .         .         .         .         .         .         .         .         .         .  .4792115
         |         .         .         .         .         .         .         .         .         .         .         .         .         .         .         0
         |         .         .         .         .         .         .         .         .         .         .         .         .         .         .         1
---------+------------------------------------------------------------------------------------------------------------------------------------------------------
       5 |         0         0         0         0         0         0         0         0         0         0         0         0         0         0     19556
         |         .         .         .         .         .         .         .         .         .         .         .         .         .         .  .3533954
         |         .         .         .         .         .         .         .         .         .         .         .         .         .         .  .4780364
         |         .         .         .         .         .         .         .         .         .         .         .         .         .         .         0
         |         .         .         .         .         .         .         .         .         .         .         .         .         .         .         1
---------+------------------------------------------------------------------------------------------------------------------------------------------------------
       6 |         0         0         0         0         0         0         0         0         0         0         0         0         0         0     18144
         |         .         .         .         .         .         .         .         .         .         .         .         .         .         .  .3510251
         |         .         .         .         .         .         .         .         .         .         .         .         .         .         .  .4773039
         |         .         .         .         .         .         .         .         .         .         .         .         .         .         .         0
         |         .         .         .         .         .         .         .         .         .         .         .         .         .         .         1
---------+------------------------------------------------------------------------------------------------------------------------------------------------------
       7 |         0         0         0         0         0         0         0         0         0         0         0         0         0         0     20109
         |         .         .         .         .         .         .         .         .         .         .         .         .         .         .   .333582
         |         .         .         .         .         .         .         .         .         .         .         .         .         .         .  .4715041
         |         .         .         .         .         .         .         .         .         .         .         .         .         .         .         0
         |         .         .         .         .         .         .         .         .         .         .         .         .         .         .         1
---------+------------------------------------------------------------------------------------------------------------------------------------------------------
       8 |      7578      7581      7521      7596      7574         0      7494      7388      7456      7255      7432      7422      7425      7404     18448
         |  2.075372  3.198461  2.936192  3.519607  3.344954         .  2.097144  1.717515  1.325376  1.206892  1.633611  1.172191  1.327273  1.529984   .335863
         |   .607877  .5477284  .5501203   .473134  .4798985         .  1.001219   1.02556  .8132569  .5842873  .9229008  .5506229  .7484473   .822678  .4723041
         |         1         1         1         1       1.2         .         1         1         1         1         1         1         1         1         0
         |         4         4         4         4         4         .         4         4         4         4         4         4         4         4         1
---------+------------------------------------------------------------------------------------------------------------------------------------------------------
       9 |      6957      6965      6933      6965      6950         0         0         0         0         0         0         0         0         0     17200
         |  2.041445  3.188926  2.925961  3.528361  3.353082         .         .         .         .         .         .         .         .         .  .3327907
         |  .6298881  .5647861  .5684283  .4862986  .4923049         .         .         .         .         .         .         .         .         .   .471226
         |         1         1         1         1         1         .         .         .         .         .         .         .         .         .         0
         |         4         4         4         4         4         .         .         .         .         .         .         .         .         .         1
---------+------------------------------------------------------------------------------------------------------------------------------------------------------
      10 |      8172      8181      8134      8180      8169      8166      8139      8016      8080      7877      8059      8046      8044      8048     22019
         |  2.030011  3.173991  2.921353  3.508529  3.369141  3.215311  2.143998  1.736028  1.309406  1.279294  1.810646  1.275665  1.384013  1.477758  .3211317
         |  .6136917  .5664458  .5625443  .4967243   .490324  .3900824  .9867165  1.005254  .7711602  .6690534  .9920912  .6719613  .7773993  .7839906  .4669219
         |         1         1         1         1       1.2      1.25         1         1         1         1         1         1         1         1         0
         |         4         4         4         4         4         4         4         4         4         4         4         4         4         4         1
---------+------------------------------------------------------------------------------------------------------------------------------------------------------
      11 |      7259      7262      7228      7256      7255      7252      7165      7082      7132      7053      7149      7140      7134      7123     20544
         |  2.023867  3.168253    2.9138   3.50337   3.36031  3.206088  2.178088  1.747388  1.313797  1.265986  1.779969  1.287535  1.395571  1.490664  .3211157
         |  .6253375  .5776365  .5793084  .5057829  .5008622  .3981611  .9992152  1.011938  .7743361  .6618408   .978139  .6867251  .7942472  .7906475  .4669165
         |         1         1         1         1         1         1         1         1         1         1         1         1         1         1         0
         |         4         4         4         4         4         4         4         4         4         4         4         4         4         4         1
---------+------------------------------------------------------------------------------------------------------------------------------------------------------
      12 |      7426      7433      7387      7427      7418      7413      7349      7230      7290      7053      7280      7251      7287      7294     18739
         |  1.997801   3.17205  2.903366   3.48343  3.351735  3.201867  2.180705  1.842462  1.357202  1.300298  1.743956  1.308509  1.424455  1.509186  .3183734
         |   .621689  .5831582  .5812175  .5129895  .4984269  .3909688  .9688974  1.018949  .8084347   .695375  .9584538  .7004299  .8033489  .7961656  .4658577
         |         1         1         1         1       1.2  1.444444         1         1         1         1         1         1         1         1         0
         |         4         4         4         4         4         4         4         4         4         4         4         4         4         4         1
---------+------------------------------------------------------------------------------------------------------------------------------------------------------
      13 |      6273      6279      6258      6274      6268      6264      6184      6074      6145      5903      6134      6134      6137      6144     20903
         |  1.968755  3.183033  2.924613  3.504755   3.35827  3.197785  2.195181  1.882944  1.412368  1.374555  1.816922  1.373166  1.490142  1.544108  .3102904
         |  .6162782  .5753389  .5896677  .5155354   .502081  .4028088  .9749753  1.034063  .8691265   .749207  .9776071  .7531469  .8463871  .7978123  .4626235
         |         1         1         1         1         1       1.2         1         1         1         1         1         1         1         1         0
         |         4         4         4         4         4         4         4         4         4         4         4         4         4         4         1
---------+------------------------------------------------------------------------------------------------------------------------------------------------------
      14 |      5634      5649      5617      5649      5638      5635      5546      5491      5535      5337      5518      5511      5518      5520     17139
         |  1.980624  3.176831  2.931038  3.484791  3.366211  3.200021  2.166787  1.832089   1.37579  1.288177  1.688474  1.320631  1.430047  1.515761  .3075442
         |  .6142172  .5775894  .5769219  .5111072  .4966868  .3951079  .9560893  1.010256  .8330406  .6620444  .9247064  .7060079  .8058264  .7934581  .4614902
         |         1         1         1         1       1.2       1.6         1         1         1         1         1         1         1         1         0
         |         4         4         4         4         4         4         4         4         4         4         4         4         4         4         1
---------+------------------------------------------------------------------------------------------------------------------------------------------------------
      15 |      4622      4623      4606      4622      4620      4617      4598      4538      4581      4425      4561      4562      4561      4559     15718
         |  1.970684   3.15424  2.934583   3.48959  3.360498  3.199792  2.177251  1.809608  1.333115  1.264407  1.547029  1.257124  1.390046  1.491336  .2986385
         |  .6146456   .586164  .5847732  .5227653  .5124228  .4013874  .9324056  .9842826  .7773635  .6365602  .8468417   .636773  .7613337  .7707077  .4576755
         |         1         1         1         1         1       1.4         1         1         1         1         1         1         1         1         0
         |         4         4         4         4         4         4         4         4         4         4         4         4         4         4         1
---------+------------------------------------------------------------------------------------------------------------------------------------------------------
      16 |      4394      4401      4387      4394      4396      4398      4346      4285      4324      4199      4314      4312      4319      4320     15375
         |  1.964099   3.15545  2.934087   3.47657  3.373408  3.202479   2.18983  1.807001  1.359621  1.267921  1.619842   1.31795  1.435286  1.497917  .2907967
         |  .6170828   .582814  .5782798    .52134  .4979911  .3934166  .9527853  .9860595  .8050543  .6492545  .8902884  .7083507  .8066511  .7824157  .4541447
         |         1         1         1         1         1       1.4         1         1         1         1         1         1         1         1         0
         |         4         4         4         4         4         4         4         4         4         4         4         4         4         4         1
---------+------------------------------------------------------------------------------------------------------------------------------------------------------
   Total |     58315     58374     58071     58363     58288     43745     50821     50104     50543     49102     50447     50378     50425     50412    295478
         |  2.011374  3.176275  2.923896  3.501893  3.358953  3.204097  2.162846  1.791334  1.345508  1.279805  1.717842  1.285561  1.406029  1.507002  .3340079
         |  .6190551  .5723956  .5735458  .5034095  .4958662  .3956147  .9761247  1.013288  .8065827  .6665153  .9491676  .6787084  .7935985  .7941201  .4716433
         |         1         1         1         1         1         1         1         1         1         1         1         1         1         1         0
         |         4         4         4         4         4         4         4         4         4         4         4         4         4         4         1
----------------------------------------------------------------------------------------------------------------------------------------------------------------

    wave |  bornre~5    bornUS  religion  religi~B  srelig~n       cog    cogcat      cogB      inlb  livesp~e  anychild  anyrel~s  anyfri~d  livene~l  livene~i
---------+------------------------------------------------------------------------------------------------------------------------------------------------------
       1 |     12650     12650     12623     12623     10100         0         0         0     12651         0         0         0         0         0         0
         |  2.695889  .8897233  1.485701  .9523093  1.488911         .         .         .         0         .         .         .         .         .         .
         |  1.178143  .3132467  .8198133  .2131195  .8121855         .         .         .         0         .         .         .         .         .         .
         |         1         0         1         0         1         .         .         .         0         .         .         .         .         .         .
         |         5         1         5         1         5         .         .         .         0         .         .         .         .         .         .
---------+------------------------------------------------------------------------------------------------------------------------------------------------------
       2 |     19608     19608     19572     19572     13412         0         0         0     19641         0         0         0         0         0         0
         |  2.636067  .8967768  1.504649  .9535561  1.512079         .         .         .         0         .         .         .         .         .         .
         |  1.176671  .3042579  .8460392  .2104498  .8469943         .         .         .         0         .         .         .         .         .         .
         |         1         0         1         0         1         .         .         .         0         .         .         .         .         .         .
         |         5         1         5         1         5         .         .         .         0         .         .         .         .         .         .
---------+------------------------------------------------------------------------------------------------------------------------------------------------------
       3 |     17965     17965     17932     17932     12147     16351     16351     16351     17991         0         0         0         0         0         0
         |  2.636181   .896855  1.503736  .9536025  1.512637   15.2787  1.734879  .0505779         0         .         .         .         .         .         .
         |  1.176528  .3041566  .8455795  .2103503   .849289  4.888863  .5440644  .2191409         0         .         .         .         .         .         .
         |         1         0         1         0         1         0         0         0         0         .         .         .         .         .         .
         |         5         1         5         1         5        27         2         1         0         .         .         .         .         .         .
---------+------------------------------------------------------------------------------------------------------------------------------------------------------
       4 |     21361     21361     21327     21327     14306     19341     19341     19341     21384         0         0         0         0         0         0
         |  2.618791  .9038435  1.521967  .9474844   1.52782  15.58084  1.756579   .046223         0         .         .         .         .         .         .
         |  1.166456  .2948127  .8695636  .2230696  .8687123  4.880097  .5259539  .2099732         0         .         .         .         .         .         .
         |         1         0         1         0         1         0         0         0         0         .         .         .         .         .         .
         |         5         1         5         1         5        27         2         1         0         .         .         .         .         .         .
---------+------------------------------------------------------------------------------------------------------------------------------------------------------
       5 |     19556     19556     19516     19516     12912     17516     17516     17516     19578         0         0         0         0         0         0
         |  2.623543  .9019738  1.524032   .947274  1.533457    15.254  1.744862  .0454442         0         .         .         .         .         .         .
         |   1.17126  .2973576  .8707308  .2234916  .8742279  4.754714  .5300444  .2082822         0         .         .         .         .         .         .
         |         1         0         1         0         1         0         0         0         0         .         .         .         .         .         .
         |         5         1         5         1         5        27         2         1         0         .         .         .         .         .         .
---------+------------------------------------------------------------------------------------------------------------------------------------------------------
       6 |     18144     18144     18103     18103     11741     16129     16129     16129     18165         0         0         0         0         0         0
         |  2.632716  .9005732  1.526156  .9467492  1.534963  15.37566  1.761238  .0398041         0         .         .         .         .         .         .
         |  1.173351  .2992425  .8743691  .2245395  .8769671  4.640985  .5112527  .1955047         0         .         .         .         .         .         .
         |         1         0         1         0         1         0         0         0         0         .         .         .         .         .         .
         |         5         1         5         1         5        27         2         1         0         .         .         .         .         .         .
---------+------------------------------------------------------------------------------------------------------------------------------------------------------
       7 |     20109     20109     20059     20059     13172     18327     18327     18327     20129         0         0         0         0         0         0
         |    2.6698  .8892038  1.567177  .9317513  1.580018  15.20167  1.758935  .0401048         0         .         .         .         .         .         .
         |  1.199709  .3138874  .9160121  .2521784   .918378  4.477298  .5130074  .1962103         0         .         .         .         .         .         .
         |         1         0         1         0         1         0         0         0         0         .         .         .         .         .         .
         |         5         1         5         1         5        27         2         1         0         .         .         .         .         .         .
---------+------------------------------------------------------------------------------------------------------------------------------------------------------
       8 |     18448     18448     18403     18403     11900     17209     17209     17209     18469      7594      7451      7634      7539         0         0
         |  2.657958  .8940807  1.560126  .9322936  1.573445  15.11232  1.740775  .0468941         1  .6888333   .907395  .9472099  .9263828         .         .
         |  1.190203  .3077427  .9116563  .2512481  .9155816  4.662231  .5346326  .2114181         0  .4630013  .2898976  .2236289  .2611642         .         .
         |         1         0         1         0         1         0         0         0         1         0         0         0         0         .         .
         |         5         1         5         1         5        27         2         1         1         1         1         1         1         .         .
---------+------------------------------------------------------------------------------------------------------------------------------------------------------
       9 |     17200     17200     17156     17156     10851     16077     16077     16077     17217      6789      6819      6986      6884         0         0
         |  2.668837  .8902326  1.564409  .9311611   1.57967  15.04373  1.741494  .0455309         1  .6458978  .9054114  .9312912  .9211214         .         .
         |  1.198185  .3126088  .9179015  .2531873  .9234216  4.597701  .5317518  .2084719         0  .4782756  .2926674  .2529765  .2695687         .         .
         |         1         0         1         0         1         0         0         0         1         0         0         0         0         .         .
         |         5         1         5         1         5        27         2         1         1         1         1         1         1         .         .
---------+------------------------------------------------------------------------------------------------------------------------------------------------------
      10 |     22019     22019     21969     21969     13886     20652     20652     20652     22034      7947      8042      8210      8128         0         0
         |   2.85072  .8355057  1.675907  .9080523  1.705747   14.9141    1.7454  .0392698  .9998638  .6660375  .8851032  .9406821  .9189222         .         .
         |  1.282942  .3707319  1.041484  .2889587  1.055932  4.427976  .5180072  .1942409  .0116679  .4716562  .3189172  .2362331  .2729713         .         .
         |         1         0         1         0         1         0         0         0         0         0         0         0         0         .         .
         |         5         1         5         1         5        27         2         1         1         1         1         1         1         .         .
---------+------------------------------------------------------------------------------------------------------------------------------------------------------
      11 |     20544     20544     20493     20493     12814     19407     19407     19407     20554      6739      6897      7254      7176         0         0
         |  2.853242   .835183  1.681403  .9069438  1.713048  14.80121  1.728655  .0452929  .9999513  .6451996  .8908221  .9276261  .9056577         .         .
         |  1.282752  .3710243  1.047451  .2905182  1.060412  4.504038  .5369523  .2079512  .0069751  .4784883  .3118849  .2591238  .2923246         .         .
         |         1         0         1         0         1         0         0         0         0         0         0         0         0         .         .
         |         5         1         5         1         5        27         2         1         1         1         1         1         1         .         .
---------+------------------------------------------------------------------------------------------------------------------------------------------------------
      12 |     18739     18739     18695     18695     11358     17698     17698     17698     18747      6555      6996      7311      7254      6915      6759
         |  2.861786  .8312076  1.690399  .9056432  1.731115  14.91948  1.730591   .047689  .9999467  .6286804  .8747856  .9261387  .8944031  .2835864    .50614
         |  1.289961  .3745784  1.054167  .2923323   1.07477   4.61185  .5405759  .2131134  .0073036  .4831946  .3309855  .2615629  .3073422  .4507711  .4999993
         |         1         0         1         0         1         0         0         0         0         0         0         0         0         0         0
         |         5         1         5         1         5        27         2         1         1         1         1         1         1         1         1
---------+------------------------------------------------------------------------------------------------------------------------------------------------------
      13 |     20903     20903     20845     20845     12244     19971     19971     19971     20912      5684      5984      6176      6145      5822      5698
         |   2.95881  .8014639  1.769489  .8847685  1.805047  14.97181  1.744329  .0411096  .9998087   .622273  .8668115  .9229275  .8898291  .2631398   .469463
         |   1.32499  .3989074  1.128634  .3193087   1.13945  4.492029  .5220499  .1985487  .0138293  .4848615  .3398067  .2667281  .3131281  .4403755  .4991104
         |         1         0         1         0         1         0         0         0         0         0         0         0         0         0         0
         |         5         1         5         1         5        27         2         1         1         1         1         1         1         1         1
---------+------------------------------------------------------------------------------------------------------------------------------------------------------
      14 |     17139     17139     17095     17095      9987     16483     16483     16483     17146      5002      5285      5543      5581      5330      5102
         |  2.953206  .8019721  1.776601  .8820123  1.820767  15.39459  1.769823  .0374325  .9999417  .6243503   .868685  .9263936  .8856836  .2538462  .4747158
         |   1.32752  .3985249   1.13296   .322603   1.14881  4.553419  .5020713  .1898249  .0076369  .4843386  .3377765  .2611528  .3182237  .4352515  .4994092
         |         1         0         1         0         1         0         0         0         0         0         0         0         0         0         0
         |         5         1         5         1         5        27         2         1         1         1         1         1         1         1         1
---------+------------------------------------------------------------------------------------------------------------------------------------------------------
      15 |     15718     15718     15676     15676      9097     15002     15002     15002     15723      4203      4495      4580      4556      4384      4120
         |  2.967362  .7960937   1.78987  .8792422  1.849951  15.49293  1.764898  .0390615         1  .6126576  .8789766  .9320961   .881475  .2456661  .4502427
         |  1.338071   .402913  1.144819   .325856   1.16589  4.708217  .5079066  .1937477         0  .4872009  .3261907  .2516084  .3232643  .4305305  .4975784
         |         1         0         1         0         1         0         0         0         1         0         0         0         0         0         0
         |         5         1         5         1         5        27         2         1         1         1         1         1         1         1         1
---------+------------------------------------------------------------------------------------------------------------------------------------------------------
      16 |     15375     15375     15333     15333      8166         0         0         0     15856      4005      4298      4352      4346      4137      3908
         |  3.057106  .7694309   2.03424  .8632362  2.032941         .         .         .  .9951438  .6064919  .8590042  .9264706  .8720663  .2293933  .4511259
         |   1.35895  .4212108  1.340897  .3436091   1.30617         .         .         .  .0695193  .4885889  .3480577  .2610335  .3340544  .4204935  .4976693
         |         1         0         1         0         1         .         .         .         0         0         0         0         0         0         0
         |         5         1         5         1         5         .         .         .         1         1         1         1         1         1         1
---------+------------------------------------------------------------------------------------------------------------------------------------------------------
   Total |    295478    295478    294797    294797    188093    230163    230163    230163    296197     54518     56267     58046     57609     26588     25587
         |  2.768091  .8592721  1.632873  .9207862  1.643134  15.16905  1.747496  .0434084  .5623656  .6427602   .883964  .9319505   .902602  .2584625  .4743034
         |  1.249212  .3477412  1.001953  .2700727  .9977159  4.633317  .5249414   .203775  .4960961  .4791907   .320271   .251833  .2965015  .4377977   .499349
         |         1         0         1         0         1         0         0         0         0         0         0         0         0         0         0
         |         5         1         5         1         5        27         2         1         1         1         1         1         1         1         1
----------------------------------------------------------------------------------------------------------------------------------------------------------------

    wave |  unders~p   rely_sp   open_sp  demand~p  critic~p  letdow~p  nerves~p  unders~c    rely_c    open_c  demand~c  critic~c  letdow~c  nerves_c  unders~l
---------+------------------------------------------------------------------------------------------------------------------------------------------------------
       1 |         0         0         0         0         0         0         0         0         0         0         0         0         0         0         0
         |         .         .         .         .         .         .         .         .         .         .         .         .         .         .         .
         |         .         .         .         .         .         .         .         .         .         .         .         .         .         .         .
         |         .         .         .         .         .         .         .         .         .         .         .         .         .         .         .
         |         .         .         .         .         .         .         .         .         .         .         .         .         .         .         .
---------+------------------------------------------------------------------------------------------------------------------------------------------------------
       2 |         0         0         0         0         0         0         0         0         0         0         0         0         0         0         0
         |         .         .         .         .         .         .         .         .         .         .         .         .         .         .         .
         |         .         .         .         .         .         .         .         .         .         .         .         .         .         .         .
         |         .         .         .         .         .         .         .         .         .         .         .         .         .         .         .
         |         .         .         .         .         .         .         .         .         .         .         .         .         .         .         .
---------+------------------------------------------------------------------------------------------------------------------------------------------------------
       3 |         0         0         0         0         0         0         0         0         0         0         0         0         0         0         0
         |         .         .         .         .         .         .         .         .         .         .         .         .         .         .         .
         |         .         .         .         .         .         .         .         .         .         .         .         .         .         .         .
         |         .         .         .         .         .         .         .         .         .         .         .         .         .         .         .
         |         .         .         .         .         .         .         .         .         .         .         .         .         .         .         .
---------+------------------------------------------------------------------------------------------------------------------------------------------------------
       4 |         0         0         0         0         0         0         0         0         0         0         0         0         0         0         0
         |         .         .         .         .         .         .         .         .         .         .         .         .         .         .         .
         |         .         .         .         .         .         .         .         .         .         .         .         .         .         .         .
         |         .         .         .         .         .         .         .         .         .         .         .         .         .         .         .
         |         .         .         .         .         .         .         .         .         .         .         .         .         .         .         .
---------+------------------------------------------------------------------------------------------------------------------------------------------------------
       5 |         0         0         0         0         0         0         0         0         0         0         0         0         0         0         0
         |         .         .         .         .         .         .         .         .         .         .         .         .         .         .         .
         |         .         .         .         .         .         .         .         .         .         .         .         .         .         .         .
         |         .         .         .         .         .         .         .         .         .         .         .         .         .         .         .
         |         .         .         .         .         .         .         .         .         .         .         .         .         .         .         .
---------+------------------------------------------------------------------------------------------------------------------------------------------------------
       6 |         0         0         0         0         0         0         0         0         0         0         0         0         0         0         0
         |         .         .         .         .         .         .         .         .         .         .         .         .         .         .         .
         |         .         .         .         .         .         .         .         .         .         .         .         .         .         .         .
         |         .         .         .         .         .         .         .         .         .         .         .         .         .         .         .
         |         .         .         .         .         .         .         .         .         .         .         .         .         .         .         .
---------+------------------------------------------------------------------------------------------------------------------------------------------------------
       7 |         0         0         0         0         0         0         0         0         0         0         0         0         0         0         0
         |         .         .         .         .         .         .         .         .         .         .         .         .         .         .         .
         |         .         .         .         .         .         .         .         .         .         .         .         .         .         .         .
         |         .         .         .         .         .         .         .         .         .         .         .         .         .         .         .
         |         .         .         .         .         .         .         .         .         .         .         .         .         .         .         .
---------+------------------------------------------------------------------------------------------------------------------------------------------------------
       8 |      5380      5380      5379      5368      5372      5363      5367      6926      6932      6926      6914      6891      6905      6909      7232
         |  3.294981  3.705576  3.373304  2.081036  2.121742  1.689539   2.07602  3.198527  3.446769  3.127202  1.772491  1.684516  1.676756  1.779852  2.839878
         |  .7911559  .6670801  .8145669  .8963156   .883703  .8609047  .8180529  .7971089  .8385253  .8896464   .879811  .7800244  .8376738   .807119  .9033335
         |         1         1         1         1         1         1         1         1         1         1         1         1         1         1         1
         |         4         4         4         4         4         4         4         4         4         4         4         4         4         4         4
---------+------------------------------------------------------------------------------------------------------------------------------------------------------
       9 |      4653      4664      4651      4648      4634      4650      4652      6328      6332      6319      6309      6277      6308      6310      6530
         |  3.265205  3.687822  3.372608  2.043244  2.087613  1.663441  2.079536  3.185525  3.477732  3.138946  1.686321  1.664489  1.670419  1.755468  2.860796
         |  .8237574  .6976367  .8377222  .9201271  .9033154  .8659676  .8464798  .8188349     .8268  .9177996  .8630208  .8091863  .8478515  .8174362  .9143488
         |         1         1         1         1         1         1         1         1         1         1         1         1         1         1         1
         |         4         4         4         4         4         4         4         4         4         4         4         4         4         4         4
---------+------------------------------------------------------------------------------------------------------------------------------------------------------
      10 |      5648      5650      5644      5637      5629      5629      5639      7320      7331      7320      7320      7295      7311      7322      7792
         |  3.293024       3.7  3.394401  2.028206  2.051341  1.659087  2.053024  3.170902   3.41345  3.098634   1.76612  1.684716  1.697032  1.785851  2.850616
         |  .8196763  .6883318  .8387715  .9215613  .8967843  .8592061  .8420007   .822986  .8669963  .9099942  .9019114  .8038199  .8506797  .8242843  .9083334
         |         1         1         1         1         1         1         1         1         1         1         1         1         1         1         1
         |         4         4         4         4         4         4         4         4         4         4         4         4         4         4         4
---------+------------------------------------------------------------------------------------------------------------------------------------------------------
      11 |      4888      4895      4896      4870      4864      4875      4881      6546      6538      6534      6537      6505      6519      6536      6859
         |  3.287439  3.702758  3.389297  2.054004  2.077919  1.676308  2.076214  3.173541  3.426736   3.12611   1.73933  1.675634  1.682006  1.774633  2.861642
         |  .8151357  .6684117  .8238031  .9143655  .8929394  .8576592  .8424749  .8253857  .8518359   .924196  .8881632  .8081294  .8563428  .8291766  .9106878
         |         1         1         1         1         1         1         1         1         1         1         1         1         1         1         1
         |         4         4         4         4         4         4         4         4         4         4         4         4         4         4         4
---------+------------------------------------------------------------------------------------------------------------------------------------------------------
      12 |      5027      5003      4993      4986      4977      4979      4986      6555      6563      6559      6555      6553      6619      6584      6945
         |  3.267157  3.684589   3.38554  2.015443  2.030942  1.677646  2.054352  3.170252  3.424044  3.132642  1.698246  1.667175  1.703883  1.744988  2.840605
         |  .8251672  .6880894   .833594  .9006641  .8829434  .8646467  .8367524  .8326565  .8587259  .9081483  .8808416  .8119142  .8549723   .799213  .9175822
         |         1         1         1         1         1         1         1         1         1         1         1         1         1         1         1
         |         4         4         4         4         4         4         4         4         4         4         4         4         4         4         4
---------+------------------------------------------------------------------------------------------------------------------------------------------------------
      13 |      4182      4162      4160      4156      4152      4145      4157      5464      5469      5462      5455      5454      5525      5500      5868
         |   3.30703  3.692215  3.410817  2.036092   2.03396  1.689747  2.078903  3.168192  3.407021  3.135298  1.733639  1.671067  1.755656     1.786  2.815269
         |  .7990926  .6808267  .8150592  .9272692  .8924604  .8788888  .8428091  .8342863  .8606205  .9244501  .8810827  .8176817  .8775641  .8221699  .9222134
         |         1         1         1         1         1         1         1         1         1         1         1         1         1         1         1
         |         4         4         4         4         4         4         4         4         4         4         4         4         4         4         4
---------+------------------------------------------------------------------------------------------------------------------------------------------------------
      14 |      3784      3772      3769      3761      3750      3753      3765      4690      4699      4688      4695      4678      4965      4939      5329
         |  3.286998  3.685843  3.398514  2.006381  2.006667  1.664002  2.063479  3.164819  3.407108  3.087244  1.679233  1.652629  1.699899  1.741851  2.859636
         |  .8300337  .6833094  .8318615  .9091507  .8874865  .8463056  .8320475  .8198324  .8643897  .9324665  .8633677  .7998988  .8571228  .8034781  .9205495
         |         1         1         1         1         1         1         1         1         1         1         1         1         1         1         1
         |         4         4         4         4         4         4         4         4         4         4         4         4         4         4         4
---------+------------------------------------------------------------------------------------------------------------------------------------------------------
      15 |      3003      2998      2997      2989      2985      2987      2986      4035      4036      4033      4035      4028      4102      4083      4366
         |  3.318015  3.702135  3.409409  1.970893  1.967504  1.615333  2.074682  3.219331  3.481665  3.166873   1.60917  1.617925  1.618966  1.701445  2.904031
         |  .8140373  .6753702  .8313481  .9067034  .8817193  .8279725  .8352265    .81491  .8317795  .9001067  .8335225   .789644  .8253253  .7771008  .9107716
         |         1         1         1         1         1         1         1         1         1         1         1         1         1         1         1
         |         4         4         4         4         4         4         4         4         4         4         4         4         4         4         4
---------+------------------------------------------------------------------------------------------------------------------------------------------------------
      16 |      2854      2843      2836      2837      2834      2836      2838      3772      3776      3773      3770      3767      3811      3801      4153
         |  3.289418  3.683433  3.377645  1.949242  1.995413  1.631876  2.078224  3.199099  3.421345  3.129075  1.617507   1.65596  1.638153  1.714549   2.86588
         |  .8332682  .7046367  .8595439  .9038179  .8830163  .8432068  .8489422  .8315378  .8495639  .9193542  .8417415  .8186818  .8418223  .7929435   .916596
         |         1         1         1         1         1         1         1         1         1         1         1         1         1         1         1
         |         4         4         4         4         4         4         4         4         4         4         4         4         4         4         4
---------+------------------------------------------------------------------------------------------------------------------------------------------------------
   Total |     39419     39367     39325     39252     39197     39217     39271     51636     51676     51614     51590     51448     52065     51984     55074
         |  3.288566   3.69449  3.389243  2.027464  2.049443  1.666675  2.069568  3.181656   3.43347  3.125605  1.710719   1.66714  1.686142  1.758772  2.853016
         |  .8159354  .6830154  .8306821  .9120504  .8910747  .8583175  .8377997  .8216126   .850786   .913506  .8760289  .8041765     .8514   .810937  .9135171
         |         1         1         1         1         1         1         1         1         1         1         1         1         1         1         1
         |         4         4         4         4         4         4         4         4         4         4         4         4         4         4         4
----------------------------------------------------------------------------------------------------------------------------------------------------------------

    wave |  rely_rel  open_rel  demand~l  critic~l  letdow~l  nerves~l  unders~i  rely_fri  open_fri  demand~i  critic~i  letdow~i  nerves~i  close_sp   close_c
---------+------------------------------------------------------------------------------------------------------------------------------------------------------
       1 |         0         0         0         0         0         0         0         0         0         0         0         0         0         0         0
         |         .         .         .         .         .         .         .         .         .         .         .         .         .         .         .
         |         .         .         .         .         .         .         .         .         .         .         .         .         .         .         .
         |         .         .         .         .         .         .         .         .         .         .         .         .         .         .         .
         |         .         .         .         .         .         .         .         .         .         .         .         .         .         .         .
---------+------------------------------------------------------------------------------------------------------------------------------------------------------
       2 |         0         0         0         0         0         0         0         0         0         0         0         0         0         0         0
         |         .         .         .         .         .         .         .         .         .         .         .         .         .         .         .
         |         .         .         .         .         .         .         .         .         .         .         .         .         .         .         .
         |         .         .         .         .         .         .         .         .         .         .         .         .         .         .         .
         |         .         .         .         .         .         .         .         .         .         .         .         .         .         .         .
---------+------------------------------------------------------------------------------------------------------------------------------------------------------
       3 |         0         0         0         0         0         0         0         0         0         0         0         0         0         0         0
         |         .         .         .         .         .         .         .         .         .         .         .         .         .         .         .
         |         .         .         .         .         .         .         .         .         .         .         .         .         .         .         .
         |         .         .         .         .         .         .         .         .         .         .         .         .         .         .         .
         |         .         .         .         .         .         .         .         .         .         .         .         .         .         .         .
---------+------------------------------------------------------------------------------------------------------------------------------------------------------
       4 |         0         0         0         0         0         0         0         0         0         0         0         0         0         0         0
         |         .         .         .         .         .         .         .         .         .         .         .         .         .         .         .
         |         .         .         .         .         .         .         .         .         .         .         .         .         .         .         .
         |         .         .         .         .         .         .         .         .         .         .         .         .         .         .         .
         |         .         .         .         .         .         .         .         .         .         .         .         .         .         .         .
---------+------------------------------------------------------------------------------------------------------------------------------------------------------
       5 |         0         0         0         0         0         0         0         0         0         0         0         0         0         0         0
         |         .         .         .         .         .         .         .         .         .         .         .         .         .         .         .
         |         .         .         .         .         .         .         .         .         .         .         .         .         .         .         .
         |         .         .         .         .         .         .         .         .         .         .         .         .         .         .         .
         |         .         .         .         .         .         .         .         .         .         .         .         .         .         .         .
---------+------------------------------------------------------------------------------------------------------------------------------------------------------
       6 |         0         0         0         0         0         0         0         0         0         0         0         0         0         0         0
         |         .         .         .         .         .         .         .         .         .         .         .         .         .         .         .
         |         .         .         .         .         .         .         .         .         .         .         .         .         .         .         .
         |         .         .         .         .         .         .         .         .         .         .         .         .         .         .         .
         |         .         .         .         .         .         .         .         .         .         .         .         .         .         .         .
---------+------------------------------------------------------------------------------------------------------------------------------------------------------
       7 |         0         0         0         0         0         0         0         0         0         0         0         0         0         0         0
         |         .         .         .         .         .         .         .         .         .         .         .         .         .         .         .
         |         .         .         .         .         .         .         .         .         .         .         .         .         .         .         .
         |         .         .         .         .         .         .         .         .         .         .         .         .         .         .         .
         |         .         .         .         .         .         .         .         .         .         .         .         .         .         .         .
---------+------------------------------------------------------------------------------------------------------------------------------------------------------
       8 |      7228      7216      7204      7150      7159      7194      7059      7056      7047      7044      6969      7014      7040      5343      6911
         |   3.00927  2.794346  1.468906  1.583077  1.600223  1.737003  3.072957  3.081066   2.97687  1.351789  1.400488   1.45452  1.541903  3.460977  2.530603
         |  1.022399  1.006067  .7435254   .781854  .8364295  .8235389  .7914809  .8787297  .9006282  .6334725  .6313243  .7000633  .6790388  .7324144  1.685268
         |         1         1         1         1         1         1         1         1         1         1         1         1         1         1         0
         |         4         4         4         4         4         4         4         4         4         4         4         4         4         4        10
---------+------------------------------------------------------------------------------------------------------------------------------------------------------
       9 |      6525      6517      6498      6446      6479      6498      6422      6425      6413      6421      6343      6398      6406      4630      6308
         |  3.013793  2.806046  1.430286  1.560968  1.580954  1.723146  3.075522  3.087004   2.99158  1.318953  1.368911  1.440763  1.533562  3.473218  2.598922
         |  1.041649  1.027166  .7397048  .7948183  .8473566  .8426213  .8045552  .8797894  .9140841  .6165909  .6213825  .6847052  .6802998  .7526405  1.769734
         |         1         1         1         1         1         1         1         1         1         1         1         1         1         1         0
         |         4         4         4         4         4         4         4         4         4         4         4         4         4         4        10
---------+------------------------------------------------------------------------------------------------------------------------------------------------------
      10 |      7807      7802      7775      7716      7732      7763      7598      7603      7593      7584      7504      7548      7573      5625      7302
         |  3.012169  2.825045  1.466495  1.586573  1.601138  1.764266  3.068702  3.082467  2.993152  1.338871  1.391924  1.474563  1.544434  3.475733  2.434538
         |  1.027538  1.020253  .7561617  .8030377  .8474291  .8562341  .8124134  .8785267  .9161101   .620446  .6230234  .7161019  .6769835  .7466065   1.56011
         |         1         1         1         1         1         1         1         1         1         1         1         1         1         1         0
         |         4         4         4         4         4         4         4         4         4         4         4         4         4         4        10
---------+------------------------------------------------------------------------------------------------------------------------------------------------------
      11 |      6855      6845      6846      6806      6802      6844      6637      6633      6615      6614      6585      6608      6622      4845      6512
         |  3.030197  2.848356  1.464067  1.588892  1.602617  1.748393  3.095374  3.103121  3.031141  1.343363  1.396507  1.472458  1.545304  3.453044  2.461302
         |  1.017124  1.021724   .763164  .8035301  .8504454  .8516029  .8027819  .8741242   .909878  .6317407  .6307867  .7147167  .6951956  .7660433  1.686733
         |         1         1         1         1         1         1         1         1         1         1         1         1         1         1         0
         |         4         4         4         4         4         4         4         4         4         4         4         4         4         4        10
---------+------------------------------------------------------------------------------------------------------------------------------------------------------
      12 |      6958      6950      6954      6913      6918      6956      6698      6700      6695      6695      6660      6664      6690      4955      6563
         |  2.991808  2.811799   1.43342    1.5494  1.570541  1.712622  3.055091  3.069851  2.974907  1.316804  1.363063  1.440276  1.523169  3.442583  2.436995
         |  1.021863  1.019018  .7355368  .7906957  .8238771  .8238476   .804522  .8799664  .9029534  .6021398  .6107749  .6936852  .6780091  .7735555   1.62373
         |         1         1         1         1         1         1         1         1         1         1         1         1         1         1         0
         |         4         4         4         4         4         4         4         4         4         4         4         4         4         4        10
---------+------------------------------------------------------------------------------------------------------------------------------------------------------
      13 |      5865      5868      5861      5838      5837      5855      5645      5631      5635      5638      5601      5622      5630      4138      5466
         |  3.004433  2.831118  1.467838  1.605173  1.638342  1.777455  3.081311  3.088972  3.036025  1.319262  1.402607  1.473853  1.550089  3.449976  2.397183
         |  1.030726  1.019299  .7773662  .8172925  .8825413   .868834  .8131274  .8694974  .9023779   .614318  .6496045  .7273419  .6963314   .767692  1.605384
         |         1         1         1         1         1         1         1         1         1         1         1         1         1         1         0
         |         4         4         4         4         4         4         4         4         4         4         4         4         4         4        10
---------+------------------------------------------------------------------------------------------------------------------------------------------------------
      14 |      5323      5313      5308      5292      5296      5320      5072      5070      5063      5063      5027      5054      5062      3768      4939
         |  3.033064  2.834933    1.4578  1.591837  1.606684   1.76485  3.066838  3.092702  3.011851  1.322141  1.385916  1.457064    1.5403  3.476115  2.342984
         |  1.010856  1.009018  .7577931  .8138342    .85973  .8493195  .8108831  .8733613  .8915168  .6129106  .6250066  .7062222  .6781192   .753692  1.537764
         |         1         1         1         1         1         1         1         1         1         1         1         1         1         1         0
         |         4         4         4         4         4         4         4         4         4         4         4         4         4         4        10
---------+------------------------------------------------------------------------------------------------------------------------------------------------------
      15 |      4360      4362      4361      4346      4346      4359      4116      4114      4113      4111      4091      4103      4108      2977      4071
         |  3.075459  2.874828  1.402431  1.553843  1.568799  1.722872  3.132167  3.154351  3.077802  1.274143  1.337815  1.401657   1.49148  3.507222  2.341194
         |  1.016741  1.009432  .7248433  .7862309  .8471069  .8361977  .7930594  .8533322   .878447  .5782012  .5960629  .6661102  .6628883  .7309624  1.498327
         |         1         1         1         1         1         1         1         1         1         1         1         1         1         1         0
         |         4         4         4         4         4         4         4         4         4         4         4         4         4         4        10
---------+------------------------------------------------------------------------------------------------------------------------------------------------------
      16 |      4148      4147      4142      4122      4138      4145      3904      3906      3903      3900      3891      3896      3902      2815      3796
         |  3.028447    2.8517  1.435297  1.587821  1.586999  1.765501  3.108094    3.1234  3.064053   1.30641  1.371627  1.428901  1.533829  3.483126  2.281876
         |  1.018593  1.013631  .7449678  .8164037  .8514488  .8693719  .7907329  .8662872  .8887339  .5968284    .63623  .7003219  .6951391  .7533268  1.451762
         |         1         1         1         1         1         1         1         1         1         1         1         1         1         1         0
         |         4         4         4         4         4         4         4         4         4         4         4         4         4         4        10
---------+------------------------------------------------------------------------------------------------------------------------------------------------------
   Total |     55069     55020     54949     54629     54707     54934     53151     53138     53077     53070     52671     52907     53033     39096     51868
         |  3.019085  2.827554  1.449908  1.578667   1.59581  1.745586  3.080676  3.094057  3.011342  1.324873   1.38207  1.452473  1.535534  3.466646  2.439847
         |  1.023893  1.016895  .7502805  .8002661  .8488969  .8461063  .8035676   .874278  .9032349  .6149057  .6256226   .702847  .6826471   .753667  1.620961
         |         1         1         1         1         1         1         1         1         1         1         1         1         1         1         0
         |         4         4         4         4         4         4         4         4         4         4         4         4         4         4        10
----------------------------------------------------------------------------------------------------------------------------------------------------------------

    wave |  close_~l  close_~i  meetup_c   phone_c   email_c  social~c  meetup~l  phone_~l  email_~l  social~l  meetup~i  phone_~i  email_~i  social~i  enjoy_sp
---------+------------------------------------------------------------------------------------------------------------------------------------------------------
       1 |         0         0         0         0         0         0         0         0         0         0         0         0         0         0         0
         |         .         .         .         .         .         .         .         .         .         .         .         .         .         .         .
         |         .         .         .         .         .         .         .         .         .         .         .         .         .         .         .
         |         .         .         .         .         .         .         .         .         .         .         .         .         .         .         .
         |         .         .         .         .         .         .         .         .         .         .         .         .         .         .         .
---------+------------------------------------------------------------------------------------------------------------------------------------------------------
       2 |         0         0         0         0         0         0         0         0         0         0         0         0         0         0         0
         |         .         .         .         .         .         .         .         .         .         .         .         .         .         .         .
         |         .         .         .         .         .         .         .         .         .         .         .         .         .         .         .
         |         .         .         .         .         .         .         .         .         .         .         .         .         .         .         .
         |         .         .         .         .         .         .         .         .         .         .         .         .         .         .         .
---------+------------------------------------------------------------------------------------------------------------------------------------------------------
       3 |         0         0         0         0         0         0         0         0         0         0         0         0         0         0         0
         |         .         .         .         .         .         .         .         .         .         .         .         .         .         .         .
         |         .         .         .         .         .         .         .         .         .         .         .         .         .         .         .
         |         .         .         .         .         .         .         .         .         .         .         .         .         .         .         .
         |         .         .         .         .         .         .         .         .         .         .         .         .         .         .         .
---------+------------------------------------------------------------------------------------------------------------------------------------------------------
       4 |         0         0         0         0         0         0         0         0         0         0         0         0         0         0         0
         |         .         .         .         .         .         .         .         .         .         .         .         .         .         .         .
         |         .         .         .         .         .         .         .         .         .         .         .         .         .         .         .
         |         .         .         .         .         .         .         .         .         .         .         .         .         .         .         .
         |         .         .         .         .         .         .         .         .         .         .         .         .         .         .         .
---------+------------------------------------------------------------------------------------------------------------------------------------------------------
       5 |         0         0         0         0         0         0         0         0         0         0         0         0         0         0         0
         |         .         .         .         .         .         .         .         .         .         .         .         .         .         .         .
         |         .         .         .         .         .         .         .         .         .         .         .         .         .         .         .
         |         .         .         .         .         .         .         .         .         .         .         .         .         .         .         .
         |         .         .         .         .         .         .         .         .         .         .         .         .         .         .         .
---------+------------------------------------------------------------------------------------------------------------------------------------------------------
       6 |         0         0         0         0         0         0         0         0         0         0         0         0         0         0         0
         |         .         .         .         .         .         .         .         .         .         .         .         .         .         .         .
         |         .         .         .         .         .         .         .         .         .         .         .         .         .         .         .
         |         .         .         .         .         .         .         .         .         .         .         .         .         .         .         .
         |         .         .         .         .         .         .         .         .         .         .         .         .         .         .         .
---------+------------------------------------------------------------------------------------------------------------------------------------------------------
       7 |         0         0         0         0         0         0         0         0         0         0         0         0         0         0         0
         |         .         .         .         .         .         .         .         .         .         .         .         .         .         .         .
         |         .         .         .         .         .         .         .         .         .         .         .         .         .         .         .
         |         .         .         .         .         .         .         .         .         .         .         .         .         .         .         .
         |         .         .         .         .         .         .         .         .         .         .         .         .         .         .         .
---------+------------------------------------------------------------------------------------------------------------------------------------------------------
       8 |      7104      6919      6733      6780      6200         0      7130      7180      6633         0      7004      7017      6418         0         0
         |  3.627675  4.277063  4.058815  5.102212  2.569839         .  3.366199  4.367549  2.246646         .   4.18775  4.513467  2.374883         .         .
         |  4.000531  4.191703  1.448292  1.074601  1.728543         .  1.516397  1.336692  1.549957         .  1.316321  1.253784  1.714554         .         .
         |         0         0         1         1         1         .         1         1         1         .         1         1         1         .         .
         |        24        25         6         6         6         .         6         6         6         .         6         6         6         .         .
---------+------------------------------------------------------------------------------------------------------------------------------------------------------
       9 |      6443      6335      6167      6239      5908         0      6422      6484      6179         0      6397      6444      6044         0         0
         |  3.720627  4.291397  4.019296  5.095368  2.700068         .  3.304578  4.368137   2.33274         .  4.134282   4.51257  2.530443         .         .
         |  4.046553  4.185283  1.479271  1.117945  1.801591         .  1.545865  1.357463  1.599909         .  1.350055  1.270859  1.795125         .         .
         |         0         0         1         1         1         .         1         1         1         .         1         1         1         .         .
         |        24        25         6         6         6         .         6         6         6         .         6         6         6         .         .
---------+------------------------------------------------------------------------------------------------------------------------------------------------------
      10 |      7667      7484      7043      7134      6778         0      7728      7791      7447         0      7584      7611      7263         0         0
         |   3.58954  4.136959  3.968195  5.067143  2.847153         .  3.302924  4.411115   2.50235         .  4.090981  4.512548  2.734132         .         .
         |  3.767321  3.982432  1.495087  1.181119  1.854357         .  1.509894  1.360086  1.688616         .  1.346929  1.268208  1.848638         .         .
         |         0         0         1         1         1         .         1         1         1         .         1         1         1         .         .
         |        24        25         6         6         6         .         6         6         6         .         6         6         6         .         .
---------+------------------------------------------------------------------------------------------------------------------------------------------------------
      11 |      6771      6529      6333      6412      6210         0      6784      6840      6671         0      6613      6641      6466         0         0
         |  3.727662  4.194823  3.951208   5.03665  2.904992         .  3.286999   4.40117  2.497527         .  4.058975  4.517844  2.770182         .         .
         |  4.023597  4.019335  1.506981  1.197694  1.891481         .  1.530476  1.363317  1.676887         .  1.379403  1.273699  1.863497         .         .
         |         0         0         1         1         1         .         1         1         1         .         1         1         1         .         .
         |        24        25         6         6         6         .         6         6         6         .         6         6         6         .         .
---------+------------------------------------------------------------------------------------------------------------------------------------------------------
      12 |      6830      6623      6435      6470      6310      6295      6891      6938      6791      6782      6685      6710      6527      6552      4976
         |  3.618448  4.285067  3.822067  4.986553  2.917116  2.414456  3.220432  4.374604   2.44559   1.97803  4.032461   4.46155  2.665237  2.054487  2.952572
         |  3.913991  4.207287  1.498692   1.18212  1.878192  1.888271  1.507993  1.384827   1.65783   1.62044  1.341794  1.286363  1.796818  1.717561  .8056094
         |         0         0         1         1         1         1         1         1         1         1         1         1         1         1         1
         |        24        25         6         6         6         6         6         6         6         6         6         6         6         6         4
---------+------------------------------------------------------------------------------------------------------------------------------------------------------
      13 |      5771      5591      5281      5349      5217      5238      5808      5846      5754      5755      5624      5649      5542      5552      4112
         |  3.682204  4.076194  3.816323  4.945223  3.042937  2.837152  3.220386   4.34947   2.58203  2.430061  3.983108  4.449814  2.810718  2.570245  2.975681
         |  3.925457  3.913866  1.478753  1.261666  1.913204  2.020994  1.502303  1.396012  1.700594  1.840749   1.33819  1.250922  1.831291  1.937717  .7896755
         |         0         0         1         1         1         1         1         1         1         1         1         1         1         1         1
         |        24        25         6         6         6         6         6         6         6         6         6         6         6         6         4
---------+------------------------------------------------------------------------------------------------------------------------------------------------------
      14 |      5264      5010      4777      4818      4726      4735      5263      5286      5206      5221      5041      5057      4948      4982      3750
         |  3.411664  4.053693  3.815575   4.90743   3.12463  2.972967  3.158465  4.312334  2.623319  2.500862  3.964491  4.393909  2.840946  2.632678  2.969867
         |  3.540996  3.901578  1.500176  1.256142  1.931175  2.025427  1.498374  1.405984  1.721555  1.840958  1.387204  1.320431  1.828166  1.924274  .8023696
         |         0         0         1         1         1         1         1         1         1         1         1         1         1         1         1
         |        24        25         6         6         6         6         6         6         6         6         6         6         6         6         4
---------+------------------------------------------------------------------------------------------------------------------------------------------------------
      15 |      4338      4068      3945      3988      3934      3944      4327      4344      4303      4325      4064      4078      4024      4056      2992
         |  3.667358  4.102999   3.82839  4.985456  3.249873  3.256592  3.128495  4.390654   2.76621  2.787514  3.728839  4.465669  2.976889  2.910256  2.964572
         |  3.859147  3.879797  1.510345  1.215975  1.949748  2.029851  1.537372  1.385931   1.77754  1.898544  1.407863  1.280281  1.845031  1.963121  .7928645
         |         0         0         1         1         1         1         1         1         1         1         1         1         1         1         1
         |        24        25         6         6         6         6         6         6         6         6         6         6         6         6         4
---------+------------------------------------------------------------------------------------------------------------------------------------------------------
      16 |      4115      3849      3679      3701      3639      3665      4107      4122      4083      4100      3878      3875      3827      3852      2824
         |       3.4  3.987529  3.738516  4.927047  3.152789  3.146248  3.097638  4.376759  2.706098  2.687073  3.869778  4.399484  2.920042  2.811786  2.997167
         |  3.607694  3.859116  1.484234  1.240783  1.955037  2.014793  1.505134  1.407841  1.763679  1.868807   1.37662  1.308366   1.82976  1.948742  .8064514
         |         0         0         1         1         1         1         1         1         1         1         1         1         1         1         1
         |        24        25         6         6         6         6         6         6         6         6         6         6         6         6         4
---------+------------------------------------------------------------------------------------------------------------------------------------------------------
   Total |     54303     52408     50393     50891     48922     23877     54460     54831     53067     26183     52890     53082     51059     24994     18654
         |  3.615399  4.171997  3.907666  5.016663  2.913413  2.869372  3.246878  4.374168  2.500349  2.426384  4.030062  4.477054  2.712352   2.53989  2.969819
         |  3.876074  4.038662  1.491558  1.187393  1.880624   2.01148  1.519357    1.3745  1.681072   1.82424  1.362005  1.277426   1.82389  1.911254  .7996008
         |         0         0         1         1         1         1         1         1         1         1         1         1         1         1         1
         |        24        25         6         6         6         6         6         6         6         6         6         6         6         6         4
----------------------------------------------------------------------------------------------------------------------------------------------------------------

    wave |  dothin~p  income_w  wealth_w
---------+------------------------------
       1 |         0     12651     12651
         |         .  47.12655  212.5156
         |         .  46.05712  407.2151
         |         .         0    -34.95
         |         .  405.0074      4016
---------+------------------------------
       2 |         0     19641     19641
         |         .  40.01879  209.8067
         |         .   48.4486  370.3954
         |         .         0    -34.95
         |         .  405.0074      4016
---------+------------------------------
       3 |         0     17991     17991
         |         .  44.52421  259.7734
         |         .  52.39716  463.0601
         |         .         0    -34.95
         |         .  405.0074      4016
---------+------------------------------
       4 |         0     21384     21384
         |         .  48.28951  287.8565
         |         .   55.7688   508.491
         |         .         0    -34.95
         |         .  405.0074      4016
---------+------------------------------
       5 |         0     19578     19578
         |         .  50.15676  326.7912
         |         .  57.45421  558.0481
         |         .         0    -34.95
         |         .  405.0074      4016
---------+------------------------------
       6 |         0     18165     18165
         |         .  50.29805  348.6798
         |         .   57.8585  568.4501
         |         .         0    -34.95
         |         .  405.0074      4016
---------+------------------------------
       7 |         0     20129     20129
         |         .  56.83307  383.0195
         |         .  64.95522  630.9234
         |         .         0    -34.95
         |         .  405.0074      4016
---------+------------------------------
       8 |         0     18469     18469
         |         .  57.30849  449.5908
         |         .  64.23676  700.1419
         |         .         0    -34.95
         |         .  405.0074      4016
---------+------------------------------
       9 |         0     17217     17217
         |         .  59.98812   456.392
         |         .  66.97016  718.8534
         |         .         0    -34.95
         |         .  405.0074      4016
---------+------------------------------
      10 |         0     22034     22034
         |         .  60.35674  364.9993
         |         .  66.75393   644.062
         |         .         0    -34.95
         |         .  405.0074      4016
---------+------------------------------
      11 |         0     20554     20554
         |         .  61.42385  362.4146
         |         .  68.70014  638.0829
         |         .         0    -34.95
         |         .  405.0074      4016
---------+------------------------------
      12 |      4974     18747     18747
         |  2.271009  63.45735   396.561
         |  .6000669  70.24135  682.3116
         |         1         0    -34.95
         |         3  405.0074      4016
---------+------------------------------
      13 |      4113     20912     20912
         |  2.249453  68.51751  391.8607
         |  .5847572  76.99746  702.2749
         |         1         0    -34.95
         |         3  405.0074      4016
---------+------------------------------
      14 |      3742     17146     17146
         |  2.273116  69.61324  440.9817
         |  .5860527  78.72449  770.4893
         |         1         0    -34.95
         |         3  405.0074      4016
---------+------------------------------
      15 |      2971     15723     15723
         |  2.263548  71.76207   494.834
         |   .590224  78.58042   822.282
         |         1         0    -34.95
         |         3  405.0074      4016
---------+------------------------------
      16 |      2817     15856     15856
         |  2.264111    76.549  555.1823
         |  .5993313   85.0065  873.7082
         |         1         0    -34.95
         |         3  405.0074      4016
---------+------------------------------
   Total |     18617    296197    296197
         |  2.264436  57.72267  369.7061
         |  .5922243  66.54516  646.8699
         |         1         0    -34.95
         |         3  405.0074      4016
----------------------------------------

. 
. 
. *****************************************************************************
. // clean up and get descriptives 
. *****************************************************************************
. *Drop unneeded vars for 2026
. drop    rahhidpn cesd_mean cesd_nmiss income wealth lonely_cesd ///
>                 slbwgtr lbelig lbcomp slbelig slbcomp

. 
. *Sort key vars first
. order   wave year hhidpn hhid_cluster year wave age cohort woman ///
>                 race4cat race2 hispanic marstat marstatB educ degree ///
>                 educ5cat collegeB income_w wealth_w, first

. order   bornregion5 bornsouth bornUS sampleweight strstratum hsstratum wthh wtresp lbwgtr, last

. 
. * Descriptive table
. version 17: desctable year wave age i.cohort i.woman i.hispanic i.race4cat i.race2 educ  ///
>         i.degree i.educ5cat i.collegeB i.religion i.marstatB ///
>         income_w wealth_w nchild nlivpar nlivsib ///
>         nlivbro nlivsis i.livmom i.livdad i.srhealth i.srhealthB bmi ///
>         i.bmicat i.bmiB iadl i.iadlB i.smokecat i.smokeB i.everdrink ///
>         drinksday dayweekdrink drinksweek i.heavydrink i.bingedrink ///
>                 i.vigact3plus i.lightact3plus i.vigact_freq i.mdact_freq ///
>          i.ltact_freq i.vigact_weekly i.mdact_weekly i.ltact_weekly ///
>         cog i.cogcat i.cogB cesd i.cesd4B ///
>         i.hypertension i.diabetes i.cancer i.lungdz i.heartdz i.stroke i.psych ///
>         i.arthritis dzcount i.dboralmed i.dbinsulin i.dbstage hspnit ndoctor ///
>         nhospstay nnursstay nnursnit nmarry ndivorce nwidow i.eyesight ///
>         i.eyesightB i.hearing i.hearingB i.near_eyesight ///
>                 i.near_eyesightB i.far_eyesight i.far_eyesightB ///
>         i.cataract i.glaucoma i.hearaid i.sleepfall i.sleepfallB i.sleepwakn i.sleepwaknB ///
>         i.sleepwake i.sleepwakeB sleeptrouble lonely3 lonely11 posaffect negaffect ///
>         lifesat satfin satfam sathlth satleis big5neur big5ext ///
>         big5open big5agr big5con5 big5con10 chronicstress ///
>                 i.stress_health i.stress_famhlth i.stress_famdrug i.stress_work ///
>         i.stress_fin i.stress_house i.stress_reltn i.stress_assist i.sreligion ///
>         i.bornregion5 i.bornsouth i.bornUS ///
>                 , filename("HRS - SI 2026 descriptive statistics") ///
>                 stat(mean sd min max freq n)
Sample size reported at the top of the table is # of total observations in the data.


The sample size varies across variables in the table due to missing data.
296197 observations have some missing data on variables in the table.
 - Variables with missing data are:
    cohort hispanic race4cat race2 educ degree educ5cat collegeB religion marstatB nchild nlivpar nlivsib nlivbro nlivsis livmom livdad srhealth srhealthB bmi bmicat 
> bmiB iadl iadlB smokecat smokeB everdrink drinksday dayweekdrink drinksweek heavydrink bingedrink vigact3plus lightact3plus vigact_freq mdact_freq ltact_freq vigact
> _weekly mdact_weekly ltact_weekly cog cogcat cogB cesd cesd4B hypertension diabetes cancer lungdz heartdz psych arthritis dzcount dboralmed dbinsulin dbstage hspnit
>  ndoctor nhospstay nnursstay nnursnit nmarry eyesight eyesightB hearing hearingB near_eyesight near_eyesightB far_eyesight far_eyesightB cataract glaucoma hearaid s
> leepfall sleepfallB sleepwakn sleepwaknB sleepwake sleepwakeB sleeptrouble lonely3 lonely11 posaffect negaffect lifesat satfin satfam sathlth satleis big5neur big5e
> xt big5open big5agr big5con5 big5con10 chronicstress stress_health stress_famhlth stress_famdrug stress_work stress_fin stress_house stress_reltn stress_assist srel
> igion bornregion5 bornsouth bornUS 


Use the stat(n) option to show the # of non-missing obs for each variable.
Use the listwise option to exclude observations with any missing data.
......

Descriptive statistics table has been saved in the folder:
/Users/sigridren/Desktop/Purdue/Summer 2026 - MCAP/HRS data

.                 
. version 17

. desctable year wave ///
>                 i.(inlb livespouse anychild anyrelatives anyfriend livenear_rel livenear_fri ///
>                 understand_sp rely_sp open_sp demands_sp criticize_sp letdown_sp nerves_sp ///
>                 close_sp enjoy_sp dothingstogether_sp ///
>                 understand_c rely_c open_c demands_c criticize_c letdown_c nerves_c ///
>                 understand_rel rely_rel open_rel demands_rel criticize_rel letdown_rel nerves_rel ///
>                 understand_fri rely_fri open_fri demands_fri criticize_fri letdown_fri nerves_fri) ///
>                 c.(meetup_c phone_c email_c socialmedia_c close_c ///
>                 meetup_rel phone_rel email_rel socialmedia_rel close_rel ///
>                 meetup_fri phone_fri email_fri socialmedia_fri close_fri) ///
>                 , filename("HRS - SI 2026 descriptive statistics - social interaction variables") ///
>                 stat(mean sd min max freq n)
Sample size reported at the top of the table is # of total observations in the data.


The sample size varies across variables in the table due to missing data.
286358 observations have some missing data on variables in the table.
 - Variables with missing data are:
    livespouse anychild anyrelatives anyfriend livenear_rel livenear_fri understand_sp rely_sp open_sp demands_sp criticize_sp letdown_sp nerves_sp close_sp enjoy_sp 
> dothingstogether_sp understand_c rely_c open_c demands_c criticize_c letdown_c nerves_c understand_rel rely_rel open_rel demands_rel criticize_rel letdown_rel nerve
> s_rel understand_fri rely_fri open_fri demands_fri criticize_fri letdown_fri nerves_fri meetup_c phone_c email_c socialmedia_c close_c meetup_rel phone_rel email_re
> l socialmedia_rel close_rel meetup_fri phone_fri email_fri socialmedia_fri close_fri 


Use the stat(n) option to show the # of non-missing obs for each variable.
Use the listwise option to exclude observations with any missing data.
......

Descriptive statistics table has been saved in the folder:
/Users/sigridren/Desktop/Purdue/Summer 2026 - MCAP/HRS data

.                 
. **********************************************************************
. // Compress and save
. **********************************************************************  
. 
. compress
  variable wave was float now byte
  variable hhid_cluster was float now int
  variable age was float now int
  variable cohort was float now byte
  variable woman was float now byte
  variable race4cat was float now byte
  variable race2 was float now byte
  variable hispanic was float now byte
  variable marstat was float now byte
  variable marstatB was float now byte
  variable educ was float now byte
  variable degree was float now byte
  variable educ5cat was float now byte
  variable collegeB was float now byte
  variable srhealth was float now byte
  variable srhealthB was float now byte
  variable bmicat was float now byte
  variable bmiB was float now byte
  variable smokecat was float now byte
  variable smokeB was float now byte
  variable everdrink was float now byte
  variable drinksday was float now byte
  variable dayweekdrink was float now byte
  variable drinksweek was float now int
  variable heavydrink was float now byte
  variable bingedrink was float now byte
  variable vigact3plus was float now byte
  variable lightact3plus was float now byte
  variable vigact_freq was float now byte
  variable mdact_freq was float now byte
  variable ltact_freq was float now byte
  variable vigact_weekly was float now byte
  variable mdact_weekly was float now byte
  variable ltact_weekly was float now byte
  variable cesd was float now byte
  variable cesd4B was float now byte
  variable iadl was float now byte
  variable iadlB was float now byte
  variable hypertension was float now byte
  variable diabetes was float now byte
  variable cancer was float now byte
  variable lungdz was float now byte
  variable heartdz was float now byte
  variable stroke was float now byte
  variable psych was float now byte
  variable arthritis was float now byte
  variable dzcount was float now byte
  variable ndoctor was float now byte
  variable nhospstay was float now byte
  variable nnursstay was float now byte
  variable nnursnit was float now int
  variable nmarry was float now byte
  variable ndivorce was float now byte
  variable nwidow was float now byte
  variable eyesight was float now byte
  variable hearing was float now byte
  variable near_eyesight was float now byte
  variable far_eyesight was float now byte
  variable eyesightB was float now byte
  variable hearingB was float now byte
  variable near_eyesightB was float now byte
  variable far_eyesightB was float now byte
  variable cataract was float now byte
  variable glaucoma was float now byte
  variable hearaid was float now byte
  variable sleepfall was float now byte
  variable sleepfallB was float now byte
  variable sleepwakn was float now byte
  variable sleepwaknB was float now byte
  variable sleepwake was float now byte
  variable sleepwakeB was float now byte
  variable sleeptrouble was float now byte
  variable dboralmed was float now byte
  variable dbinsulin was float now byte
  variable dbdiagyr was float now int
  variable dbstage was float now byte
  variable livmom was float now byte
  variable livdad was float now byte
  variable nlivpar was float now byte
  variable nchild was float now byte
  variable nlivbro was float now byte
  variable nlivsis was float now byte
  variable nlivsib was float now byte
  variable chronicstress was float now byte
  variable satfin was float now byte
  variable satfam was float now byte
  variable sathlth was float now byte
  variable satleis was float now byte
  variable stress_health was float now byte
  variable stress_famhlth was float now byte
  variable stress_famdrug was float now byte
  variable stress_work was float now byte
  variable stress_fin was float now byte
  variable stress_house was float now byte
  variable stress_reltn was float now byte
  variable stress_assist was float now byte
  variable religion was float now byte
  variable religionB was float now byte
  variable sreligion was float now byte
  variable cog was float now byte
  variable cogcat was float now byte
  variable cogB was float now byte
  variable bornregion5 was float now byte
  variable bornsouth was float now byte
  variable bornUS was float now byte
  variable strstratum was float now byte
  variable hsstratum was float now byte
  variable wthh was float now int
  (94,190,646 bytes saved)

. label data "Health and Retirement Study 1992-2022 - Cleaned for MCAP SI"

. note: Health and Retirement Study 1992-2022: Cleaned for MCAP SI

. datasignature set, reset
  296197:181(116381):2112429335:2579788112       (data signature reset)

. saveold         "- Data/hrs_si.dta", version(12) replace
(saving in Stata 12 format, which can be read by Stata 11 or 12)
file - Data/hrs_si.dta saved

. 
. log close
      name:  <unnamed>
       log:  /Users/sigridren/Desktop/Purdue/Summer 2026 - MCAP/HRS data/HRS_SI_RAND-cleaning.log
  log type:  text
 closed on:   1 Jul 2026, 01:17:38
----------------------------------------------------------------------------------------------------------------------------------------------------------------------
